Date,open,high,low,close,Clean Open,Clean High,Clean Low,Clean Close,TR,ATR,Past High,Past Low,Signal,Trade Price,Stop Loss,Position,Cash,Stock Value,Trading Cost,Daily P&L,NAV,Daily Return,Drawdown,NAV Index,Close Index,Trade
41641,999.1368,1016.4858,999.1368,1016.4532,999.1368,1016.4858,999.1368,1016.4532,17.349000000000046,17.349000000000046,,,0,,,0,1000000,0.0,0.0,0.0,1000000.0,0.0,0.0,100.0,100.0,
41642,1013.657,1015.7665,1009.1565,1012.9818,1013.657,1015.7665,1009.1565,1012.9818,7.296699999999987,16.391638095238136,,,0,,,0,1000000,0.0,0.0,0.0,1000000.0,0.0,0.0,100.0,99.65847911148295,
41645,1010.0497,1010.0497,982.7247,982.8571,1010.0497,1010.0497,982.7247,982.8571,30.257100000000037,17.712158276644033,,,0,,,0,1000000,0.0,0.0,0.0,1000000.0,0.0,0.0,100.0,96.6947715841713,
41646,978.6413,990.7485,976.86,990.7485,978.6413,990.7485,976.86,990.7485,13.888500000000022,17.34800034553508,,,0,,,0,1000000,0.0,0.0,0.0,1000000.0,0.0,0.0,100.0,97.47113787432615,
41647,991.5784,999.9839,991.5194,996.4998,991.5784,999.9839,991.5194,996.4998,9.235399999999913,16.5753717411984,,,0,,,0,1000000,0.0,0.0,0.0,1000000.0,0.0,0.0,100.0,98.03695831741196,
41648,994.8334,999.3207,978.6782,978.6782,994.8334,999.3207,978.6782,978.6782,20.64250000000004,16.9627172896557,,,0,,,0,1000000,0.0,0.0,0.0,1000000.0,0.0,0.0,100.0,96.28364591699842,
41649,974.304,974.8093,960.0508,962.5876,974.304,974.8093,960.0508,962.5876,18.627399999999966,17.12125850016468,,,0,,,0,1000000,0.0,0.0,0.0,1000000.0,0.0,0.0,100.0,94.70063156867428,
41652,962.4205,970.219,958.9058,965.7477,962.4205,970.219,958.9058,965.7477,11.313200000000052,16.56811007157757,,,0,,,0,1000000,0.0,0.0,0.0,1000000.0,0.0,0.0,100.0,95.01152635458277,
41653,966.1326,985.8214,965.2165,985.8214,966.1326,985.8214,965.2165,985.8214,20.604900000000043,16.952566255236853,,,0,,,0,1000000,0.0,0.0,0.0,1000000.0,0.0,0.0,100.0,96.98640330907513,
41654,985.4427,994.3847,985.4427,994.3847,985.4427,994.3847,985.4427,994.3847,8.942000000000007,16.189655183309533,,,0,,,0,1000000,0.0,0.0,0.0,1000000.0,0.0,0.0,100.0,97.82887200315764,
41655,995.4273,1001.4721,993.2806,997.6576,995.4273,1001.4721,993.2806,997.6576,8.191499999999905,15.427926118232426,,,0,,,0,1000000,0.0,0.0,0.0,1000000.0,0.0,0.0,100.0,98.15086420112603,
41656,996.2735,999.1172,991.4061,992.9609,996.2735,999.1172,991.4061,992.9609,7.711099999999988,14.692990297448384,,,0,,,0,1000000,0.0,0.0,0.0,1000000.0,0.0,0.0,100.0,97.68879669029523,
41659,992.0007,994.379,981.4096,987.6858,992.0007,994.379,981.4096,987.6858,12.969400000000064,14.528838840548543,,,0,,,0,1000000,0.0,0.0,0.0,1000000.0,0.0,0.0,100.0,97.16982542826369,
41660,986.1229,1006.5081,986.1229,1006.5081,986.1229,1006.5081,986.1229,1006.5081,20.385200000000054,15.086587522401068,,,0,,,0,1000000,0.0,0.0,0.0,1000000.0,0.0,0.0,100.0,99.02158800818374,
41661,1006.6763,1024.532,1006.6763,1024.532,1006.6763,1024.532,1006.6763,1024.532,18.023899999999912,15.366331567886672,,,0,,,0,1000000,0.0,0.0,0.0,1000000.0,0.0,0.0,100.0,100.79480294813375,
41662,1023.81,1039.0224,1023.81,1036.0351,1023.81,1039.0224,1023.81,1036.0351,15.212400000000116,15.351671418564143,,,0,,,0,1000000,0.0,0.0,0.0,1000000.0,0.0,0.0,100.0,101.9264930249617,
41663,1035.5649,1050.2856,1035.5649,1046.762,1035.5649,1050.2856,1035.5649,1046.762,14.720699999999852,15.291578902510402,,,0,,,0,1000000,0.0,0.0,0.0,1000000.0,0.0,0.0,100.0,102.98181952695901,
41666,1042.815,1054.5289,1039.3804,1046.3768,1042.815,1054.5289,1039.3804,1046.3768,15.148500000000013,15.277952340366555,,,0,,,0,1000000,0.0,0.0,0.0,1000000.0,0.0,0.0,100.0,102.94392304535025,
41667,1045.8326,1050.2463,1032.7248,1042.8269,1045.8326,1050.2463,1032.7248,1042.8269,17.52150000000006,15.491623546045936,,,0,,,0,1000000,0.0,0.0,0.0,1000000.0,0.0,0.0,100.0,102.59467922379505,
41668,1043.704,1054.238,1043.704,1053.9155,1043.704,1054.238,1043.704,1053.9155,11.411100000000033,15.103002255946326,,,0,,,0,1000000,0.0,0.0,0.0,1000000.0,0.0,0.0,100.0,103.68559024655536,
41669,1052.952,1054.7038,1047.8081,1050.074,1052.952,1054.7038,1047.8081,1050.074,6.8957000000000335,14.32135442204668,,,0,,,0,1000000,0.0,0.0,0.0,1000000.0,0.0,0.0,100.0,103.3076584342496,
41677,1044.7664,1069.1567,1044.7664,1069.1567,1044.7664,1069.1567,1044.7664,1069.1567,24.390300000000025,15.280301619946998,,,0,,,0,1000000,0.0,0.0,0.0,1000000.0,0.0,0.0,100.0,105.18503950796752,
41680,1071.3709,1097.9512,1071.3709,1097.9512,1071.3709,1097.9512,1071.3709,1097.9512,28.79449999999997,16.567368132332994,,,0,,,0,1000000,0.0,0.0,0.0,1000000.0,0.0,0.0,100.0,108.01788021327494,
41681,1099.0419,1107.4099,1089.0021,1103.613,1099.0419,1107.4099,1089.0021,1103.613,18.40780000000018,16.742647357825106,,,0,,,0,1000000,0.0,0.0,0.0,1000000.0,0.0,0.0,100.0,108.57489552888417,
41682,1104.7545,1122.468,1101.0355,1122.468,1104.7545,1122.468,1101.0355,1122.468,21.43250000000012,17.189299990413204,,,0,,,0,1000000,0.0,0.0,0.0,1000000.0,0.0,0.0,100.0,110.42987517772585,
41683,1121.287,1122.9092,1102.075,1102.075,1121.287,1122.9092,1102.075,1102.075,20.83420000000001,17.536433324659566,,,0,,,0,1000000,0.0,0.0,0.0,1000000.0,0.0,0.0,100.0,108.42358507012423,
41684,1101.7577,1128.3262,1101.2258,1128.3262,1101.7577,1128.3262,1101.2258,1128.3262,27.100400000000036,18.44728729373961,,,0,,,0,1000000,0.0,0.0,0.0,1000000.0,0.0,0.0,100.0,111.00621258312728,
41687,1131.0561,1153.5784,1131.0561,1153.5784,1131.0561,1153.5784,1131.0561,1153.5784,25.25220000000013,19.095374218145373,,,0,,,0,1000000,0.0,0.0,0.0,1000000.0,0.0,0.0,100.0,113.4905571648552,
41688,1153.9081,1159.8373,1148.9206,1155.739,1153.9081,1159.8373,1148.9206,1155.739,10.916699999999992,18.31645286403629,,,0,,,0,1000000,0.0,0.0,0.0,1000000.0,0.0,0.0,100.0,113.70311982883226,
41689,1154.0506,1162.3526,1149.2051,1156.6874,1154.0506,1162.3526,1149.2051,1156.6874,13.147500000000036,17.82417163888998,,,0,,,0,1000000,0.0,0.0,0.0,1000000.0,0.0,0.0,100.0,113.79642466569047,
41690,1155.9946,1155.9946,1133.7631,1137.0723,1155.9946,1155.9946,1133.7631,1137.0723,22.92430000000013,18.3098981494719,,,0,,,0,1000000,0.0,0.0,0.0,1000000.0,0.0,0.0,100.0,111.86666538115084,
41691,1135.2543,1143.7502,1126.8785,1137.6104,1135.2543,1143.7502,1126.8785,1137.6104,16.87169999999992,18.172926897141235,,,0,,,0,1000000,0.0,0.0,0.0,1000000.0,0.0,0.0,100.0,111.91960436545429,
41694,1135.172,1151.3804,1128.6554,1151.3804,1135.172,1151.3804,1128.6554,1151.3804,22.72499999999991,18.60645766884206,,,0,,,0,1000000,0.0,0.0,0.0,1000000.0,0.0,0.0,100.0,113.27431503978738,
41695,1153.5801,1161.5367,1101.3842,1106.5009,1153.5801,1161.5367,1101.3842,1106.5009,60.152500000000146,22.56322360514283,,,0,,,0,1000000,0.0,0.0,0.0,1000000.0,0.0,0.0,100.0,108.85901092150627,
41696,1100.2715,1113.6802,1079.5982,1113.6802,1100.2715,1113.6802,1079.5982,1113.6802,34.08200000000011,23.66024992846257,,,0,,,0,1000000,0.0,0.0,0.0,1000000.0,0.0,0.0,100.0,109.56531987896739,
41697,1116.8865,1130.4547,1095.618,1095.9381,1116.8865,1130.4547,1095.618,1095.9381,34.836700000000064,24.72467374479947,,,0,,,0,1000000,0.0,0.0,0.0,1000000.0,0.0,0.0,100.0,107.81982879290459,
41698,1091.7382,1108.0034,1081.0756,1108.0034,1091.7382,1108.0034,1081.0756,1108.0034,26.92780000000016,24.934495292913823,,,0,,,0,1000000,0.0,0.0,0.0,1000000.0,0.0,0.0,100.0,109.00682884366934,
41701,1106.0208,1133.2228,1106.0208,1133.1293,1106.0208,1133.2228,1106.0208,1133.1293,27.201999999999998,25.150448122160128,,,0,,,0,1000000,0.0,0.0,0.0,1000000.0,0.0,0.0,100.0,111.47874786561742,
41702,1129.676,1135.2162,1119.4085,1134.5187,1129.676,1135.2162,1119.4085,1134.5187,15.807700000000068,24.26066258671631,,,0,,,0,1000000,0.0,0.0,0.0,1000000.0,0.0,0.0,100.0,111.61543886132684,
41703,1136.8289,1142.5206,1132.2069,1135.0198,1136.8289,1142.5206,1132.2069,1135.0198,10.313700000000154,22.932380435600486,,,0,,,0,1000000,0.0,0.0,0.0,1000000.0,0.0,0.0,100.0,111.66473773706454,
41704,1134.0195,1138.8485,1123.378,1138.517,1134.0195,1138.8485,1123.378,1138.517,15.47050000000013,22.2217251560195,,,0,,,0,1000000,0.0,0.0,0.0,1000000.0,0.0,0.0,100.0,112.00879686344634,
41705,1137.6267,1143.184,1131.126,1135.9808,1137.6267,1143.184,1131.126,1135.9808,12.057999999999993,21.25375133163669,,,0,,,0,1000000,0.0,0.0,0.0,1000000.0,0.0,0.0,100.0,111.75928217846133,
41708,1126.8505,1126.8505,1092.7721,1092.7721,1126.8505,1126.8505,1092.7721,1092.7721,43.208700000000135,23.34469882386178,,,0,,,0,1000000,0.0,0.0,0.0,1000000.0,0.0,0.0,100.0,107.50835355725181,
41709,1086.3659,1096.5306,1077.9624,1088.0843,1086.3659,1096.5306,1077.9624,1088.0843,18.56820000000016,22.889794173970195,,,0,,,0,1000000,0.0,0.0,0.0,1000000.0,0.0,0.0,100.0,107.04716164010306,
41710,1083.732,1091.2343,1066.7391,1084.8064,1083.732,1091.2343,1066.7391,1084.8064,24.495200000000068,23.04268996692542,,,0,,,0,1000000,0.0,0.0,0.0,1000000.0,0.0,0.0,100.0,106.72467753557171,
41711,1082.2663,1098.631,1082.2663,1098.631,1082.2663,1098.631,1082.2663,1098.631,16.364700000000084,22.406690922456338,,,0,,,0,1000000,0.0,0.0,0.0,1000000.0,0.0,0.0,100.0,108.08475982957208,
41712,1094.3853,1100.6886,1090.9043,1097.9504,1094.3853,1100.6886,1090.9043,1097.9504,9.78430000000003,21.204558453650975,,,0,,,0,1000000,0.0,0.0,0.0,1000000.0,0.0,0.0,100.0,108.01780150822486,
41715,1097.8349,1124.7862,1097.8349,1124.7862,1097.8349,1124.7862,1097.8349,1124.7862,26.951299999999947,21.751867172350874,,,0,,,0,1000000,0.0,0.0,0.0,1000000.0,0.0,0.0,100.0,110.65794273656672,
41716,1126.1368,1139.7552,1126.1368,1133.2167,1126.1368,1139.7552,1126.1368,1133.2167,14.969000000000051,21.105879822603175,,,0,,,0,1000000,0.0,0.0,0.0,1000000.0,0.0,0.0,100.0,111.48734639233757,
41717,1132.0773,1139.1498,1126.3501,1139.1498,1132.0773,1139.1498,1126.3501,1139.1498,12.799699999999802,20.31481507759333,,,0,,,0,1000000,0.0,0.0,0.0,1000000.0,0.0,0.0,100.0,112.07105255805186,
41718,1136.8384,1141.3113,1106.6021,1106.6021,1136.8384,1141.3113,1106.6021,1106.6021,34.70920000000001,21.685708879727297,,,0,,,0,1000000,0.0,0.0,0.0,1000000.0,0.0,0.0,100.0,108.86896711034015,
41719,1098.6384,1123.4938,1092.7573,1123.4938,1098.6384,1123.4938,1092.7573,1123.4938,30.736499999999978,22.547688986419935,1161.5367,1066.7391,0,,,0,1000000,0.0,0.0,0.0,1000000.0,0.0,0.0,100.0,110.53079472817832,
41722,1123.374,1128.1063,1119.6816,1123.1204,1123.374,1128.1063,1119.6816,1123.1204,8.42470000000003,21.202642416284707,1161.5367,1066.7391,0,,,0,1000000,0.0,0.0,0.0,1000000.0,0.0,0.0,100.0,110.49405914605808,
41723,1120.2061,1125.1386,1115.1439,1121.279,1120.2061,1125.1386,1115.1439,1121.279,9.994699999999966,20.135219329019495,1161.5367,1066.7391,0,,,0,1000000,0.0,0.0,0.0,1000000.0,0.0,0.0,100.0,110.31289979705903,
41724,1120.9228,1129.531,1120.9228,1129.531,1120.9228,1129.531,1120.9228,1129.531,8.608199999999897,19.03740796435096,1143.184,1066.7391,0,,,0,1000000,0.0,0.0,0.0,1000000.0,0.0,0.0,100.0,111.12474238853298,
41725,1127.3188,1127.3188,1104.2342,1104.2342,1127.3188,1127.3188,1104.2342,1104.2342,25.29679999999985,19.633540539174664,1143.184,1082.2663,0,,,0,1000000,0.0,0.0,0.0,1000000.0,0.0,0.0,100.0,108.63601000026367,
41726,1100.582,1102.6269,1072.1336,1074.2075,1100.582,1102.6269,1072.1336,1074.2075,32.10060000000021,20.820879535443762,1143.184,1090.9043,0,,,0,1000000,0.0,0.0,0.0,1000000.0,0.0,0.0,100.0,105.68194384158562,
41729,1071.9407,1076.4615,1062.2572,1068.6141,1071.9407,1076.4615,1062.2572,1068.6141,14.204299999999876,20.190729103496725,1143.184,1072.1336,0,,,0,1000000,0.0,0.0,0.0,1000000.0,0.0,0.0,100.0,105.13165780775739,
41730,1067.0216,1088.1192,1067.0216,1088.1192,1067.0216,1088.1192,1067.0216,1088.1192,21.097600000000057,20.277097760306567,1143.184,1062.2572,0,,,0,1000000,0.0,0.0,0.0,1000000.0,0.0,0.0,100.0,107.05059514791238,
41731,1088.3283,1090.2643,1081.1367,1084.5375,1088.3283,1090.2643,1081.1367,1084.5375,9.12760000000003,19.215240830753565,1143.184,1062.2572,0,,,0,1000000,0.0,0.0,0.0,1000000.0,0.0,0.0,100.0,106.69822280061688,
41732,1083.6015,1092.8252,1082.4184,1088.7897,1083.6015,1092.8252,1082.4184,1088.7897,10.406799999999976,18.37634170401513,1143.184,1062.2572,0,,,0,1000000,0.0,0.0,0.0,1000000.0,0.0,0.0,100.0,107.11655981800243,
41733,1087.046,1099.8194,1085.4049,1099.8194,1087.046,1099.8194,1085.4049,1099.8194,14.41450000000009,17.999023446489886,1143.184,1062.2572,0,,,0,1000000,0.0,0.0,0.0,1000000.0,0.0,0.0,100.0,108.20167618145136,
41737,1095.064,1109.339,1094.1142,1109.339,1095.064,1109.339,1094.1142,1109.339,15.22479999999996,17.734811689681322,1141.3113,1062.2572,0,,,0,1000000,0.0,0.0,0.0,1000000.0,0.0,0.0,100.0,109.1382269247615,
41738,1109.7689,1124.4579,1109.7689,1124.4579,1109.7689,1124.4579,1109.7689,1124.4579,15.118900000000167,17.48567724304502,1141.3113,1062.2572,0,,,0,1000000,0.0,0.0,0.0,1000000.0,0.0,0.0,100.0,110.62564415164418,
41739,1125.5448,1135.4423,1125.5448,1128.4557,1125.5448,1135.4423,1125.5448,1128.4557,10.984399999999823,16.866507981802624,1141.3113,1062.2572,0,,,0,1000000,0.0,0.0,0.0,1000000.0,0.0,0.0,100.0,111.0189529631074,
41740,1123.1057,1128.5103,1117.4483,1126.7792,1123.1057,1128.5103,1117.4483,1126.7792,11.061999999999898,16.31369769782141,1141.3113,1062.2572,0,,,0,1000000,0.0,0.0,0.0,1000000.0,0.0,0.0,100.0,110.85401669255405,
41743,1126.6571,1138.7792,1126.6571,1138.7792,1126.6571,1138.7792,1126.6571,1138.7792,12.122100000000046,15.914497917076519,1141.3113,1062.2572,0,,,0,1000000,0.0,0.0,0.0,1000000.0,0.0,0.0,100.0,112.03459244360683,
41744,1138.2738,1138.5338,1132.2887,1133.9886,1138.2738,1138.5338,1132.2887,1133.9886,6.490499999999884,15.016974305926363,1141.3113,1062.2572,0,,,0,1000000,0.0,0.0,0.0,1000000.0,0.0,0.0,100.0,111.56328692752405,
41745,1131.2341,1135.8179,1127.8332,1134.6686,1131.2341,1135.8179,1127.8332,1134.6686,7.984699999999975,14.347233895838135,1141.3113,1067.0216,0,,,0,1000000,0.0,0.0,0.0,1000000.0,0.0,0.0,100.0,111.63018622008371,
41746,1134.4776,1139.1971,1134.4776,1136.9158,1134.4776,1139.1971,1134.4776,1136.9158,4.719500000000153,13.430306858139279,1141.3113,1081.1367,0,,,0,1000000,0.0,0.0,0.0,1000000.0,0.0,0.0,100.0,111.85126870573086,
41747,1133.7715,1143.2912,1133.3667,1143.2912,1133.7715,1143.2912,1133.3667,1143.2912,9.924499999999853,13.096420490697428,1141.3113,1082.4184,1,1141.3113,1127.8809931418607,800,86768.35019199997,914632.96,182.60980800000002,1401.310191999888,1001401.3101919999,0.0014013101919998494,0.0,100.14013101919998,112.47848892600267,BUY
41750,1135.5922,1142.0845,1124.2847,1124.9558,1135.5922,1142.0845,1124.2847,1124.9558,19.00649999999996,13.659285205869098,1143.2912,1085.4049,0,1127.8809931418607,,0,988441.531349329,0.0,631.613356159442,-12959.778842670843,988441.531349329,-0.012941643585613116,-0.012941643585613116,98.8441531349329,110.6746282071816,SELL
41751,1120.8471,1123.484,1099.2989,1114.0978,1120.8471,1123.484,1099.2989,1114.0978,25.65689999999995,14.801915186262512,1143.2912,1094.1142,0,,,0,988441.531349329,0.0,0.0,0.0,988441.531349329,0.0,-0.012941643585613116,98.8441531349329,109.60640391510401,
41752,1112.5956,1116.9032,1105.9048,1111.0456,1112.5956,1116.9032,1105.9048,1111.0456,10.998399999999947,14.439675644713697,1143.2912,1099.2989,0,,,0,988441.531349329,0.0,0.0,0.0,988441.531349329,0.0,-0.012941643585613116,98.8441531349329,109.30612447282373,
41753,1109.4466,1112.001,1101.6848,1106.0731,1109.4466,1112.001,1101.6848,1106.0731,10.31619999999998,14.046963678550485,1143.2912,1099.2989,0,,,0,988441.531349329,0.0,0.0,0.0,988441.531349329,0.0,-0.012941643585613116,98.8441531349329,108.81692339598123,
41754,1104.1352,1106.2255,1082.6671,1082.6671,1104.1352,1106.2255,1082.6671,1082.6671,23.55840000000012,14.952814756783784,1143.2912,1099.2989,0,,,0,988441.531349329,0.0,0.0,0.0,988441.531349329,0.0,-0.012941643585613116,98.8441531349329,106.51421039355277,
41757,1076.236,1076.236,1046.6013,1046.6673,1076.236,1076.236,1046.6013,1046.6673,36.065799999999854,16.963575256137695,1143.2912,1082.6671,0,,,0,988441.531349329,0.0,0.0,0.0,988441.531349329,0.0,-0.012941643585613116,98.8441531349329,102.97250281665697,
41758,1042.5619,1060.5685,1042.5619,1060.5685,1042.5619,1060.5685,1042.5619,1060.5685,18.006600000000162,17.06291094602936,1143.2912,1046.6013,0,,,0,988441.531349329,0.0,0.0,0.0,988441.531349329,0.0,-0.012941643585613116,98.8441531349329,104.34012111920157,
41759,1059.2252,1071.1382,1059.2252,1071.1382,1059.2252,1071.1382,1059.2252,1071.1382,11.913000000000011,16.572443236883707,1143.2912,1042.5619,0,,,0,988441.531349329,0.0,0.0,0.0,988441.531349329,0.0,-0.012941643585613116,98.8441531349329,105.3799820788601,
41764,1068.9384,1087.7545,1068.4379,1087.7545,1068.9384,1087.7545,1068.4379,1087.7545,19.316600000000108,16.83379150003765,1143.2912,1042.5619,0,,,0,988441.531349329,0.0,0.0,0.0,988441.531349329,0.0,-0.012941643585613116,98.8441531349329,107.01471548321162,
41765,1086.8667,1099.9796,1086.8667,1097.294,1086.8667,1099.9796,1086.8667,1097.294,13.112899999999854,16.479420880986428,1143.2912,1042.5619,0,,,0,988441.531349329,0.0,0.0,0.0,988441.531349329,0.0,-0.012941643585613116,98.8441531349329,107.95322401464229,
41766,1093.4255,1093.4255,1077.5562,1077.5562,1093.4255,1093.4255,1077.5562,1077.5562,19.737800000000107,16.789742701844876,1143.2912,1042.5619,0,,,0,988441.531349329,0.0,0.0,0.0,988441.531349329,0.0,-0.012941643585613116,98.8441531349329,106.01139334304817,
41767,1075.1541,1089.2286,1073.2807,1079.1547,1075.1541,1089.2286,1073.2807,1079.1547,15.94789999999989,16.709567206431068,1143.2912,1042.5619,0,,,0,988441.531349329,0.0,0.0,0.0,988441.531349329,0.0,-0.012941643585613116,98.8441531349329,106.16865587121964,
41768,1077.0225,1077.0225,1062.4551,1071.2571,1077.0225,1077.0225,1062.4551,1071.2571,16.699600000000146,16.70861794867574,1143.2912,1042.5619,0,,,0,988441.531349329,0.0,0.0,0.0,988441.531349329,0.0,-0.012941643585613116,98.8441531349329,105.39167961692677,
41771,1075.0985,1092.2212,1073.3854,1092.2212,1075.0985,1092.2212,1073.3854,1092.2212,20.964099999999917,17.113901953563758,1143.2912,1042.5619,0,,,0,988441.531349329,0.0,0.0,0.0,988441.531349329,0.0,-0.012941643585613116,98.8441531349329,107.45415529214723,
41772,1091.709,1096.3317,1089.6806,1092.2469,1091.709,1096.3317,1089.6806,1092.2469,6.651100000000042,16.11744462465293,1143.2912,1042.5619,0,,,0,988441.531349329,0.0,0.0,0.0,988441.531349329,0.0,-0.012941643585613116,98.8441531349329,107.45668369188076,
41773,1092.0381,1097.0088,1090.8172,1095.9943,1092.0381,1097.0088,1090.8172,1095.9943,6.191600000000108,15.172126088971709,1143.2912,1042.5619,0,,,0,988441.531349329,0.0,0.0,0.0,988441.531349329,0.0,-0.012941643585613116,98.8441531349329,107.82535782267202,
41774,1094.0918,1094.4023,1074.6403,1074.7237,1094.0918,1094.4023,1074.6403,1074.7237,21.354000000000042,15.760875985260121,1143.2912,1042.5619,0,,,0,988441.531349329,0.0,0.0,0.0,988441.531349329,0.0,-0.012941643585613116,98.8441531349329,105.73272827514342,
41775,1071.9131,1072.4308,1060.0142,1071.7227,1071.9131,1072.4308,1060.0142,1071.7227,14.709499999999935,15.660744939044864,1143.2912,1059.2252,0,,,0,988441.531349329,0.0,0.0,0.0,988441.531349329,0.0,-0.012941643585613116,98.8441531349329,105.43748595606763,
41778,1069.7737,1069.7737,1061.3214,1068.9232,1069.7737,1069.7737,1061.3214,1068.9232,10.401299999999992,15.15984542104059,1143.2912,1060.0142,0,,,0,988441.531349329,0.0,0.0,0.0,988441.531349329,0.0,-0.012941643585613116,98.8441531349329,105.16206747147827,
41779,1073.5008,1084.4441,1073.5008,1077.1742,1073.5008,1084.4441,1073.5008,1077.1742,15.520899999999983,15.194231571417674,1143.2912,1060.0142,0,,,0,988441.531349329,0.0,0.0,0.0,988441.531349329,0.0,-0.012941643585613116,98.8441531349329,105.97381168163965,
41780,1075.8474,1089.1227,1068.2068,1089.1227,1075.8474,1089.1227,1068.2068,1089.1227,20.915899999999965,15.739152374139797,1142.0845,1060.0142,0,,,0,988441.531349329,0.0,0.0,0.0,988441.531349329,0.0,-0.012941643585613116,98.8441531349329,107.14932079509414,
41781,1089.1933,1097.391,1088.5715,1088.5715,1089.1933,1097.391,1088.5715,1088.5715,8.819500000000062,15.080137862316965,1123.484,1060.0142,0,,,0,988441.531349329,0.0,0.0,0.0,988441.531349329,0.0,-0.012941643585613116,98.8441531349329,107.0950930155958,
41782,1087.5694,1099.9116,1086.2197,1099.9116,1087.5694,1099.9116,1086.2197,1099.9116,13.691899999999805,14.947924732572474,1116.9032,1060.0142,0,,,0,988441.531349329,0.0,0.0,0.0,988441.531349329,0.0,-0.012941643585613116,98.8441531349329,108.21074693847193,
41785,1102.4744,1117.1674,1102.4744,1117.1674,1102.4744,1117.1674,1102.4744,1117.1674,17.255800000000136,15.167722377089394,1112.001,1060.0142,1,1112.001,1097.0530752674274,800,98662.81118932912,893733.92,177.92015999999998,3955.199840000132,992396.7311893292,0.0040014504799295025,-0.008991978451620253,99.23967311893291,109.90839519222331,BUY
41786,1118.2292,1121.0561,1115.6137,1118.8811,1118.2292,1121.0561,1115.6137,1118.8811,5.442399999999907,14.241501198318968,1117.1674,1060.0142,1,,1097.0530752674274,800,98662.81118932912,895104.88,0.0,1370.9599999999627,993767.6911893291,0.0013814636394025026,-0.007622936903494915,99.37676911893291,110.07699124760491,
41787,1117.5143,1131.4681,1116.7071,1131.4681,1117.5143,1131.4681,1116.7071,1131.4681,14.760999999999967,14.290977274669538,1121.0561,1060.0142,1,,1097.0530752674274,800,98662.81118932912,905174.48,0.0,10069.599999999977,1003837.2911893291,0.010132750429779902,0.0,100.38372911893292,111.31531682914668,
41788,1130.5672,1131.5595,1118.4764,1118.6485,1130.5672,1131.5595,1118.4764,1118.6485,13.083100000000059,14.175941343748637,1131.4681,1060.0142,1,,1097.0530752674274,800,98662.81118932912,894918.8,0.0,-10255.679999999935,993581.6111893292,-0.010216476405104591,-0.010216476405104591,99.35816111893291,110.05410775429701,
41789,1117.8713,1123.1755,1112.9258,1121.9106,1117.8713,1123.1755,1112.9258,1121.9106,10.249700000000075,13.802013596724965,1131.5595,1060.0142,1,,1097.0530752674274,800,98662.81118932912,897528.48,0.0,2609.679999999935,996191.2911893291,0.0026265381430279344,-0.007616772227042046,99.61912911893292,110.37503743408944,
41793,1121.3598,1124.958,1119.2135,1119.2135,1121.3598,1124.958,1119.2135,1119.2135,5.744500000000016,13.034631349417827,1131.5595,1061.3214,1,,1097.0530752674274,800,98662.81118932912,895370.8,0.0,-2157.679999999935,994033.6111893292,-0.0021659293943675495,-0.009766204230552855,99.40336111893292,110.10969319590906,
41794,1116.7991,1116.7991,1104.345,1113.6877,1116.7991,1116.7991,1104.345,1113.6877,14.86850000000004,13.209285506616133,1131.5595,1068.2068,1,,1097.0530752674274,800,98662.81118932912,890950.1599999999,0.0,-4420.64000000013,989612.971189329,-0.0044471735666070655,-0.014169945791859706,98.9612971189329,109.56605773881178,
41795,1111.8821,1128.5525,1110.7033,1128.5525,1111.8821,1128.5525,1110.7033,1128.5525,17.84920000000011,13.651182125033655,1131.5595,1068.2068,1,,1097.0530752674274,800,98662.81118932912,902842.0,0.0,11891.840000000084,1001504.8111893291,0.012016657366271444,-0.002323563809067619,100.15048111893292,111.0284762741659,
41796,1127.7863,1130.9881,1121.785,1127.0356,1127.7863,1130.9881,1121.785,1127.0356,9.20309999999995,13.227555255982825,1131.5595,1086.2197,1,,1097.0530752674274,800,98662.81118932912,901628.48,0.0,-1213.5200000000186,1000291.2911893291,-0.001211696625360137,-0.0035324449800014923,100.02912911893291,110.87924166110155,
41799,1124.4135,1129.527,1123.3934,1125.2497,1124.4135,1129.527,1123.3934,1125.2497,6.133600000000115,12.551940469698756,1131.5595,1086.2197,1,,1097.0530752674274,800,98662.81118932912,900199.76,0.0,-1428.719999999972,998862.5711893291,-0.0014283039476443715,-0.004955703522536048,99.88625711893292,110.70354247495113,
41800,1124.651,1139.9973,1120.4723,1139.9973,1124.651,1139.9973,1120.4723,1139.9973,19.52500000000009,13.216041377346503,1131.5595,1102.4744,1,,1097.0530752674274,800,98662.81118932912,911997.84,0.0,11798.079999999958,1010660.6511893291,0.01181151475718245,0.0,101.0660651189329,112.15443072046996,
41801,1137.7779,1147.7795,1137.7779,1147.6884,1137.7779,1147.7795,1137.7779,1147.6884,10.001600000000053,12.909904103313508,1139.9973,1104.345,1,,1097.0530752674274,800,98662.81118932912,918150.72,0.0,6152.880000000005,1016813.5311893291,0.006087978188088483,0.0,101.68135311893292,112.91109123371345,
41802,1144.756,1151.8554,1143.2086,1150.1525,1144.756,1151.8554,1143.2086,1150.1525,8.646799999999985,12.50389418871222,1147.7795,1104.345,1,,1097.0530752674274,800,98662.81118932912,920121.9999999999,0.0,1971.2799999999115,1018784.811189329,0.0019386838781483284,0.0,101.8784811189329,113.15351262606089,
41803,1148.6099,1160.3841,1148.6099,1159.5365,1148.6099,1160.3841,1148.6099,1159.5365,11.774200000000064,12.434399504072967,1151.8554,1104.345,1,,1097.0530752674274,800,98662.81118932912,927629.2,0.0,7507.20000000007,1026292.0111893291,0.007368778880042504,0.0,102.6292011189329,114.07672286338415,
41806,1159.498,1166.2572,1159.498,1166.2572,1159.498,1166.2572,1159.498,1166.2572,6.759199999999964,11.893904313208871,1160.3841,1104.345,1,,1097.0530752674274,800,98662.81118932912,933005.76,0.0,5376.560000000056,1031668.5711893291,0.005238820863244786,0.0,103.16685711893292,114.73791415089254,
41807,1163.9346,1163.9346,1157.5573,1158.7577,1163.9346,1163.9346,1157.5573,1158.7577,8.69990000000007,11.589713426236605,1166.2572,1104.345,1,,1097.0530752674274,800,98662.81118932912,927006.1600000001,0.0,-5999.59999999986,1025668.9711893293,-0.005815433529281044,-0.005815433529281044,102.56689711893291,114.00010349714084,
41808,1157.0529,1157.0529,1147.3644,1147.8671,1157.0529,1157.0529,1147.3644,1147.8671,11.393300000000181,11.57100738564266,1166.2572,1104.345,1,,1097.0530752674274,800,98662.81118932912,918293.6799999999,0.0,-8712.480000000214,1016956.4911893291,-0.008494436552855422,-0.01426047125099461,101.69564911893289,112.92867197427287,
41809,1145.8087,1147.8829,1111.6126,1116.8293,1145.8087,1147.8829,1111.6126,1116.8293,36.270300000000134,13.92332096796242,1166.2572,1110.7033,1,,1097.0530752674274,800,98662.81118932912,893463.4400000001,0.0,-24830.239999999874,992126.2511893292,-0.024416226470968194,-0.03832851082631583,99.21262511893292,109.8751324704374,
41810,1114.7772,1130.1058,1114.7772,1130.1058,1114.7772,1130.1058,1114.7772,1130.1058,15.328600000000051,14.057157066251719,1166.2572,1111.6126,1,,1097.0530752674274,800,98662.81118932912,904084.64,0.0,10621.199999999953,1002747.4511893291,0.010705492357719226,-0.028033344048330466,100.27474511893291,111.1812919670084,
41813,1131.7286,1145.6109,1131.7286,1143.3962,1131.7286,1145.6109,1131.7286,1143.3962,15.505099999999857,14.195056393275351,1166.2572,1111.6126,1,,1097.0530752674274,800,98662.81118932912,914716.96,0.0,10632.319999999949,1013379.7711893291,0.01060318825781037,-0.017727398614960532,101.33797711893291,112.48881896382439,
41814,1142.8198,1151.5568,1142.8198,1151.5568,1142.8198,1151.5568,1142.8198,1151.5568,8.73700000000008,13.675241498677707,1166.2572,1111.6126,1,,1097.0530752674274,800,98662.81118932912,921245.4400000001,0.0,6528.480000000098,1019908.2511893292,0.006442283717917663,-0.011399319828501175,101.99082511893292,113.29166950332785,
41815,1150.1855,1150.1855,1143.7703,1148.3459,1150.1855,1150.1855,1143.7703,1148.3459,7.78650000000016,13.11440897499413,1166.2572,1111.6126,1,,1097.0530752674274,800,98662.81118932912,918676.72,0.0,-2568.7200000000885,1017339.5311893291,-0.002518579486933903,-0.01388918922234994,101.73395311893292,112.9757769467399,
41816,1147.9433,1167.0918,1147.9433,1166.1504,1147.9433,1167.0918,1147.9433,1166.1504,19.148500000000013,13.689084310708976,1166.2572,1111.6126,1,,1097.0530752674274,800,98662.81118932912,932920.32,0.0,14243.599999999977,1031583.1311893291,0.014000832134526853,-8.281729461001586e-05,103.15831311893291,114.72740702670816,
41817,1165.3935,1181.3842,1165.3935,1178.3646,1165.3935,1181.3842,1165.3935,1178.3646,15.99070000000006,13.908285804927175,1167.0918,1111.6126,1,,1097.0530752674274,800,98662.81118932912,942691.68,0.0,9771.360000000102,1041354.4911893292,0.00947219831787538,0.0,104.13544911893291,115.92905605491724,
41820,1180.211,1189.8455,1178.0116,1189.8455,1180.211,1189.8455,1178.0116,1189.8455,11.833899999999858,13.710725252076953,1181.3842,1111.6126,1,,1097.0530752674274,800,98662.81118932912,951876.3999999999,0.0,9184.71999999974,1050539.211189329,0.008819974444542744,0.0,105.0539211189329,117.0585620666057,
41821,1191.1933,1196.6063,1190.9709,1196.6063,1191.1933,1196.6063,1190.9709,1196.6063,6.7608000000000175,13.048827609022007,1189.8455,1111.6126,1,,1097.0530752674274,800,98662.81118932912,957285.0399999999,0.0,5408.64000000013,1055947.851189329,0.005148441811969162,0.0,105.5947851189329,117.72369844474883,
41822,1196.9645,1205.8361,1192.2572,1205.8361,1196.9645,1205.8361,1192.2572,1205.8361,13.578899999999976,13.099310693877053,1196.6063,1111.6126,1,,1097.0530752674274,800,98662.81118932912,964668.88,0.0,7383.840000000084,1063331.6911893291,0.0069926180461312715,0.0,106.33316911893291,118.63173828367111,
41823,1206.0328,1211.8211,1204.3744,1210.4719,1206.0328,1211.8211,1204.3744,1210.4719,7.446699999999964,12.56096681826971,1205.8361,1111.6126,1,,1097.0530752674274,800,98662.81118932912,968377.52,0.0,3708.6399999998976,1067040.331189329,0.0034877546025660067,0.0,106.70403311893291,119.0878143725653,
41824,1210.1298,1215.382,1208.6765,1213.1535,1210.1298,1215.382,1208.6765,1213.1535,6.705500000000029,12.003303311767835,1211.8211,1114.7772,1,,1097.0530752674274,800,98662.81118932912,970522.7999999999,0.0,2145.280000000028,1069185.611189329,0.0020104957022655245,0.0,106.9185611189329,119.35163370040055,
41827,1213.1248,1217.6358,1208.669,1217.6358,1213.1248,1217.6358,1208.669,1217.6358,8.966799999999921,11.714112520170891,1215.382,1131.7286,1,,1097.0530752674274,800,98662.81118932912,974108.64,0.0,3585.840000000084,1072771.4511893291,0.0033538049544188375,0.0,107.27714511893292,119.79260825781255,
41828,1216.3656,1228.2724,1210.8314,1228.2724,1216.3656,1228.2724,1210.8314,1228.2724,17.44100000000003,12.259530375392714,1217.6358,1142.8198,1,,1097.0530752674274,800,98662.81118932912,982617.92,0.0,8509.280000000028,1081280.7311893292,0.007932052992803085,0.0,108.12807311893292,120.83905092728322,
41829,1225.5176,1231.2304,1211.4652,1211.4652,1225.5176,1231.2304,1211.4652,1211.4652,19.765199999999822,12.974356053926725,1228.2724,1143.7703,1,,1097.0530752674274,800,98662.81118932912,969172.16,0.0,-13445.76000000001,1067834.9711893292,-0.0124350315437608,-0.0124350315437608,106.78349711893291,119.1855365303587,
41830,1208.9698,1221.9557,1208.9698,1217.2307,1208.9698,1221.9557,1208.9698,1217.2307,12.985899999999901,12.975455477362265,1231.2304,1147.9433,1,,1097.0530752674274,800,98662.81118932912,973784.56,0.0,4612.399999999907,1072447.371189329,0.004319394030392942,-0.008169349314385732,107.2447371189329,119.75275398808327,
41831,1217.2341,1228.0758,1217.2341,1226.6814,1217.2341,1228.0758,1217.2341,1226.6814,10.845100000000002,12.772564479518241,1231.2304,1165.3935,1,,1097.0530752674274,800,98662.81118932912,981345.12,0.0,7560.560000000056,1080007.9311893291,0.007049819136220714,-0.0011771226132921697,108.00079311893292,120.68252625895613,
41834,1227.2194,1243.3624,1227.2194,1243.3624,1227.2194,1243.3624,1227.2194,1243.3624,16.68100000000004,13.14479643384984,1231.2304,1178.0116,1,,1097.0530752674274,800,98662.81118932912,994689.9199999999,0.0,13344.799999999814,1093352.731189329,0.012356205556105726,0.0,109.33527311893289,122.32362493423207,
41835,1243.5041,1244.2482,1227.1576,1236.2843,1243.5041,1244.2482,1227.1576,1236.2843,17.090599999999995,13.520587249673666,1243.3624,1190.9709,1,,1097.0530752674274,800,98662.81118932912,989027.4400000001,0.0,-5662.4799999997485,1087690.2511893292,-0.005179005675359893,-0.005179005675359893,108.76902511893292,121.62727216560486,
41836,1235.7413,1236.6464,1219.031,1222.6073,1235.7413,1236.6464,1219.031,1222.6073,17.615400000000136,13.910569416371425,1244.2482,1192.2572,1,,1097.0530752674274,800,98662.81118932912,978085.84,0.0,-10941.600000000093,1076748.651189329,-0.010059481537171178,-0.015186389100558806,107.67486511893291,120.28171095334245,
41837,1220.7523,1220.7523,1211.6658,1220.454,1220.7523,1220.7523,1211.6658,1220.454,10.941499999999905,13.627800900526518,1244.2482,1204.3744,1,,1097.0530752674274,800,98662.81118932912,976363.2,0.0,-1722.6400000001304,1075026.011189329,-0.0015998534087758864,-0.016761946512965253,107.5026011189329,120.06986647294728,
41838,1216.4379,1224.6674,1216.4379,1219.1658,1216.4379,1224.6674,1216.4379,1219.1658,8.229500000000144,13.113677005238292,1244.2482,1208.669,1,,1097.0530752674274,800,98662.81118932912,975332.64,0.0,-1030.559999999823,1073995.4511893291,-0.0009586372694924128,-0.017704515155821055,107.3995451189329,119.94313166607178,
41841,1218.2303,1218.9597,1210.5045,1216.8408,1218.2303,1218.9597,1210.5045,1216.8408,8.661299999999983,12.689641099977502,1244.2482,1208.669,1,,1097.0530752674274,800,98662.81118932912,973472.6399999999,0.0,-1860.0000000002328,1072135.451189329,-0.0017318509104861102,-0.01940570448561485,107.21354511893288,119.7143951143053,
41842,1214.9786,1232.047,1214.9786,1232.047,1214.9786,1232.047,1214.9786,1232.047,17.06840000000011,13.106665757122512,1244.2482,1208.9698,1,,1097.0530752674274,800,98662.81118932912,985637.6,0.0,12164.960000000196,1084300.411189329,0.01134647677819589,-0.008279414082729586,108.4300411189329,121.21040102977688,
41843,1233.4607,1235.0869,1215.6641,1219.8125,1233.4607,1235.0869,1215.6641,1219.8125,19.422800000000052,13.708202351682278,1244.2482,1208.9698,1,,1097.0530752674274,800,98662.81118932912,975850.0,0.0,-9787.600000000093,1074512.811189329,-0.009026649717179813,-0.017231328429121118,107.4512811189329,120.00675486092227,
41844,1217.8557,1221.1496,1203.1623,1211.7026,1217.8557,1221.1496,1203.1623,1211.7026,17.987300000000005,14.11573546104587,1244.2482,1208.9698,0,1208.9698,,0,1065161.628101329,0.0,677.023088,-9351.183087999932,1065161.628101329,-0.008702719028216621,-0.02578408804753618,106.51616281013293,119.20889225396702,SELL
41845,1209.5508,1220.6099,1209.5508,1220.6099,1209.5508,1220.6099,1209.5508,1220.6099,11.059099999999944,13.82462732189864,1244.2482,1203.1623,0,,,0,1065161.628101329,0.0,0.0,0.0,1065161.628101329,0.0,-0.02578408804753618,106.51616281013293,120.08520411957973,
41848,1222.6505,1238.1812,1222.6505,1238.1812,1222.6505,1238.1812,1222.6505,1238.1812,17.571300000000065,14.181453291241633,1244.2482,1203.1623,0,,,0,1065161.628101329,0.0,0.0,0.0,1065161.628101329,0.0,-0.02578408804753618,106.51616281013293,121.81389167745253,
41849,1238.7465,1252.6443,1237.5576,1252.444,1238.7465,1252.6443,1237.5576,1252.444,15.086699999999837,14.26766726350432,1244.2482,1203.1623,1,1244.2482,1230.0667467087583,800,69563.98838932902,1001955.2,199.07971200000003,6357.560287999921,1071519.188389329,0.005968634355832281,-0.019969349485458143,107.15191883893289,123.21708466262882,BUY
41850,1249.9022,1260.5702,1248.8362,1260.1718,1249.9022,1260.5702,1248.8362,1260.1718,11.734000000000151,14.026365619361066,1252.6443,1203.1623,1,,1230.0667467087583,800,69563.98838932902,1008137.4400000001,0.0,6182.239999999991,1077701.428389329,0.005769602697729415,-0.014314962000391951,107.7701428389329,123.97735577004431,
41851,1259.4338,1270.1082,1258.1864,1270.1082,1259.4338,1270.1082,1258.1864,1270.1082,11.921799999999848,13.825930798469521,1260.5702,1203.1623,1,,1230.0667467087583,800,69563.98838932902,1016086.5599999999,0.0,7949.119999999879,1085650.5483893289,0.0073759946777469665,-0.007044554406172132,108.56505483893288,124.95491184444103,
41852,1267.8731,1273.7389,1256.8557,1258.0796,1267.8731,1273.7389,1256.8557,1258.0796,16.883199999999988,14.117099293853375,1270.1082,1203.1623,1,,1230.0667467087583,800,69563.98838932902,1006463.68,0.0,-9622.879999999888,1076027.668389329,-0.008863699294654581,-0.01584581288890552,107.60276683893291,123.77152238784825,
41855,1259.0243,1274.7069,1259.0243,1274.7069,1259.0243,1274.7069,1259.0243,1274.7069,16.627299999999877,14.35616602777209,1273.7389,1203.1623,1,,1230.0667467087583,800,69563.98838932902,1019765.5199999999,0.0,13301.839999999851,1089329.5083893288,0.012361986955141235,-0.0036797116659906814,108.93295083893288,125.40733798663824,
41856,1275.2373,1284.9968,1269.8825,1284.9968,1275.2373,1284.9968,1269.8825,1284.9968,15.114299999999957,14.428369263222363,1274.7069,1203.1623,1,,1230.0667467087583,800,69563.98838932902,1027997.44,0.0,8231.920000000158,1097561.428389329,0.0075568686394733575,0.0,109.75614283893289,126.41967185503474,
41857,1282.0051,1288.7331,1277.4604,1288.6025,1282.0051,1288.7331,1277.4604,1288.6025,11.272699999999986,14.127829333391661,1284.9968,1203.1623,1,,1230.0667467087583,800,69563.98838932902,1030882.0,0.0,2884.560000000056,1100445.988389329,0.002628153582467929,0.0,110.0445988389329,126.77440535383231,
41858,1286.8211,1292.6628,1276.1723,1276.3357,1286.8211,1292.6628,1276.1723,1276.3357,16.49050000000011,14.35284558735437,1288.7331,1203.1623,1,,1230.0667467087583,800,69563.98838932902,1021068.56,0.0,-9813.439999999944,1090632.548389329,-0.00891769346568605,-0.00891769346568605,109.0632548389329,125.56758146858114,
41859,1276.1099,1286.639,1276.1099,1286.4033,1276.1099,1286.639,1276.1099,1286.4033,10.529099999999971,13.988679340939665,1292.6628,1209.5508,1,,1230.0667467087583,800,69563.98838932902,1029122.6399999999,0.0,8054.079999999842,1098686.628389329,0.007384778688197313,-0.0015987699701419666,109.86866283893289,126.55804517118938,
41862,1287.3571,1305.0699,1287.3571,1305.0699,1287.3571,1305.0699,1287.3571,1305.0699,18.666600000000017,14.434195594183509,1292.6628,1222.6505,1,,1230.0667467087583,800,69563.98838932902,1044055.9199999999,0.0,14933.280000000028,1113619.908389329,0.013591937513512953,0.0,111.3619908389329,128.39448978073952,
41863,1305.598,1313.4693,1303.6069,1313.4693,1305.598,1313.4693,1303.6069,1313.4693,9.86239999999998,13.998786489975554,1305.0699,1237.5576,1,,1230.0667467087583,800,69563.98838932902,1050775.44,0.0,6719.520000000019,1120339.428389329,0.0060339438522778455,0.0,112.03394283893292,129.2208337776889,
41864,1313.0468,1318.718,1301.0955,1318.718,1313.0468,1318.718,1301.0955,1318.718,17.622500000000173,14.34390206235885,1313.4693,1248.8362,1,,1230.0667467087583,800,69563.98838932902,1054974.4000000001,0.0,4198.960000000196,1124538.3883893292,0.0037479355752363386,0.0,112.45383883893292,129.73720777306818,
41865,1317.1392,1327.2154,1313.3383,1313.7199,1317.1392,1327.2154,1313.3383,1313.7199,13.877100000000155,14.299444723086594,1318.718,1256.8557,1,,1230.0667467087583,800,69563.98838932902,1050975.92,0.0,-3998.480000000214,1120539.908389329,-0.003555663409345433,-0.003555663409345433,112.0539908389329,129.24548813462343,
41866,1313.257,1331.4412,1313.257,1331.4412,1313.257,1331.4412,1313.257,1331.4412,18.18419999999992,14.669421416125958,1327.2154,1256.8557,1,,1230.0667467087583,800,69563.98838932902,1065152.96,0.0,14177.040000000037,1134716.948389329,0.012651972405318679,0.0,113.47169483893289,130.9889328893844,
41869,1334.9017,1357.4525,1334.9017,1357.4525,1334.9017,1357.4525,1334.9017,1357.4525,26.01130000000012,15.749600328875879,1331.4412,1259.0243,1,,1230.0667467087583,800,69563.98838932902,1085962.0,0.0,20809.040000000037,1155525.988389329,0.01833852929537838,0.0,115.5525988389329,133.54795872549767,
41870,1358.9416,1367.1989,1356.8488,1365.416,1358.9416,1367.1989,1356.8488,1365.416,10.350100000000111,15.235362202316281,1357.4525,1269.8825,1,,1230.0667467087583,800,69563.98838932902,1092332.8,0.0,6370.800000000047,1161896.788389329,0.005513333377192398,0.0,116.18967883893292,134.33141830829004,
41871,1363.8407,1372.4831,1361.7643,1367.1508,1363.8407,1372.4831,1361.7643,1367.1508,10.718799999999874,14.805213421143291,1367.1989,1276.1099,1,,1230.0667467087583,800,69563.98838932902,1093720.64,0.0,1387.839999999851,1163284.628389329,0.0011944606559448623,0.0,116.3284628389329,134.50209020936722,
41872,1367.4064,1369.3858,1353.3993,1369.3858,1367.4064,1369.3858,1353.3993,1369.3858,15.986499999999978,14.917716904843928,1372.4831,1276.1099,1,,1230.0667467087583,800,69563.98838932902,1095508.6400000001,0.0,1788.0000000002328,1165072.6283893292,0.0015370271009906844,0.0,116.50726283893292,134.72197244300082,
41873,1369.8931,1382.056,1366.3169,1381.2386,1369.8931,1382.056,1366.3169,1381.2386,15.739100000000008,14.995943866287364,1372.4831,1276.1099,1,,1230.0667467087583,800,69563.98838932902,1104990.88,0.0,9482.239999999758,1174554.868389329,0.008138754416631144,0.0,117.4554868389329,135.88806646484068,
41876,1381.7914,1382.2859,1369.8835,1374.9159,1381.7914,1382.2859,1369.8835,1374.9159,12.40240000000017,14.748939688545727,1382.056,1287.3571,1,,1230.0667467087583,800,69563.98838932902,1099932.72,0.0,-5058.159999999916,1169496.708389329,-0.004306448456457557,-0.004306448456457557,116.9496708389329,135.26603093974222,
41877,1372.7863,1376.5715,1342.8162,1348.1717,1372.7863,1376.5715,1342.8162,1348.1717,33.755300000000034,16.559069242017564,1382.2859,1301.0955,1,,1230.0667467087583,800,69563.98838932902,1078537.36,0.0,-21395.35999999987,1148101.3483893292,-0.018294502110626998,-0.022522166236708552,114.81013483893292,132.63490143963344,
41878,1347.8037,1361.2774,1347.8037,1359.989,1347.8037,1361.2774,1347.8037,1359.989,13.473700000000008,16.265224552301607,1382.2859,1301.0955,1,,1230.0667467087583,800,69563.98838932902,1087991.2,0.0,9453.839999999851,1157555.188389329,0.008234325317414415,-0.014473295762940097,115.75551883893289,133.79750292487643,
41879,1362.2548,1365.0566,1347.3645,1350.6212,1362.2548,1365.0566,1347.3645,1350.6212,17.692099999999982,16.401117452082406,1382.2859,1313.257,1,,1230.0667467087583,800,69563.98838932902,1080496.96,0.0,-7494.239999999991,1150060.948389329,-0.006474196716640179,-0.02085378951567285,115.0060948389329,132.87588646481709,
41880,1349.3433,1366.3099,1349.1823,1366.3099,1349.3433,1366.3099,1349.1823,1366.3099,17.12760000000003,16.4703062661698,1382.2859,1313.257,1,,1230.0667467087583,800,69563.98838932902,1093047.92,0.0,12550.959999999963,1162611.908389329,0.010913299871261328,-0.01016807330284819,116.26119083893289,134.4193613636122,
41883,1367.6193,1394.6548,1367.6193,1394.6548,1367.6193,1394.6548,1367.6193,1394.6548,28.344900000000052,17.601219955106014,1382.2859,1334.9017,1,,1230.0667467087583,800,69563.98838932902,1115723.84,0.0,22675.92000000016,1185287.8283893291,0.019504290155960335,0.0,118.52878283893291,137.2079698307802,
41884,1398.1846,1417.7976,1398.1846,1417.7976,1398.1846,1417.7976,1398.1846,1417.7976,23.14280000000008,18.128989483191162,1394.6548,1342.8162,1,,1230.0667467087583,800,69563.98838932902,1134238.08,0.0,18514.23999999999,1203802.0683893291,0.015620037223497585,0.0,120.3802068389329,139.48478887173556,
41885,1421.0976,1432.2335,1417.4999,1431.9057,1421.0976,1432.2335,1417.4999,1431.9057,14.733600000000024,17.80561905622058,1417.7976,1342.8162,1,,1230.0667467087583,800,69563.98838932902,1145524.56,0.0,11286.479999999981,1215088.548389329,0.009375694141397384,0.0,121.5088548389329,140.8727622678545,
41886,1433.7003,1446.4045,1430.2009,1446.4045,1433.7003,1446.4045,1430.2009,1446.4045,16.20360000000005,17.653045812771005,1432.2335,1342.8162,1,,1230.0667467087583,800,69563.98838932902,1157123.6,0.0,11599.040000000037,1226687.5883893291,0.009545839285026059,0.0,122.66875883893292,142.29917324280154,
41887,1447.8311,1452.891,1441.7904,1452.891,1447.8311,1452.891,1441.7904,1452.891,11.100599999999986,17.02900335441186,1446.4045,1342.8162,1,,1230.0667467087583,800,69563.98838932902,1162312.8,0.0,5189.199999999953,1231876.788389329,0.004230253936793771,0.0,123.18767883893291,142.93732362690184,
41891,1454.2977,1469.0303,1449.0626,1469.0303,1454.2977,1469.0303,1449.0626,1469.0303,19.967699999999923,17.308879225420245,1452.891,1342.8162,1,,1230.0667467087583,800,69563.98838932902,1175224.24,0.0,12911.439999999944,1244788.228389329,0.010481113145156096,0.0,124.4788228389329,144.525129145149,
41892,1466.8692,1484.9552,1465.0462,1484.6534,1466.8692,1484.9552,1465.0462,1484.6534,19.909000000000106,17.55650977538023,1469.0303,1342.8162,1,,1230.0667467087583,800,69563.98838932902,1187722.72,0.0,12498.479999999981,1257286.708389329,0.010040647649899537,0.0,125.72867083893291,146.0621502298384,
41893,1486.9202,1504.1051,1478.9738,1488.6992,1486.9202,1504.1051,1478.9738,1488.6992,25.13130000000001,18.277918368201163,1484.9552,1347.3645,1,,1230.0667467087583,800,69563.98838932902,1190959.36,0.0,3236.6400000001304,1260523.3483893292,0.002574305429623447,0.0,126.05233483893292,146.46018134430588,
41894,1488.977,1511.5691,1488.7532,1511.5691,1488.977,1511.5691,1488.7532,1511.5691,22.869899999999916,18.715249952182,1504.1051,1347.3645,1,,1230.0667467087583,800,69563.98838932902,1209255.28,0.0,18295.919999999925,1278819.268389329,0.014514542728128133,0.0,127.88192683893291,148.710152125056,
41897,1514.1496,1535.4638,1513.9785,1535.0605,1514.1496,1535.4638,1513.9785,1535.0605,23.894700000000057,19.20853090911705,1511.5691,1349.1823,1,,1230.0667467087583,800,69563.98838932902,1228048.4000000001,0.0,18793.12000000011,1297612.3883893292,0.01469568098052676,0.0,129.7612388389329,151.02126689157947,
41898,1537.3763,1537.3763,1483.5119,1483.784,1537.3763,1537.3763,1483.5119,1483.784,53.86439999999993,22.509089870153517,1535.4638,1367.6193,1,,1230.0667467087583,800,69563.98838932902,1187027.2000000002,0.0,-41021.19999999995,1256591.1883893292,-0.03161283012326799,-0.03161283012326799,125.65911883893293,145.97661751667465,
41899,1485.5994,1500.5382,1473.9184,1500.5382,1485.5994,1500.5382,1473.9184,1500.5382,26.61979999999994,22.90058607299603,1537.3763,1398.1846,1,,1230.0667467087583,800,69563.98838932902,1200430.56,0.0,13403.35999999987,1269994.548389329,0.010666444364598737,-0.02128358225238658,126.9994548389329,147.62491770403201,
41900,1501.1114,1515.5284,1501.1114,1515.5284,1501.1114,1515.5284,1501.1114,1515.5284,14.990199999999959,22.147215970805927,1537.3763,1417.4999,1,,1230.0667467087583,800,69563.98838932902,1212422.72,0.0,11992.159999999916,1281986.708389329,0.00944268620303057,-0.012041870237841756,128.1986708389329,149.0996732559846,
41901,1516.6946,1537.4937,1516.6946,1536.4951,1516.6946,1537.4937,1516.6946,1536.4951,21.96530000000007,22.129890640252988,1537.3763,1430.2009,1,,1230.0667467087583,800,69563.98838932902,1229196.08,0.0,16773.360000000102,1298760.0683893291,0.013083879801744525,0.0,129.8760068389329,151.16240472261785,
41904,1534.9623,1534.9623,1521.4085,1526.6239,1534.9623,1534.9623,1521.4085,1526.6239,15.08660000000009,21.459101055467,1537.4937,1441.7904,1,,1230.0667467087583,800,69563.98838932902,1221299.12,0.0,-7896.959999999963,1290863.1083893292,-0.006080384046449394,-0.006080384046449394,129.08631083893292,150.1912631098018,
41905,1527.3551,1554.054,1527.3551,1554.054,1527.3551,1554.054,1527.3551,1554.054,27.43010000000004,22.027767621613002,1537.4937,1449.0626,1,,1230.0667467087583,800,69563.98838932902,1243243.2000000002,0.0,21944.080000000075,1312807.1883893292,0.016999540739359054,0.0,131.28071883893293,152.88987235221455,
41906,1555.2792,1578.3044,1555.2792,1578.3044,1555.2792,1578.3044,1555.2792,1578.3044,24.2503999999999,22.23944689574509,1554.054,1465.0462,1,,1230.0667467087583,800,69563.98838932902,1262643.52,0.0,19400.319999999832,1332207.508389329,0.014777737486189269,0.0,133.2207508389329,155.27565853499206,
41907,1582.3488,1594.8269,1578.1506,1583.7504,1582.3488,1594.8269,1578.1506,1583.7504,16.676300000000083,21.709623381864613,1578.3044,1473.9184,1,,1230.0667467087583,800,69563.98838932902,1267000.3199999998,0.0,4356.799999999814,1336564.308389329,0.003270361390822041,0.0,133.6564308389329,155.81144316334482,
41908,1579.743,1597.0589,1579.743,1597.0589,1579.743,1597.0589,1579.743,1597.0589,17.315900000000056,21.29117353597275,1594.8269,1473.9184,1,,1230.0667467087583,800,69563.98838932902,1277647.12,0.0,10646.80000000028,1347211.1083893292,0.007965797031368016,0.0,134.72111083893293,157.12075086191868,
41911,1600.9123,1617.991,1600.9123,1617.5672,1600.9123,1617.991,1600.9123,1617.5672,20.93209999999999,21.256976056356297,1597.0589,1473.9184,1,,1230.0667467087583,800,69563.98838932902,1294053.76,0.0,16406.639999999898,1363617.748389329,0.01217822499965493,0.0,136.36177483893292,159.13838433486166,
41912,1620.3121,1632.0926,1617.1167,1632.0926,1620.3121,1632.0926,1617.1167,1632.0926,14.97589999999991,20.658778336703307,1617.991,1473.9184,1,,1230.0667467087583,800,69563.98838932902,1305674.08,0.0,11620.320000000065,1375238.0683893291,0.008521684331056711,0.0,137.5238068389329,160.56741225272347,
41920,1634.8948,1661.0783,1633.3336,1661.0783,1634.8948,1661.0783,1633.3336,1661.0783,28.98569999999995,21.451818495112512,1632.0926,1473.9184,1,,1230.0667467087583,800,69563.98838932902,1328862.64,0.0,23188.559999999823,1398426.628389329,0.016861487863812696,0.0,139.8426628389329,163.4190634649977,
41921,1664.0837,1670.9781,1642.8561,1667.2126,1664.0837,1670.9781,1642.8561,1667.2126,28.12200000000007,22.087073876530376,1661.0783,1501.1114,1,,1230.0667467087583,800,69563.98838932902,1333770.08,0.0,4907.440000000177,1403334.0683893291,0.003509258119356984,0.0,140.33340683893292,164.02256395080462,
41922,1663.6086,1665.7059,1648.5119,1661.7202,1663.6086,1665.7059,1648.5119,1661.7202,18.700700000000097,21.76456207876559,1670.9781,1516.6946,1,,1230.0667467087583,800,69563.98838932902,1329376.16,0.0,-4393.920000000158,1398940.148389329,-0.003131057742397192,-0.003131057742397192,139.8940148389329,163.48221442954775,
41925,1655.4366,1661.4055,1632.021,1661.4055,1655.4366,1661.4055,1632.021,1661.4055,29.69920000000002,22.520241880787918,1670.9781,1521.4085,1,,1230.0667467087583,800,69563.98838932902,1329124.4000000001,0.0,-251.75999999977648,1398688.3883893292,-0.0001799648114250152,-0.0033104590736060535,139.86883883893293,163.45125383047642,
41926,1657.2947,1674.3672,1648.0292,1658.1264,1657.2947,1674.3672,1648.0292,1658.1264,26.337999999999965,22.883837892141447,1670.9781,1527.3551,1,,1230.0667467087583,800,69563.98838932902,1326501.12,0.0,-2623.280000000028,1396065.1083893292,-0.0018755285464412408,-0.005179778759552889,139.6065108389329,163.12865166837,
41927,1656.444,1665.7493,1641.6242,1665.7493,1656.444,1665.7493,1641.6242,1665.7493,24.125099999999975,23.002053330985117,1674.3672,1555.2792,1,,1230.0667467087583,800,69563.98838932902,1332599.44,0.0,6098.319999999832,1402163.428389329,0.004368220338258899,-0.0008341848362192206,140.2163428389329,163.87860257609498,
41928,1659.6788,1677.3896,1647.5032,1647.5032,1659.6788,1677.3896,1647.5032,1647.5032,29.886399999999867,23.657705394700805,1674.3672,1578.1506,1,,1230.0667467087583,800,69563.98838932902,1318002.56,0.0,-14596.879999999888,1387566.548389329,-0.010410255826431958,-0.011235756585099566,138.75665483893292,162.083527308488,
41929,1642.4822,1643.295,1594.0782,1620.0131,1642.4822,1643.295,1594.0782,1620.0131,53.42500000000018,26.492685833300747,1677.3896,1579.743,1,,1230.0667467087583,800,69563.98838932902,1296010.48,0.0,-21992.080000000075,1365574.468389329,-0.015849387566692408,-0.026907064291069704,136.5574468389329,159.37901518731996,
41932,1620.0812,1646.9614,1620.0812,1646.9614,1620.0812,1646.9614,1620.0812,1646.9614,26.948300000000017,26.536077658700677,1677.3896,1594.0782,1,,1230.0667467087583,800,69563.98838932902,1317569.1199999999,0.0,21558.639999999898,1387133.108389329,0.015787231307442307,-0.011544621031394753,138.7133108389329,162.03022431332795,
41933,1645.1845,1653.0375,1635.2775,1635.2775,1645.1845,1653.0375,1635.2775,1635.2775,17.75999999999999,25.700260738824422,1677.3896,1594.0782,1,,1230.0667467087583,800,69563.98838932902,1308222.0,0.0,-9347.119999999879,1377785.988389329,-0.006738444885691863,-0.018205273124540344,137.7785988389329,160.88074689518413,
41934,1632.6334,1642.117,1615.0166,1615.3505,1632.6334,1642.117,1615.0166,1615.3505,27.100400000000036,25.83360733512686,1677.3896,1594.0782,1,,1230.0667467087583,800,69563.98838932902,1292280.4,0.0,-15941.600000000093,1361844.388389329,-0.011570447177094767,-0.02956507715060308,136.1844388389329,158.92030247924842,
41935,1608.907,1613.3667,1577.3289,1580.9429,1608.907,1613.3667,1577.3289,1580.9429,38.021600000000035,26.994368541305256,1677.3896,1594.0782,0,1594.0782,,0,1343933.8645973292,0.0,892.683792,-17910.52379199979,1343933.8645973292,-0.013151666919289373,-0.04232791402276459,134.3933864597329,155.53523762825478,SELL
41936,1578.8497,1593.989,1578.8497,1584.2647,1578.8497,1593.989,1578.8497,1584.2647,15.139300000000048,25.865314394514286,1677.3896,1577.3289,0,,,0,1343933.8645973292,0.0,0.0,0.0,1343933.8645973292,0.0,-0.04232791402276459,134.3933864597329,155.8620406724087,
41939,1580.6393,1601.5951,1573.4376,1601.5951,1580.6393,1601.5951,1573.4376,1601.5951,28.157500000000027,26.083617785512928,1677.3896,1577.3289,0,,,0,1343933.8645973292,0.0,0.0,0.0,1343933.8645973292,0.0,-0.04232791402276459,134.3933864597329,157.56702817207915,
41940,1605.6521,1651.9521,1605.6521,1651.9521,1605.6521,1651.9521,1605.6521,1651.9521,50.35699999999997,28.395368472606933,1677.3896,1573.4376,0,,,0,1343933.8645973292,0.0,0.0,0.0,1343933.8645973292,0.0,-0.04232791402276459,134.3933864597329,162.52121593005953,
41941,1657.6925,1681.0007,1657.6925,1676.882,1657.6925,1681.0007,1657.6925,1676.882,29.04860000000008,28.45758099902533,1677.3896,1573.4376,1,1677.3896,1648.9942315273931,800,1753.8022613292364,1341505.6,268.382336,-674.4623359998222,1343259.4022613293,-0.0005018567905511473,-0.04280852826223358,134.32594022613293,164.97385221474045,BUY
41942,1677.5886,1685.915,1670.7119,1676.8526,1677.5886,1685.915,1670.7119,1676.8526,15.20309999999995,27.195249475308625,1681.0007,1573.4376,1,,1648.9942315273931,800,1753.8022613292364,1341482.0799999998,0.0,-23.520000000251457,1343235.882261329,-1.750964851665593e-05,-0.04282528834846677,134.3235882261329,164.97095980415034,
41943,1677.6357,1680.3512,1657.4474,1670.8194,1677.6357,1680.3512,1657.4474,1670.8194,22.903800000000047,26.786540001469714,1685.915,1573.4376,1,,1648.9942315273931,800,1753.8022613292364,1336655.52,0.0,-4826.559999999823,1338409.3222613293,-0.0035932333730351873,-0.04626464046619849,133.84093222613294,164.37740566904606,
41946,1670.8248,1691.1593,1670.8248,1691.1593,1670.8248,1691.1593,1670.8248,1691.1593,20.339899999999943,26.17257428704402,1685.915,1573.4376,1,,1648.9942315273931,800,1753.8022613292364,1352927.44,0.0,16271.919999999925,1354681.2422613292,0.012157655904927012,-0.0346694541406245,135.46812422613291,166.37847172894925,
41947,1690.4351,1692.0573,1674.1984,1675.8718,1690.4351,1692.0573,1674.1984,1675.8718,17.85889999999995,25.380795783516014,1691.1593,1573.4376,1,,1648.9942315273931,800,1753.8022613292364,1340697.44,0.0,-12230.0,1342451.2422613292,-0.009027954044439901,-0.043384413946337075,134.24512422613293,164.8744674127643,
41948,1674.1686,1682.3824,1666.2867,1679.7454,1674.1686,1682.3824,1666.2867,1679.7454,16.09569999999985,24.496500946990665,1692.0573,1573.4376,1,,1648.9942315273931,800,1753.8022613292364,1343796.32,0.0,3098.880000000121,1345550.1222613293,0.002308374339748953,-0.04117618707448689,134.55501222613293,165.25555726520415,
41949,1676.8307,1697.1913,1674.6827,1697.1913,1676.8307,1697.1913,1674.6827,1697.1913,22.508599999999888,24.307177047277257,1692.0573,1573.4376,1,,1648.9942315273931,800,1753.8022613292364,1357753.04,0.0,13956.719999999972,1359506.8422613293,0.010372501008393709,-0.031230786108045083,135.95068422613292,166.97190780647844,
41950,1698.4361,1707.6741,1676.7002,1681.4918,1698.4361,1707.6741,1676.7002,1681.4918,30.973899999999958,24.942103042774658,1697.1913,1573.4376,1,,1648.9942315273931,800,1753.8022613292364,1345193.44,0.0,-12559.600000000093,1346947.2422613292,-0.009238349973369142,-0.04018061514940463,134.6947242261329,165.42737038950733,
41953,1681.1518,1688.1603,1677.4664,1688.1603,1681.1518,1688.1603,1677.4664,1688.1603,10.693899999999985,23.585131324415165,1707.6741,1573.4376,1,,1648.9942315273931,800,1753.8022613292364,1350528.24,0.0,5334.800000000047,1352282.0422613292,0.003960659952088275,-0.03637909695058894,135.22820422613293,166.08342617249866,
41954,1688.7886,1688.7886,1608.6164,1623.4032,1688.7886,1688.7886,1608.6164,1623.4032,80.17219999999998,28.97437596018515,1707.6741,1605.6521,0,1648.9942315273931,,0,1320025.7507135884,0.0,923.4367696553402,-32256.29154774081,1320025.7507135884,-0.023853227758464324,-0.05936456582384364,132.00257507135885,159.71253767512366,SELL
41955,1617.7533,1648.6349,1617.7533,1648.6349,1617.7533,1648.6349,1617.7533,1648.6349,30.881599999999935,29.156016344929412,1707.6741,1608.6164,0,,,0,1320025.7507135884,0.0,0.0,0.0,1320025.7507135884,0.0,-0.05936456582384364,132.00257507135885,162.19486543994353,
41956,1646.6258,1646.6258,1612.6515,1618.7446,1646.6258,1646.6258,1612.6515,1618.7446,35.983400000000074,29.806243359698048,1707.6741,1608.6164,0,,,0,1320025.7507135884,0.0,0.0,0.0,1320025.7507135884,0.0,-0.05936456582384364,132.00257507135885,159.25421849230244,
41957,1612.287,1613.8766,1598.3285,1613.8766,1612.287,1613.8766,1598.3285,1613.8766,20.416099999999915,28.911943992107748,1707.6741,1608.6164,0,,,0,1320025.7507135884,0.0,0.0,0.0,1320025.7507135884,0.0,-0.05936456582384364,132.00257507135885,158.77529826262537,
41960,1613.3832,1647.0202,1612.147,1643.4005,1613.3832,1647.0202,1612.147,1643.4005,34.8732,29.479682659526055,1707.6741,1598.3285,0,,,0,1320025.7507135884,0.0,0.0,0.0,1320025.7507135884,0.0,-0.05936456582384364,132.00257507135885,161.6798982973343,
41961,1641.868,1651.4245,1641.868,1651.4245,1641.868,1651.4245,1641.868,1651.4245,9.556500000000142,27.582236691952158,1707.6741,1598.3285,0,,,0,1320025.7507135884,0.0,0.0,0.0,1320025.7507135884,0.0,-0.05936456582384364,132.00257507135885,162.46930994953826,
41962,1650.6529,1671.8296,1649.9385,1669.0181,1650.6529,1671.8296,1649.9385,1669.0181,21.89110000000005,27.040223673671004,1707.6741,1598.3285,0,,,0,1320025.7507135884,0.0,0.0,0.0,1320025.7507135884,0.0,-0.05936456582384364,132.00257507135885,164.20019141068175,
41963,1663.498,1669.1972,1659.9972,1667.749,1663.498,1669.1972,1659.9972,1667.749,9.200000000000045,25.341154752369007,1707.6741,1598.3285,0,,,0,1320025.7507135884,0.0,0.0,0.0,1320025.7507135884,0.0,-0.05936456582384364,132.00257507135885,164.07533568687666,
41964,1665.5382,1686.2814,1665.5382,1686.2814,1665.5382,1686.2814,1665.5382,1686.2814,20.743200000000115,24.903254299762448,1707.6741,1598.3285,0,,,0,1320025.7507135884,0.0,0.0,0.0,1320025.7507135884,0.0,-0.05936456582384364,132.00257507135885,165.89857752427756,
41967,1696.0835,1701.1633,1687.9428,1699.8758,1696.0835,1701.1633,1687.9428,1699.8758,14.88189999999986,23.948839604546965,1707.6741,1598.3285,0,,,0,1320025.7507135884,0.0,0.0,0.0,1320025.7507135884,0.0,-0.05936456582384364,132.00257507135885,167.23601244012022,
41968,1698.2713,1717.8507,1698.2713,1717.8507,1698.2713,1717.8507,1698.2713,1717.8507,19.57939999999985,23.532702499352002,1707.6741,1598.3285,1,1707.6741,1683.725260395453,700,124414.80633958855,1202495.49,239.07437399999998,6884.545626000036,1326910.2963395885,0.005215463124320419,-0.05445871640346889,132.69102963395883,169.00440669575343,BUY
41969,1719.0902,1732.5152,1717.5384,1732.5152,1719.0902,1732.5152,1717.5384,1732.5152,14.97680000000014,22.717854642270872,1717.8507,1598.3285,1,,1683.725260395453,700,124414.80633958855,1212760.6400000001,0.0,10265.15000000014,1337175.4463395886,0.007736129584884122,-0.04714388650570833,133.71754463395885,170.4471194541962,
41970,1733.6587,1749.2398,1732.6271,1749.2398,1733.6587,1749.2398,1732.6271,1749.2398,16.72460000000001,22.147068485864125,1732.5152,1598.3285,1,,1683.725260395453,700,124414.80633958855,1224467.86,0.0,11707.219999999972,1348882.6663395886,0.008755186188953434,-0.03880145382078337,134.88826663395886,172.092507554701,
41971,1748.1099,1757.2211,1737.2296,1750.828,1748.1099,1757.2211,1737.2296,1750.828,19.991500000000087,21.94177624911517,1749.2398,1598.3285,1,,1683.725260395453,700,124414.80633958855,1225579.6,0.0,1111.7399999999907,1349994.4063395886,0.0008241932584225342,-0.03800924045901699,134.99944063395887,172.24875675535282,
41974,1748.3554,1748.3554,1720.9291,1731.09,1748.3554,1748.3554,1720.9291,1731.09,29.898899999999912,22.699597558723237,1757.2211,1612.147,1,,1683.725260395453,700,124414.80633958855,1211763.0,0.0,-13816.600000000093,1336177.8063395885,-0.010234560924932135,-0.04785479349676092,133.61778063395883,170.30690640749617,
41975,1726.1529,1751.2853,1726.1529,1746.0083,1726.1529,1751.2853,1726.1529,1746.0083,25.13239999999996,22.93129302932102,1757.2211,1641.868,1,,1683.725260395453,700,124414.80633958855,1222205.81,0.0,10442.810000000056,1346620.6163395885,0.007815434405850308,-0.04041336509048998,134.66206163395887,171.77458834307373,
41976,1746.0084,1749.0819,1722.3567,1749.0819,1746.0084,1749.0819,1722.3567,1749.0819,26.72519999999986,23.292617502719004,1757.2211,1649.9385,1,,1683.725260395453,700,124414.80633958855,1224357.3299999998,0.0,2151.519999999786,1348772.1363395883,0.00159771800156161,-0.03888021624983706,134.87721363395883,172.07697314544336,
41977,1750.073,1765.3856,1748.1485,1763.3051,1750.073,1765.3856,1748.1485,1763.3051,17.237100000000055,22.715901550079103,1757.2211,1659.9972,1,,1683.725260395453,700,124414.80633958855,1234313.57,0.0,9956.240000000224,1358728.3763395885,0.0073817064660159915,-0.03178551212751257,135.87283763395885,173.4762702306412,
41978,1743.5108,1743.5108,1673.4829,1707.8276,1743.5108,1743.5108,1673.4829,1707.8276,89.82220000000007,29.106977592928722,1765.3856,1665.5382,0,1683.725260395453,,0,1302197.4632388118,0.0,825.025377593772,-56530.91310077673,1302197.4632388118,-0.041605749968268824,-0.07206880202559074,130.21974632388117,168.01832096155533,SELL
41981,1696.81,1702.8516,1689.0515,1697.5646,1696.81,1702.8516,1689.0515,1697.5646,18.776100000000042,28.123084488840277,1765.3856,1673.4829,0,,,0,1302197.4632388118,0.0,0.0,0.0,1302197.4632388118,0.0,-0.07206880202559074,130.21974632388117,167.00863355046744,
41982,1691.1644,1691.1644,1612.968,1613.9733,1691.1644,1691.1644,1612.968,1613.9733,84.59659999999985,33.50151453752214,1765.3856,1673.4829,0,,,0,1302197.4632388118,0.0,0.0,0.0,1302197.4632388118,0.0,-0.07206880202559074,130.21974632388117,158.7848117355526,
41983,1604.6043,1660.1383,1604.6043,1660.1383,1604.6043,1660.1383,1604.6043,1660.1383,55.534000000000106,35.59984648632957,1765.3856,1612.968,0,,,0,1302197.4632388118,0.0,0.0,0.0,1302197.4632388118,0.0,-0.07206880202559074,130.21974632388117,163.32658503116525,
41984,1655.2493,1682.8378,1655.2493,1682.8378,1655.2493,1682.8378,1655.2493,1682.8378,27.588500000000067,34.83686110667914,1765.3856,1604.6043,0,,,0,1302197.4632388118,0.0,0.0,0.0,1302197.4632388118,0.0,-0.07206880202559074,130.21974632388117,165.55979163625042,
41985,1683.5745,1703.5489,1683.5745,1703.5122,1683.5745,1703.5489,1683.5745,1703.5122,20.711099999999988,33.491550525090645,1765.3856,1604.6043,0,,,0,1302197.4632388118,0.0,0.0,0.0,1302197.4632388118,0.0,-0.07206880202559074,130.21974632388117,167.59376624521423,
41988,1699.8893,1735.5067,1699.8893,1735.3418,1699.8893,1735.5067,1699.8893,1735.3418,35.61739999999986,33.694012379843905,1765.3856,1604.6043,0,,,0,1302197.4632388118,0.0,0.0,0.0,1302197.4632388118,0.0,-0.07206880202559074,130.21974632388117,170.7252040723567,
41989,1732.4811,1736.2679,1712.5471,1723.9768,1732.4811,1736.2679,1712.5471,1723.9768,23.720800000000054,32.744182629382586,1765.3856,1604.6043,0,,,0,1302197.4632388118,0.0,0.0,0.0,1302197.4632388118,0.0,-0.07206880202559074,130.21974632388117,169.60710045479712,
41990,1718.802,1718.802,1680.8088,1693.7435,1718.802,1718.802,1680.8088,1693.7435,43.16799999999989,33.736927140869945,1765.3856,1604.6043,0,,,0,1302197.4632388118,0.0,0.0,0.0,1302197.4632388118,0.0,-0.07206880202559074,130.21974632388117,166.63270871693848,
41991,1689.3082,1695.6167,1683.6314,1683.6388,1689.3082,1695.6167,1683.6314,1683.6388,11.985300000000052,31.665343603644242,1765.3856,1604.6043,0,,,0,1302197.4632388118,0.0,0.0,0.0,1302197.4632388118,0.0,-0.07206880202559074,130.21974632388117,165.63859506763322,
41992,1679.375,1679.375,1629.3775,1649.7106,1679.375,1679.375,1629.3775,1649.7106,54.26129999999989,33.81733945091621,1765.3856,1604.6043,0,,,0,1302197.4632388118,0.0,0.0,0.0,1302197.4632388118,0.0,-0.07206880202559074,130.21974632388117,162.30069421789415,
41995,1638.1634,1638.1634,1544.0638,1548.6395,1638.1634,1638.1634,1544.0638,1548.6395,105.64680000000021,40.65824045559087,1765.3856,1604.6043,0,,,0,1302197.4632388118,0.0,0.0,0.0,1302197.4632388118,0.0,-0.07206880202559074,130.21974632388117,152.35718673520827,
41996,1535.8111,1556.1791,1526.7557,1527.4571,1535.8111,1556.1791,1526.7557,1527.4571,29.42340000000013,39.58825565029652,1765.3856,1544.0638,0,,,0,1302197.4632388118,0.0,0.0,0.0,1302197.4632388118,0.0,-0.07206880202559074,130.21974632388117,150.27323441944992,
41997,1531.1323,1566.0872,1531.1323,1566.0872,1531.1323,1566.0872,1531.1323,1566.0872,38.63009999999986,39.49700273122065,1765.3856,1526.7557,0,,,0,1302197.4632388118,0.0,0.0,0.0,1302197.4632388118,0.0,-0.07206880202559074,130.21974632388117,154.07371436284524,
41998,1569.674,1585.1009,1569.674,1585.1009,1569.674,1585.1009,1569.674,1585.1009,19.01369999999997,37.54621199491391,1765.3856,1526.7557,0,,,0,1302197.4632388118,0.0,0.0,0.0,1302197.4632388118,0.0,-0.07206880202559074,130.21974632388117,155.94430712599456,
41999,1583.7185,1586.2082,1579.3672,1586.2082,1583.7185,1586.2082,1579.3672,1586.2082,6.841000000000122,34.62190609063641,1765.3856,1526.7557,0,,,0,1302197.4632388118,0.0,0.0,0.0,1302197.4632388118,0.0,-0.07206880202559074,130.21974632388117,156.05324475342297,
42002,1584.06,1584.06,1544.1354,1549.3433,1584.06,1584.06,1544.1354,1549.3433,42.07280000000014,35.33151503438533,1765.3856,1526.7557,0,,,0,1302197.4632388118,0.0,0.0,0.0,1302197.4632388118,0.0,-0.07206880202559074,130.21974632388117,152.4264275030075,
42003,1546.8744,1548.6646,1521.9828,1523.8577,1546.8744,1548.6646,1521.9828,1523.8577,27.360500000000002,34.572370745396256,1765.3856,1526.7557,0,,,0,1302197.4632388118,0.0,0.0,0.0,1302197.4632388118,0.0,-0.07206880202559074,130.21974632388117,149.9191207229216,
42004,1523.3175,1535.4328,1516.8533,1535.4328,1523.3175,1535.4328,1516.8533,1535.4328,18.579500000000053,33.049240198215664,1765.3856,1521.9828,0,,,0,1302197.4632388118,0.0,0.0,0.0,1302197.4632388118,0.0,-0.07206880202559074,130.21974632388117,151.0578942542559,
42009,1538.4133,1541.9214,1515.8479,1541.9214,1538.4133,1541.9214,1515.8479,1541.9214,26.073499999999967,32.38488398886179,1765.3856,1516.8533,0,,,0,1302197.4632388118,0.0,0.0,0.0,1302197.4632388118,0.0,-0.07206880202559074,130.21974632388117,151.6962512391126,
42010,1536.1106,1572.1439,1532.1465,1572.1439,1536.1106,1572.1439,1532.1465,1572.1439,39.99739999999997,33.10988551373209,1743.5108,1515.8479,0,,,0,1302197.4632388118,0.0,0.0,0.0,1302197.4632388118,0.0,-0.07206880202559074,130.21974632388117,154.66958045879537,
42011,1569.851,1569.851,1556.5304,1567.9628,1569.851,1569.851,1556.5304,1567.9628,15.61349999999993,31.443563083852837,1736.2679,1515.8479,0,,,0,1302197.4632388118,0.0,0.0,0.0,1302197.4632388118,0.0,-0.07206880202559074,130.21974632388117,154.25823835273476,
42012,1566.7953,1580.9693,1563.4512,1572.0582,1566.7953,1580.9693,1563.4512,1572.0582,17.518100000000004,30.117328504438284,1736.2679,1515.8479,0,,,0,1302197.4632388118,0.0,0.0,0.0,1302197.4632388118,0.0,-0.07206880202559074,130.21974632388117,154.66114918030658,
42013,1567.9787,1581.7826,1562.1995,1562.1995,1567.9787,1581.7826,1562.1995,1562.1995,19.58310000000006,29.114068646872738,1736.2679,1515.8479,0,,,0,1302197.4632388118,0.0,0.0,0.0,1302197.4632388118,0.0,-0.07206880202559074,130.21974632388117,153.6912373338979,
42016,1553.2014,1553.2014,1531.4017,1538.2038,1553.2014,1553.2014,1531.4017,1538.2038,30.797800000000052,29.274424013837244,1736.2679,1515.8479,0,,,0,1302197.4632388118,0.0,0.0,0.0,1302197.4632388118,0.0,-0.07206880202559074,130.21974632388117,151.33050887143648,
42017,1536.8315,1563.9729,1536.8315,1563.9729,1536.8315,1563.9729,1536.8315,1563.9729,27.141399999999976,29.071278869662265,1736.2679,1515.8479,0,,,0,1302197.4632388118,0.0,0.0,0.0,1302197.4632388118,0.0,-0.07206880202559074,130.21974632388117,153.865706753641,
42018,1563.796,1563.796,1555.5393,1559.5422,1563.796,1563.796,1555.5393,1559.5422,8.43360000000007,27.105785643980152,1736.2679,1515.8479,0,,,0,1302197.4632388118,0.0,0.0,0.0,1302197.4632388118,0.0,-0.07206880202559074,130.21974632388117,153.42980867195854,
42019,1561.3339,1569.2202,1561.3339,1568.7459,1561.3339,1569.2202,1561.3339,1568.7459,9.677999999999884,25.44599653502965,1736.2679,1515.8479,0,,,0,1302197.4632388118,0.0,0.0,0.0,1302197.4632388118,0.0,-0.07206880202559074,130.21974632388117,154.33528075862222,
42020,1569.5665,1589.1651,1569.5665,1589.1651,1569.5665,1589.1651,1569.5665,1589.1651,20.419200000000046,24.967254007883973,1718.802,1515.8479,0,,,0,1302197.4632388118,0.0,0.0,0.0,1302197.4632388118,0.0,-0.07206880202559074,130.21974632388117,156.34414845661365,
42023,1561.3607,1602.9723,1548.1213,1564.1203,1561.3607,1602.9723,1548.1213,1564.1203,54.850999999999885,27.813325054752156,1695.6167,1515.8479,0,,,0,1302197.4632388118,0.0,0.0,0.0,1302197.4632388118,0.0,-0.07206880202559074,130.21974632388117,153.88020815911642,
42024,1568.5608,1622.1243,1568.5608,1622.1243,1568.5608,1622.1243,1568.5608,1622.1243,58.003999999999905,30.688627430490037,1679.375,1531.4017,0,,,0,1302197.4632388118,0.0,0.0,0.0,1302197.4632388118,0.0,-0.07206880202559074,130.21974632388117,159.5867178144552,
42025,1625.5536,1654.0808,1625.5536,1654.0808,1625.5536,1654.0808,1625.5536,1654.0808,31.956500000000005,30.809377199014797,1638.1634,1531.4017,1,1638.1634,1607.47477256951,700,155253.74036281192,1157856.56,229.342876,10912.83712400007,1313110.300362812,0.008380324360990343,-0.06429243760188275,131.31103003628118,162.73064023016502,BUY
42026,1653.9675,1679.3702,1653.9675,1679.3702,1653.9675,1679.3702,1653.9675,1679.3702,25.402700000000095,30.2944555610134,1654.0808,1531.4017,1,,1607.47477256951,700,155253.74036281192,1175559.1400000001,0.0,17702.580000000075,1330812.880362812,0.013481411268428056,-0.05167777912621552,133.0812880362812,165.21864459672122,
42027,1679.9362,1679.9362,1660.8554,1662.7057,1679.9362,1679.9362,1660.8554,1662.7057,19.08080000000018,29.22648836472643,1679.3702,1531.4017,1,,1607.47477256951,700,155253.74036281192,1163893.99,0.0,-11665.15000000014,1319147.7303628118,-0.008765432144615226,-0.059990233204515464,131.9147730362812,163.57916921310297,
42030,1661.2125,1693.6173,1661.2125,1693.6173,1661.2125,1693.6173,1661.2125,1693.6173,32.404799999999796,29.52918471094294,1679.9362,1531.4017,1,,1607.47477256951,700,155253.74036281192,1185532.1099999999,0.0,21638.11999999988,1340785.8503628117,0.01640310596148975,-0.04457115339493389,134.07858503628117,166.6202929952899,
42031,1695.8545,1705.0007,1681.3862,1705.0007,1695.8545,1705.0007,1681.3862,1705.0007,23.614500000000135,28.965881405138862,1693.6173,1536.8315,1,,1607.47477256951,700,155253.74036281192,1193500.49,0.0,7968.380000000121,1348754.2303628118,0.005943066894570803,-0.038892975846557376,134.87542303628118,167.74020682900107,
42032,1701.4427,1714.741,1699.5471,1702.9247,1701.4427,1714.741,1699.5471,1702.9247,15.193899999999985,27.65426412845897,1705.0007,1548.1213,1,,1607.47477256951,700,155253.74036281192,1192047.29,0.0,-1453.1999999999534,1347301.0303628119,-0.0010774386966030391,-0.0399285097459573,134.73010303628118,167.53596722406894,
42033,1692.3818,1703.4129,1691.0496,1697.1135,1692.3818,1703.4129,1691.0496,1697.1135,12.363299999999981,26.197981830510493,1714.741,1548.1213,1,,1607.47477256951,700,155253.74036281192,1187979.45,0.0,-4067.840000000084,1343233.1903628118,-0.003019251012451707,-0.042827206564932774,134.3233190362812,166.9642537403591,
42034,1698.4512,1703.7474,1678.7872,1678.7872,1698.4512,1703.7474,1678.7872,1678.7872,24.960199999999986,26.080097846652347,1714.741,1548.1213,1,,1607.47477256951,700,155253.74036281192,1175151.04,0.0,-12828.409999999916,1330404.7803628119,-0.009550396827623708,-0.05196858657484282,133.04047803628117,165.16128829148258,
42037,1666.5102,1682.5082,1663.5735,1678.7033,1666.5102,1682.5082,1663.5735,1678.7033,18.93470000000002,25.39958376601879,1714.741,1548.1213,1,,1607.47477256951,700,155253.74036281192,1175092.3099999998,0.0,-58.730000000214204,1330346.0503628117,-4.4144459541262115e-05,-0.052010436909216584,133.03460503628116,165.15303409935643,
42038,1681.1984,1704.8586,1681.1984,1703.3646,1681.1984,1704.8586,1681.1984,1703.3646,26.155300000000125,25.47155674068368,1714.741,1568.5608,1,,1607.47477256951,700,155253.74036281192,1192355.22,0.0,17262.91000000015,1347608.9603628118,0.012976255309881335,-0.03970908230744774,134.7608960362812,167.5792451634763,
42039,1704.8081,1713.2294,1704.403,1704.8501,1704.8081,1713.2294,1704.403,1704.8501,9.864799999999832,23.98519895585665,1714.741,1625.5536,1,,1607.47477256951,700,155253.74036281192,1193395.07,0.0,1039.8500000000931,1348648.810362812,0.0007716259171504092,-0.03896809694735193,134.8648810362812,167.72539060332537,
42040,1711.8977,1719.8846,1700.428,1700.428,1711.8977,1719.8846,1700.428,1700.428,19.45659999999998,23.553903817203633,1714.741,1653.9675,1,,1607.47477256951,700,155253.74036281192,1190299.6,0.0,-3095.469999999972,1345553.340362812,-0.0022952380013350204,-0.04117389389173365,134.55533403628118,167.29033860093116,
42041,1696.4047,1697.7534,1669.7377,1672.4668,1696.4047,1697.7534,1669.7377,1672.4668,30.690300000000207,24.23356059651759,1719.8846,1660.8554,1,,1607.47477256951,700,155253.74036281192,1170726.76,0.0,-19572.840000000084,1325980.5003628118,-0.014546312964986208,-0.05512127851018367,132.59805003628117,164.53947904340308,
42044,1675.5729,1675.5729,1654.6601,1657.2549,1675.5729,1675.5729,1654.6601,1657.2549,20.912799999999834,23.917297682563518,1719.8846,1661.2125,0,1661.2125,,0,1317288.4962378119,0.0,813.9941249999999,-8692.004124999978,1317288.4962378119,-0.0065551522987115085,-0.061315102433361246,131.7288496237812,163.04291235444975,SELL
42045,1654.9899,1669.7988,1651.2504,1669.7988,1654.9899,1669.7988,1651.2504,1669.7988,18.54840000000013,23.405974093747957,1719.8846,1654.6601,0,,,0,1317288.4962378119,0.0,0.0,0.0,1317288.4962378119,0.0,-0.061315102433361246,131.7288496237812,164.27699770141902,
42046,1672.8877,1692.838,1672.8877,1692.838,1672.8877,1692.838,1672.8877,1692.838,23.039199999999937,23.37104322767672,1719.8846,1651.2504,0,,,0,1317288.4962378119,0.0,0.0,0.0,1317288.4962378119,0.0,-0.061315102433361246,131.7288496237812,166.54362443839025,
42047,1693.4175,1710.9439,1693.4175,1710.8939,1693.4175,1710.9439,1693.4175,1710.8939,18.10590000000002,22.869601015517034,1719.8846,1651.2504,0,,,0,1317288.4962378119,0.0,0.0,0.0,1317288.4962378119,0.0,-0.061315102433361246,131.7288496237812,168.3199875803431,
42048,1716.1685,1739.4628,1716.1685,1738.1439,1716.1685,1739.4628,1716.1685,1738.1439,28.568899999999985,23.4123913949916,1719.8846,1651.2504,1,1719.8846,1697.014998984483,700,113128.49239381189,1216700.73,240.78384400000002,12540.726156000048,1329829.222393812,0.009520106029784925,-0.0523787226799689,132.9829222393812,171.00087834835878,BUY
42051,1742.2123,1772.228,1742.2123,1772.228,1742.2123,1772.228,1742.2123,1772.228,34.084100000000035,24.428744595468594,1739.4628,1651.2504,1,,1697.014998984483,700,113128.49239381189,1240559.6,0.0,23858.87000000011,1353688.092393812,0.017941303739025916,-0.035377161514006494,135.3688092393812,174.35411684473027,
42052,1777.5027,1782.6019,1767.6767,1782.6019,1777.5027,1782.6019,1767.6767,1782.6019,14.925199999999904,23.52364511018586,1772.228,1651.2504,1,,1697.014998984483,700,113128.49239381189,1247821.3299999998,0.0,7261.7299999997485,1360949.8223938118,0.005364404134750478,-0.030202534770757516,136.09498223938118,175.37471474338412,
42060,1789.9158,1798.1411,1782.2699,1788.0059,1789.9158,1798.1411,1782.2699,1788.0059,15.871200000000044,22.794840813977686,1782.6019,1651.2504,1,,1697.014998984483,700,113128.49239381189,1251604.1300000001,0.0,3782.8000000002794,1364732.622393812,0.0027795293682073563,-0.027506954234939762,136.4732622393812,175.90636735660826,
42061,1786.8216,1800.4882,1786.1137,1800.4882,1786.8216,1800.4882,1786.1137,1800.4882,14.374499999999898,21.992903593598847,1798.1411,1651.2504,1,,1697.014998984483,700,113128.49239381189,1260341.74,0.0,8737.60999999987,1373470.232393812,0.00640243360246906,-0.021280632080566075,137.3470232393812,177.13439241472207,
42062,1800.7102,1824.8803,1800.7102,1824.8803,1800.7102,1824.8803,1800.7102,1824.8803,24.392100000000028,22.221398489446578,1800.4882,1651.2504,1,,1697.014998984483,700,113128.49239381189,1277416.21,0.0,17074.469999999972,1390544.702393812,0.012431627273232548,-0.009113557693497865,139.0544702393812,179.53411922949329,
42065,1834.6772,1869.0799,1833.3483,1869.0799,1834.6772,1869.0799,1833.3483,1869.0799,44.19959999999992,24.314560538070705,1824.8803,1651.2504,1,,1697.014998984483,700,113128.49239381189,1308355.93,0.0,30939.719999999972,1421484.4223938119,0.022250072181597247,0.0,142.14844223938118,183.882533893346,
42066,1866.2572,1889.2084,1866.214,1868.496,1866.2572,1889.2084,1866.214,1868.496,22.99440000000004,24.188830963016354,1869.0799,1651.2504,1,,1697.014998984483,700,113128.49239381189,1307947.2,0.0,-408.7299999999814,1421075.692393812,-0.00028753744575804596,-0.00028753744575804596,142.1075692393812,183.82508904492602,
42067,1867.7172,1909.7844,1867.7172,1909.7844,1867.7172,1909.7844,1867.7172,1909.7844,42.06719999999996,25.891532776062412,1889.2084,1672.8877,1,,1697.014998984483,700,113128.49239381189,1336849.08,0.0,28901.88000000012,1449977.572393812,0.02033802995483991,0.0,144.9977572393812,187.88709603157332,
42068,1911.9863,1930.4763,1909.0496,1930.4763,1911.9863,1930.4763,1909.0496,1930.4763,21.426699999999983,25.46631060691361,1909.7844,1693.4175,1,,1697.014998984483,700,113128.49239381189,1351333.41,0.0,14484.329999999842,1464461.9023938118,0.009989347611830457,0.0,146.4461902393812,189.9227923135074,
42069,1929.1489,1933.3746,1903.6373,1909.5898,1929.1489,1933.3746,1903.6373,1909.5898,29.737300000000005,25.873071501493268,1930.4763,1716.1685,1,,1697.014998984483,700,113128.49239381189,1336712.8599999999,0.0,-14620.550000000047,1449841.3523938118,-0.009983564595365202,-0.009983564595365202,144.98413523938117,187.86795102814372,
42072,1903.9373,1937.5049,1897.9708,1937.5049,1903.9373,1937.5049,1897.9708,1937.5049,39.53409999999985,27.17412183468437,1933.3746,1742.2123,1,,1697.014998984483,700,113128.49239381189,1356253.43,0.0,19540.570000000065,1469381.9223938119,0.013477729799703297,0.0,146.93819223938118,190.6142752071615,
42073,1936.4325,1971.1835,1936.4325,1969.7358,1936.4325,1971.1835,1936.4325,1969.7358,34.751000000000204,27.895729279000165,1937.5049,1767.6767,1,,1697.014998984483,700,113128.49239381189,1378815.06,0.0,22561.63000000012,1491943.552393812,0.015354503588314472,0.0,149.1943552393812,193.78519345504543,
42074,1972.0502,1981.0388,1970.2972,1980.1047,1972.0502,1981.0388,1970.2972,1980.1047,11.303000000000111,26.315469347666824,1971.1835,1782.2699,1,,1697.014998984483,700,113128.49239381189,1386073.29,0.0,7258.229999999981,1499201.782393812,0.004864949473694313,0.0,149.9201782393812,194.80529944713638,
42075,1978.7398,1986.1637,1950.0646,1962.7831,1978.7398,1986.1637,1950.0646,1962.7831,36.099100000000135,27.247243695508093,1981.0388,1786.1137,1,,1697.014998984483,700,113128.49239381189,1373948.1700000002,0.0,-12125.119999999879,1487076.662393812,-0.008087717172160391,-0.008087717172160391,148.7076662393812,193.10117770301673,
42076,1964.5583,1989.4246,1964.3817,1989.4246,1964.5583,1989.4246,1964.3817,1989.4246,26.64149999999995,27.189553819745413,1986.1637,1800.7102,1,,1697.014998984483,700,113128.49239381189,1392597.22,0.0,18649.049999999814,1505725.712393812,0.012540745525506214,0.0,150.5725712393812,195.72220344232278,
42079,2000.3473,2054.7403,2000.3473,2054.7403,2000.3473,2054.7403,2000.3473,2054.7403,65.31569999999988,30.82061536072203,1989.4246,1833.3483,1,,1697.014998984483,700,113128.49239381189,1438318.21,0.0,45720.98999999999,1551446.702393812,0.030364753436608716,0.0,155.14467023938118,202.14804774090928,
42080,2066.5138,2094.7235,2063.7354,2089.762,2066.5138,2094.7235,2063.7354,2089.762,39.983200000000124,31.693242469224707,2054.7403,1866.214,1,,1697.014998984483,700,113128.49239381189,1462833.4000000001,0.0,24515.190000000177,1575961.892393812,0.015801503179048604,0.0,157.5961892393812,205.59352855596305,
42081,2094.7835,2128.0218,2094.7835,2128.0218,2094.7835,2128.0218,2094.7835,2128.0218,38.259799999999814,32.3186289007271,2094.7235,1867.7172,1,,1697.014998984483,700,113128.49239381189,1489615.26,0.0,26781.85999999987,1602743.752393812,0.01699397690341331,0.0,160.2743752393812,209.3575778993071,
42082,2127.3006,2145.0229,2121.6158,2145.0229,2127.3006,2145.0229,2121.6158,2145.0229,23.4070999999999,31.469911862562604,2128.0218,1897.9708,1,,1697.014998984483,700,113128.49239381189,1501516.03,0.0,11900.770000000019,1614644.522393812,0.007425248098596793,0.0,161.4644522393812,211.03016843274239,
42083,2142.9081,2176.6326,2142.9081,2174.3313,2142.9081,2176.6326,2142.9081,2174.3313,33.72449999999981,31.684634542318527,2145.0229,1897.9708,1,,1697.014998984483,700,113128.49239381189,1522031.91,0.0,20515.87999999989,1635160.4023938118,0.012706128014842388,0.0,163.51604023938117,213.91356729458866,
42086,2185.8746,2237.7729,2185.8746,2237.7729,2185.8746,2237.7729,2185.8746,2237.7729,63.44160000000011,34.70910744305011,2176.6326,1897.9708,1,,1697.014998984483,700,113128.49239381189,1566441.03,0.0,44409.12000000011,1679569.522393812,0.027158876850850167,0.0,167.9569522393812,220.1550351752545,
42087,2247.3212,2258.9731,2190.0394,2258.9731,2247.3212,2258.9731,2190.0394,2258.9731,68.93370000000004,37.96859244847391,2237.7729,1936.4325,1,,1697.014998984483,700,113128.49239381189,1581281.1700000002,0.0,14840.14000000013,1694409.662393812,0.008835680692067527,0.0,169.4409662393812,222.24073867837694,
42088,2261.7657,2305.4266,2259.7943,2298.2198,2261.7657,2305.4266,2259.7943,2298.2198,46.45349999999962,38.77667888195255,2258.9731,1950.0646,1,,1697.014998984483,700,113128.49239381189,1608753.8599999999,0.0,27472.68999999971,1721882.3523938118,0.016213723640590594,0.0,172.18823523938119,226.1018805391138,
42089,2296.0733,2313.616,2258.1799,2266.9735,2296.0733,2313.616,2258.1799,2266.9735,55.4360999999999,40.36329041700468,2305.4266,1950.0646,1,,1697.014998984483,700,113128.49239381189,1586881.45,0.0,-21872.409999999916,1700009.942393812,-0.0127026158143686,-0.0127026158143686,170.00099423938119,223.0278285316038,
42090,2260.4676,2285.1915,2255.2681,2285.1677,2260.4676,2285.1915,2255.2681,2285.1677,29.92340000000013,39.369015139194715,2313.616,1964.3817,1,,1697.014998984483,700,113128.49239381189,1599617.39,0.0,12735.939999999944,1712745.8823938118,0.007491685596889175,-0.005306094221418922,171.2745882393812,224.8177978090875,
42093,2288.4421,2295.4198,2275.8899,2290.9828,2288.4421,2295.4198,2275.8899,2290.9828,19.529899999999998,37.47957560212855,2313.616,2000.3473,1,,1697.014998984483,700,113128.49239381189,1603687.9600000002,0.0,4070.570000000298,1716816.4523938121,0.00237663394309906,-0.002942070921951756,171.6816452393812,225.38989497991645,
42094,2294.7605,2325.6829,2282.2837,2311.5886,2294.7605,2325.6829,2282.2837,2311.5886,43.39919999999984,38.04334935430676,2313.616,2063.7354,1,,1697.014998984483,700,113128.49239381189,1618112.02,0.0,14424.059999999823,1731240.512393812,0.008401631974045864,0.0,173.1240512393812,227.41712063083673,
42095,2313.1149,2369.5462,2313.1149,2369.5462,2313.1149,2369.5462,2313.1149,2369.5462,57.957600000000184,39.93994465389661,2325.6829,2094.7835,1,,1697.014998984483,700,113128.49239381189,1658682.34,0.0,40570.320000000065,1771810.832393812,0.023434248280097547,0.0,177.1810832393812,233.11906539327146,
42096,2380.8793,2432.3398,2380.8793,2432.3398,2380.8793,2432.3398,2380.8793,2432.3398,62.79359999999997,42.1164832582874,2369.5462,2121.6158,1,,1697.014998984483,700,113128.49239381189,1702637.86,0.0,43955.52000000002,1815766.352393812,0.024808246566939474,0.0,181.5766352393812,239.29678218338043,
42097,2426.6287,2496.7497,2426.6287,2496.7497,2426.6287,2496.7497,2426.6287,2496.7497,70.12099999999964,44.78358009083143,2432.3398,2142.9081,1,,1697.014998984483,700,113128.49239381189,1747724.7899999998,0.0,45086.9299999997,1860853.2823938117,0.024830799370502366,0.0,186.08532823938117,245.6335126890249,
42101,2516.105,2550.5929,2508.1561,2550.5929,2516.105,2550.5929,2508.1561,2550.5929,53.84320000000025,45.6464010345618,2496.7497,2185.8746,1,,1697.014998984483,700,113128.49239381189,1785415.03,0.0,37690.24000000022,1898543.522393812,0.020254278161852435,0.0,189.85435223938117,250.93067737894867,
42102,2558.9067,2558.9067,2476.4858,2534.5424,2558.9067,2558.9067,2476.4858,2534.5424,82.42090000000007,49.14873426936545,2550.5929,2190.0394,1,,1697.014998984483,700,113128.49239381189,1774179.68,0.0,-11235.350000000093,1887308.1723938119,-0.005917878556628398,-0.005917878556628398,188.7308172393812,249.35160812125926,
42103,2531.373,2531.373,2413.354,2510.0808,2531.373,2531.373,2413.354,2510.0808,121.1884,56.009654815140166,2558.9067,2255.2681,1,,1697.014998984483,700,113128.49239381189,1757056.56,0.0,-17123.11999999988,1870185.052393812,-0.00907277372633919,-0.014936960709883373,187.0185052393812,246.94504380526325,
42104,2496.1171,2584.3466,2496.1171,2579.0464,2496.1171,2584.3466,2496.1171,2579.0464,88.22949999999992,59.078211499412525,2558.9067,2255.2681,1,,1697.014998984483,700,113128.49239381189,1805332.4800000002,0.0,48275.92000000016,1918460.9723938121,0.025813445540165958,0.0,191.8460972393812,253.72997005666372,
42107,2592.611,2647.1428,2591.2424,2640.4945,2592.611,2647.1428,2591.2424,2640.4945,68.0963999999999,59.937086594706564,2584.3466,2255.2681,1,,1697.014998984483,700,113128.49239381189,1848346.15,0.0,43013.66999999969,1961474.6423938118,0.022420925220244747,0.0,196.14746423938118,259.77531479068585,
42108,2645.3236,2667.1202,2636.4027,2649.8591,2645.3236,2667.1202,2636.4027,2649.8591,30.717499999999745,57.154268823782104,2647.1428,2275.8899,1,,1697.014998984483,700,113128.49239381189,1854901.37,0.0,6555.220000000205,1968029.862393812,0.003341985595082697,0.0,196.8029862393812,260.69661643054496,
42109,2643.3585,2643.3585,2549.5433,2556.5282,2643.3585,2643.3585,2549.5433,2556.5282,100.31580000000031,61.26489084056479,2667.1202,2282.2837,1,,1697.014998984483,700,113128.49239381189,1789569.7400000002,0.0,-65331.62999999989,1902698.2323938122,-0.03319646274093313,-0.03319646274093313,190.26982323938122,251.51459998355062,
42110,2519.9442,2607.1662,2508.8901,2578.2622,2519.9442,2607.1662,2508.8901,2578.2622,98.27610000000004,64.78976790336814,2667.1202,2313.1149,1,,1697.014998984483,700,113128.49239381189,1804783.54,0.0,15213.799999999814,1917912.032393812,0.007995907990548279,-0.025465990612072997,191.7912032393812,253.65281943133243,
42111,2597.306,2610.7899,2572.9682,2588.7441,2597.306,2610.7899,2572.9682,2588.7441,37.82170000000042,62.221380483999795,2667.1202,2380.8793,1,,1697.014998984483,700,113128.49239381189,1812120.8699999999,0.0,7337.329999999842,1925249.3623938118,0.003825686411092599,-0.0217377290952101,192.5249362393812,254.68404251174573,
42114,2577.5544,2583.7581,2526.6579,2532.1039,2577.5544,2583.7581,2526.6579,2532.1039,62.086199999999735,62.20850615219027,2667.1202,2413.354,1,,1697.014998984483,700,113128.49239381189,1772472.73,0.0,-39648.1399999999,1885601.222393812,-0.020593768669375012,-0.041883836000200736,188.5601222393812,249.11170529051412,
42115,2529.5386,2626.3554,2529.5386,2626.3554,2529.5386,2626.3554,2529.5386,2626.3554,96.81680000000006,65.50453413769596,2667.1202,2413.354,1,,1697.014998984483,700,113128.49239381189,1838448.78,0.0,65976.05000000005,1951577.272393812,0.03498939713045046,-0.008359929040907987,195.15772723938122,258.3842915738767,
42116,2646.5646,2713.5167,2646.5646,2713.5167,2646.5646,2713.5167,2646.5646,2713.5167,87.16130000000021,67.56708326743922,2667.1202,2413.354,1,,1697.014998984483,700,113128.49239381189,1899461.6900000002,0.0,61012.91000000015,2012590.182393812,0.03126338416780272,0.0,201.2590182393812,266.95933467472975,
42117,2724.9273,2762.8093,2713.9798,2749.7681,2724.9273,2762.8093,2713.9798,2749.7681,49.292599999999766,65.82665628958785,2713.5167,2413.354,1,,1697.014998984483,700,113128.49239381189,1924837.67,0.0,25375.97999999975,2037966.1623938119,0.012608617602326344,0.0,203.79661623938117,270.52579498987257,
42118,2716.6804,2757.4611,2708.7163,2754.9956,2716.6804,2757.4611,2708.7163,2754.9956,48.74479999999994,64.19981283343662,2762.8093,2496.1171,1,,1697.014998984483,700,113128.49239381189,1928496.9200000002,0.0,3659.250000000233,2041625.412393812,0.0017955401161822149,0.0,204.16254123938123,271.040083301425,
42121,2769.0501,2791.1531,2747.9008,2769.4551,2769.0501,2791.1531,2747.9008,2769.4551,43.252300000000105,62.204811611204576,2762.8093,2508.8901,1,,1697.014998984483,700,113128.49239381189,1938618.57,0.0,10121.649999999907,2051747.062393812,0.0049576430321427445,0.0,205.1747062393812,272.4626278907873,
42122,2768.7552,2768.7552,2671.7892,2685.5303,2768.7552,2768.7552,2671.7892,2685.5303,97.66589999999997,65.58205812442318,2791.1531,2508.8901,1,,1697.014998984483,700,113128.49239381189,1879871.21,0.0,-58747.3600000001,1992999.702393812,-0.02863284713636116,-0.02863284713636116,199.2999702393812,264.20599590812446,
42123,2674.4946,2752.9904,2674.4946,2752.9904,2674.4946,2752.9904,2674.4946,2752.9904,78.49580000000014,66.81193830304956,2791.1531,2508.8901,1,,1697.014998984483,700,113128.49239381189,1927093.28,0.0,47222.070000000065,2040221.772393812,0.02369396741167651,-0.00561730547163708,204.0221772393812,270.8428090934241,
42124,2757.7288,2798.029,2757.7288,2773.2948,2757.7288,2798.029,2757.7288,2773.2948,45.03859999999986,64.73828703609244,2791.1531,2508.8901,1,,1697.014998984483,700,113128.49239381189,1941306.36,0.0,14213.080000000075,2054434.852393812,0.006966438743237102,0.0,205.4434852393812,272.8403826167304,
42128,2782.9731,2804.9684,2762.914,2802.859,2782.9731,2804.9684,2762.914,2802.859,42.05439999999999,62.57791684217888,2798.029,2526.6579,1,,1697.014998984483,700,113128.49239381189,1962001.3,0.0,20694.939999999944,2075129.792393812,0.010073300682124975,0.0,207.5129792393812,275.74894741833657,
42129,2808.5467,2808.5467,2732.5264,2739.4514,2808.5467,2808.5467,2732.5264,2739.4514,76.02029999999968,63.85814380959038,2804.9684,2526.6579,1,,1697.014998984483,700,113128.49239381189,1917615.98,0.0,-44385.320000000065,2030744.472393812,-0.021389177757791478,-0.021389177757791478,203.0744472393812,269.51082450229876,
42130,2748.4916,2796.1894,2720.7811,2722.3364,2748.4916,2796.1894,2720.7811,2722.3364,75.40830000000005,64.9581586848675,2808.5467,2529.5386,1,,1697.014998984483,700,113128.49239381189,1905635.48,0.0,-11980.5,2018763.972393812,-0.0058995605615892455,-0.027162551569836046,201.8763972393812,267.82702833735976,
42131,2712.3306,2712.3306,2669.4854,2671.4903,2712.3306,2712.3306,2669.4854,2671.4903,52.85100000000011,63.805095952975364,2808.5467,2646.5646,1,,1697.014998984483,700,113128.49239381189,1870043.21,0.0,-35592.27000000002,1983171.702393812,-0.017630723792735115,-0.04431437991833742,198.31717023938117,262.8247222793927,
42132,2697.6339,2785.7432,2697.6339,2785.7432,2697.6339,2785.7432,2697.6339,2785.7432,114.25289999999995,68.60964871935866,2808.5467,2669.4854,1,,1697.014998984483,700,113128.49239381189,1950020.24,0.0,79977.03000000003,2063148.732393812,0.04032783944197216,-0.005773643674682694,206.31487323938117,274.06507254834753,
42135,2821.4917,2917.2553,2821.4917,2917.2553,2821.4917,2917.2553,2821.4917,2917.2553,131.51209999999992,74.60035836513401,2808.5467,2669.4854,1,,1697.014998984483,700,113128.49239381189,2042078.71,0.0,92058.46999999974,2155207.2023938117,0.04462037494174598,0.0,215.52072023938118,287.0034055675165,
42136,2945.6817,2999.5567,2936.0632,2999.5341,2945.6817,2999.5567,2936.0632,2999.5341,82.30140000000029,75.33379090178795,2917.2553,2669.4854,1,,1697.014998984483,700,113128.49239381189,2099673.87,0.0,57595.16000000015,2212802.362393812,0.026723722868051247,0.0,221.28023623938117,295.09810190965993,
42137,2989.7484,3074.2648,2989.7484,3052.4849,2989.7484,3074.2648,2989.7484,3052.4849,84.51639999999998,76.20832510161767,2999.5567,2669.4854,1,,1697.014998984483,700,113128.49239381189,2136739.43,0.0,37065.560000000056,2249867.922393812,0.016750506339799243,0.0,224.9867922393812,300.30747111623043,
42138,3070.1624,3109.3832,3068.9031,3104.429,3070.1624,3109.3832,3068.9031,3104.429,56.89830000000029,74.36927509193983,3074.2648,2669.4854,1,,1697.014998984483,700,113128.49239381189,2173100.3000000003,0.0,36360.87000000011,2286228.792393812,0.01616133535577191,0.0,228.62287923938118,305.4177998554188,
42139,3096.7718,3123.7586,3047.7801,3101.5647,3096.7718,3123.7586,3047.7801,3101.5647,75.97850000000017,74.52253460699319,3109.3832,2669.4854,1,,1697.014998984483,700,113128.49239381189,2171095.29,0.0,-2005.0100000002421,2284223.7823938117,-0.0008769944664640539,-0.0008769944664640539,228.42237823938117,305.13600626177373,
42142,3106.4382,3208.7432,3106.4382,3208.3821,3106.4382,3208.7432,3106.4382,3208.3821,107.17849999999999,77.63262654918431,3123.7586,2669.4854,1,,1697.014998984483,700,113128.49239381189,2245867.4699999997,0.0,74772.1799999997,2358995.9623938114,0.03273417454818728,0.0,235.89959623938114,315.6448422809825,
42143,3236.5731,3304.294,3230.5493,3304.294,3236.5731,3304.294,3230.5493,3304.294,95.91190000000006,79.37350973497628,3208.7432,2669.4854,1,,1697.014998984483,700,113128.49239381189,2313005.8,0.0,67138.33000000007,2426134.2923938115,0.028460553163419,0.0,242.61342923938116,325.08078089576577,
42144,3332.9131,3450.8132,3332.9131,3411.2445,3332.9131,3450.8132,3332.9131,3411.2445,146.51920000000018,85.76833737926427,3304.294,2669.4854,1,,1697.014998984483,700,113128.49239381189,2387871.15,0.0,74865.3500000001,2500999.6423938116,0.03085787552433139,0.0,250.09996423938117,335.6027114676799,
42145,3439.5629,3550.3308,3439.5629,3550.3308,3439.5629,3550.3308,3439.5629,3550.3308,139.0863000000004,90.84623858123913,3450.8132,2669.4854,1,,1697.014998984483,700,113128.49239381189,2485231.56,0.0,97360.41000000015,2598360.0523938118,0.03892859812919136,0.0,259.8360052393812,349.286204224651,
42146,3615.6781,3618.4798,3519.6533,3589.8042,3615.6781,3618.4798,3519.6533,3589.8042,98.82650000000012,91.60626347826398,3550.3308,2697.6339,1,,1697.014998984483,700,113128.49239381189,2512862.94,0.0,27631.37999999989,2625991.4323938116,0.010634161333624048,0.0,262.5991432393812,353.16964912895156,
42149,3556.8423,3651.2571,3555.161,3643.5452,3556.8423,3651.2571,3555.161,3643.5452,96.09609999999975,92.03386695652453,3618.4798,2821.4917,1,,1697.014998984483,700,113128.49239381189,2550481.64,0.0,37618.700000000186,2663610.132393812,0.014325522747691277,0.0,266.3610132393812,358.4567592487288,
42150,3665.6755,3788.9635,3665.6755,3788.9635,3665.6755,3788.9635,3665.6755,3788.9635,145.41829999999982,97.11809867495076,3651.2571,2936.0632,1,,1697.014998984483,700,113128.49239381189,2652274.4499999997,0.0,101792.80999999959,2765402.9423938114,0.03821610706538259,0.0,276.5402942393811,372.7632024770053,
42151,3822.4842,3875.8282,3741.7775,3866.0416,3822.4842,3875.8282,3741.7775,3866.0416,134.05069999999978,100.63548927733638,3788.9635,2989.7484,1,,1697.014998984483,700,113128.49239381189,2706229.12,0.0,53954.67000000039,2819357.612393812,0.01951059976572367,0.0,281.9357612393812,380.34624712677373,
42152,3872.2426,3936.4037,3690.0833,3692.177,3872.2426,3936.4037,3690.0833,3692.177,246.32040000000006,114.51024267949482,3875.8282,3047.7801,1,,1697.014998984483,700,113128.49239381189,2584523.9,0.0,-121705.2200000002,2697652.3923938116,-0.0431677129091349,-0.0431677129091349,269.7652392393812,363.24121956623287,
42153,3674.9382,3804.0166,3558.5412,3751.6579,3674.9382,3804.0166,3558.5412,3751.6579,245.4753999999998,126.9831148052572,3936.4037,3047.7801,1,,1697.014998984483,700,113128.49239381189,2626160.5300000003,0.0,41636.630000000354,2739289.022393812,0.01543439403734781,-0.028399586362517715,273.9289022393812,369.0930285821325,
42156,3803.4171,3946.2836,3803.4171,3946.2836,3803.4171,3946.2836,3803.4171,3946.2836,194.62570000000005,133.42526577618509,3936.4037,3106.4382,1,,1697.014998984483,700,113128.49239381189,2762398.52,0.0,136237.98999999976,2875527.0123938117,0.049734799390005247,0.0,287.5527012393812,388.2405604114385,
42157,3998.3361,4136.8641,3998.3361,4136.7144,3998.3361,4136.8641,3998.3361,4136.7144,190.58049999999957,138.86862141654836,3946.2836,3230.5493,1,,1697.014998984483,700,113128.49239381189,2895700.08,0.0,133301.56000000006,3008828.572393812,0.046357262312423764,0.0,300.88285723938117,406.97539247257026,
42158,4178.9264,4188.8465,4087.5725,4188.375,4178.9264,4188.8465,4087.5725,4188.375,101.27399999999943,135.28818128163894,4136.8641,3332.9131,1,,1697.014998984483,700,113128.49239381189,2931862.5,0.0,36162.419999999925,3044990.9923938117,0.012018770471602158,0.0,304.49909923938117,412.05783010964,
42159,4161.0892,4174.6197,3946.8928,4131.631,4161.0892,4174.6197,3946.8928,4131.631,241.48219999999992,145.40189735005427,4188.8465,3439.5629,1,,1697.014998984483,700,113128.49239381189,2892141.7,0.0,-39720.799999999814,3005270.192393812,-0.013044636289309186,-0.013044636289309186,300.52701923938116,406.47528090816184,
42160,4188.0115,4201.8407,4125.1087,4168.0507,4188.0115,4201.8407,4125.1087,4168.0507,76.73199999999997,138.86190712623957,4188.8465,3519.6533,1,,1697.014998984483,700,113128.49239381189,2917635.4899999998,0.0,25493.78999999957,3030763.9823938115,0.008483027604147875,-0.004672266694889515,303.07639823938115,410.0582987982132,
42163,4160.4388,4160.4388,4042.3525,4059.8257,4160.4388,4160.4388,4042.3525,4059.8257,125.69819999999982,137.60822073326435,4201.8407,3555.161,1,,1697.014998984483,700,113128.49239381189,2841877.9899999998,0.0,-75757.5,2955006.4823938115,-0.024996172727433486,-0.029551650636988946,295.5006482393812,399.41098124340596,
42164,4039.156,4086.4882,4014.6227,4066.3916,4039.156,4086.4882,4014.6227,4066.3916,71.86549999999988,131.3470092348582,4201.8407,3558.5412,1,,1697.014998984483,700,113128.49239381189,2846474.12,0.0,4596.130000000354,2959602.612393812,0.0015553705304487409,-0.028042243873067085,295.96026123938117,400.0569431037258,
42165,4046.2215,4201.3597,4043.1209,4166.2859,4046.2215,4201.3597,4043.1209,4166.2859,158.23880000000008,133.90813216487172,4201.8407,3558.5412,1,,1697.014998984483,700,113128.49239381189,2916400.13,0.0,69926.00999999978,3029528.6223938116,0.0236268239888604,-0.00507796904444846,302.95286223938115,409.88467545775836,
42166,4159.8505,4260.5803,4159.8505,4260.5803,4159.8505,4260.5803,4159.8505,4260.5803,100.72980000000007,130.7482910063125,4201.8407,3558.5412,1,,1697.014998984483,700,113128.49239381189,2982406.21,0.0,66006.08000000007,3095534.7023938117,0.021787574315057956,0.0,309.55347023938117,419.16148229943093,
42167,4277.0417,4367.5298,4277.0417,4344.5666,4277.0417,4367.5298,4277.0417,4344.5666,106.94950000000063,128.48173948190185,4260.5803,3558.5412,1,,1697.014998984483,700,113128.49239381189,3041196.62,0.0,58790.41000000015,3154325.112393812,0.018992004823766617,0.0,315.43251123938114,427.42416473281804,
42170,4350.5811,4367.4044,4297.8434,4299.2525,4350.5811,4367.4044,4297.8434,4299.2525,69.5610000000006,122.87024048362554,4367.5298,3803.4171,1,,1697.014998984483,700,113128.49239381189,3009476.7499999995,0.0,-31719.870000000577,3122605.2423938112,-0.010055992603732689,-0.010055992603732689,312.26052423938114,422.9661040960862,
42171,4239.6492,4239.6492,4077.3706,4099.5246,4239.6492,4239.6492,4077.3706,4099.5246,221.8818999999994,132.29992234232782,4367.5298,3946.8928,1,,1697.014998984483,700,113128.49239381189,2869667.2199999997,0.0,-139809.5299999998,2982795.7123938114,-0.044773360430542586,-0.05437911245294147,298.27957123938114,403.31661113369506,
42172,4085.8832,4183.9948,3936.088,4183.9948,4085.8832,4183.9948,3936.088,4183.9948,247.9068000000002,143.31010116686804,4367.5298,3946.8928,0,3946.8928,,0,2874019.474921812,0.0,1933.977472,-108776.2374719996,2874019.474921812,-0.03646788045859917,-0.08886390193916205,287.4019474921812,411.6269002842433,SELL
42173,4177.7974,4210.4316,4050.3796,4057.5731,4177.7974,4210.4316,4050.3796,4057.5731,160.05199999999968,144.90456772240438,4367.5298,3936.088,0,,,0,2874019.474921812,0.0,0.0,0.0,2874019.474921812,0.0,-0.08886390193916205,287.4019474921812,399.18936749867083,
42174,3945.4043,3946.5603,3769.3498,3774.561,3945.4043,3946.5603,3769.3498,3774.561,288.2233000000001,158.55397079646113,4367.5298,3936.088,0,,,0,2874019.474921812,0.0,0.0,0.0,2874019.474921812,0.0,-0.08886390193916205,287.4019474921812,371.3462656224605,
42178,3741.0451,3761.491,3534.075,3749.6503,3741.0451,3761.491,3534.075,3749.6503,240.48600000000033,166.3570211967982,4367.5298,3769.3498,0,,,0,2874019.474921812,0.0,0.0,0.0,2874019.474921812,0.0,-0.08886390193916205,287.4019474921812,368.8955182589813,
42179,3788.3708,3846.5457,3751.3828,3846.4818,3788.3708,3846.5457,3751.3828,3846.4818,96.89540000000034,159.74162870186507,4367.5298,3534.075,0,,,0,2874019.474921812,0.0,0.0,0.0,2874019.474921812,0.0,-0.08886390193916205,287.4019474921812,378.42192832882023,
42180,3857.5862,3866.5294,3670.4493,3717.4521,3857.5862,3866.5294,3670.4493,3717.4521,196.08009999999967,163.2024354921636,4367.5298,3534.075,0,,,0,2874019.474921812,0.0,0.0,0.0,2874019.474921812,0.0,-0.08886390193916205,287.4019474921812,365.727817080019,
42181,3572.5648,3572.5648,3411.1659,3419.718,3572.5648,3572.5648,3411.1659,3419.718,306.2862,176.82946068338612,4367.5298,3534.075,0,,,0,2874019.474921812,0.0,0.0,0.0,2874019.474921812,0.0,-0.08886390193916205,287.4019474921812,336.4363455198921,
42184,3473.2896,3473.2896,3150.8789,3167.3249,3473.2896,3473.2896,3150.8789,3167.3249,322.4106999999999,190.6943406183017,4367.5298,3411.1659,0,,,0,2874019.474921812,0.0,0.0,0.0,2874019.474921812,0.0,-0.08886390193916205,287.4019474921812,311.6055810538055,
42185,3040.7625,3271.575,2932.4553,3264.3887,3040.7625,3271.575,2932.4553,3264.3887,339.11969999999974,204.83008913084439,4367.5298,3150.8789,0,,,0,2874019.474921812,0.0,0.0,0.0,2874019.474921812,0.0,-0.08886390193916205,287.4019474921812,321.15484510255857,
42186,3223.4361,3323.0061,3065.2087,3066.691,3223.4361,3323.0061,3065.2087,3066.691,257.7973999999999,209.87459492790683,4367.5298,2932.4553,0,,,0,2874019.474921812,0.0,0.0,0.0,2874019.474921812,0.0,-0.08886390193916205,287.4019474921812,301.70508588098295,
42187,3020.9006,3020.9006,2854.2821,2863.796,3020.9006,3020.9006,2854.2821,2863.796,212.4088999999999,210.1159573157252,4367.5298,2932.4553,0,,,0,2874019.474921812,0.0,0.0,0.0,2874019.474921812,0.0,-0.08886390193916205,287.4019474921812,281.74400946349516,
42188,2723.3956,2827.7051,2661.846,2679.259,2723.3956,2827.7051,2661.846,2679.259,201.94999999999982,209.33824709517995,4367.5298,2854.2821,0,,,0,2874019.474921812,0.0,0.0,0.0,2874019.474921812,0.0,-0.08886390193916205,287.4019474921812,263.589017182493,
42191,2840.4831,2840.4831,2504.85,2529.6577,2840.4831,2840.4831,2504.85,2529.6577,335.6331,221.36632832421043,4367.5298,2661.846,0,,,0,2874019.474921812,0.0,0.0,0.0,2874019.474921812,0.0,-0.08886390193916205,287.4019474921812,248.871044923662,
42192,2418.4238,2418.4238,2381.2853,2383.2058,2418.4238,2418.4238,2381.2853,2383.2058,148.3724000000002,214.4145256266666,4367.5298,2504.85,0,,,0,2874019.474921812,0.0,0.0,0.0,2874019.474921812,0.0,-0.08886390193916205,287.4019474921812,234.46291477069482,
42193,2292.4826,2311.5232,2292.4215,2307.6668,2292.4826,2311.5232,2292.4215,2307.6668,90.78430000000026,202.64021842412694,4367.5298,2381.2853,0,,,0,2874019.474921812,0.0,0.0,0.0,2874019.474921812,0.0,-0.08886390193916205,287.4019474921812,227.03128879913015,
42194,2254.8328,2385.5235,2254.8328,2385.4471,2254.8328,2385.5235,2254.8328,2385.4471,130.69069999999965,195.78788333611482,4367.5298,2292.4215,0,,,0,2874019.474921812,0.0,0.0,0.0,2874019.474921812,0.0,-0.08886390193916205,287.4019474921812,234.68341680659765,
42195,2424.855,2476.1946,2424.855,2476.0495,2424.855,2476.1946,2424.855,2476.0495,90.74749999999995,185.78403730410386,4367.5298,2254.8328,0,,,0,2874019.474921812,0.0,0.0,0.0,2874019.474921812,0.0,-0.08886390193916205,287.4019474921812,243.5969998421964,
42198,2563.5864,2600.3367,2556.5727,2597.3702,2563.5864,2600.3367,2556.5727,2597.3702,124.28719999999976,179.92719565609394,4367.5298,2254.8328,0,,,0,2874019.474921812,0.0,0.0,0.0,2874019.474921812,0.0,-0.08886390193916205,287.4019474921812,255.53268955225877,
42199,2659.3095,2720.5555,2659.3095,2671.1387,2659.3095,2720.5555,2659.3095,2671.1387,123.1853000000001,174.5232055936088,4367.4044,2254.8328,0,,,0,2874019.474921812,0.0,0.0,0.0,2874019.474921812,0.0,-0.08886390193916205,287.4019474921812,262.79013140988684,
42200,2672.9834,2672.9834,2548.8525,2556.1918,2672.9834,2672.9834,2548.8525,2556.1918,124.13090000000011,169.72393839421747,4239.6492,2254.8328,0,,,0,2874019.474921812,0.0,0.0,0.0,2874019.474921812,0.0,-0.08886390193916205,287.4019474921812,251.4815045099961,
42201,2462.5792,2624.6769,2431.343,2571.2783,2462.5792,2624.6769,2431.343,2571.2783,193.33390000000009,171.97250616619675,4210.4316,2254.8328,0,,,0,2874019.474921812,0.0,0.0,0.0,2874019.474921812,0.0,-0.08886390193916205,287.4019474921812,252.96573418235093,
42202,2576.655,2712.8775,2576.655,2698.7219,2576.655,2712.8775,2576.655,2698.7219,141.5992000000001,169.0798103408447,4210.4316,2254.8328,0,,,0,2874019.474921812,0.0,0.0,0.0,2874019.474921812,0.0,-0.08886390193916205,287.4019474921812,265.50380283125673,
42205,2715.7084,2787.946,2710.3636,2772.9275,2715.7084,2787.946,2710.3636,2772.9275,89.22409999999991,161.47450459409757,3946.5603,2254.8328,0,,,0,2874019.474921812,0.0,0.0,0.0,2874019.474921812,0.0,-0.08886390193916205,287.4019474921812,272.8042471606169,
42206,2751.328,2862.8551,2751.328,2848.2694,2751.328,2862.8551,2751.328,2848.2694,111.52710000000025,156.71760891846927,3866.5294,2254.8328,0,,,0,2874019.474921812,0.0,0.0,0.0,2874019.474921812,0.0,-0.08886390193916205,287.4019474921812,280.21648217547056,
42207,2862.754,2904.9098,2823.3833,2903.3535,2862.754,2904.9098,2823.3833,2903.3535,81.52649999999994,149.5565509262341,3866.5294,2254.8328,0,,,0,2874019.474921812,0.0,0.0,0.0,2874019.474921812,0.0,-0.08886390193916205,287.4019474921812,285.63572823618443,
42208,2911.5613,3011.42,2910.6393,3004.7435,2911.5613,3011.42,2910.6393,3004.7435,108.0664999999999,145.605117504688,3866.5294,2254.8328,0,,,0,2874019.474921812,0.0,0.0,0.0,2874019.474921812,0.0,-0.08886390193916205,287.4019474921812,295.6106095194545,
42209,3015.7608,3064.9094,2972.167,2976.94,3015.7608,3064.9094,2972.167,2976.94,92.74240000000009,140.57057298043202,3572.5648,2424.855,0,,,0,2874019.474921812,0.0,0.0,0.0,2874019.474921812,0.0,-0.08886390193916205,287.4019474921812,292.87526469492155,
42212,2922.7882,2996.7994,2785.9075,2785.9075,2922.7882,2996.7994,2785.9075,2785.9075,210.89190000000008,147.2678422203909,3473.2896,2431.343,0,,,0,2874019.474921812,0.0,0.0,0.0,2874019.474921812,0.0,-0.08886390193916205,287.4019474921812,274.08123659800566,
42213,2618.8941,2787.7224,2600.5621,2674.1991,2618.8941,2787.7224,2600.5621,2674.1991,187.1603,151.067123913687,3323.0061,2431.343,0,,,0,2874019.474921812,0.0,0.0,0.0,2874019.474921812,0.0,-0.08886390193916205,287.4019474921812,263.0912175789303,
42214,2716.0296,2798.5745,2623.8107,2798.5745,2716.0296,2798.5745,2623.8107,2798.5745,174.76380000000017,153.32395020762158,3323.0061,2431.343,0,,,0,2874019.474921812,0.0,0.0,0.0,2874019.474921812,0.0,-0.08886390193916205,287.4019474921812,275.3274326845545,
42215,2790.6487,2841.557,2723.4394,2724.4243,2790.6487,2841.557,2723.4394,2724.4243,118.11759999999958,149.97096447356233,3064.9094,2431.343,0,,,0,2874019.474921812,0.0,0.0,0.0,2874019.474921812,0.0,-0.08886390193916205,287.4019474921812,268.0324386799117,
42216,2667.7341,2737.2269,2627.7493,2660.023,2667.7341,2737.2269,2627.7493,2660.023,109.47760000000017,146.1144535713183,3064.9094,2576.655,0,,,0,2874019.474921812,0.0,0.0,0.0,2874019.474921812,0.0,-0.08886390193916205,287.4019474921812,261.6965542535554,
42219,2621.1735,2627.2312,2502.2244,2517.0896,2621.1735,2627.2312,2502.2244,2517.0896,157.79860000000008,147.22722942166897,3064.9094,2600.5621,0,,,0,2874019.474921812,0.0,0.0,0.0,2874019.474921812,0.0,-0.08886390193916205,287.4019474921812,247.6345787489281,
42220,2513.3564,2668.9126,2507.4967,2668.9126,2513.3564,2668.9126,2507.4967,2668.9126,161.41589999999997,148.57853138151,3064.9094,2502.2244,0,,,0,2874019.474921812,0.0,0.0,0.0,2874019.474921812,0.0,-0.08886390193916205,287.4019474921812,262.5711247699353,
42221,2665.5454,2716.8615,2630.1953,2660.7211,2665.5454,2716.8615,2630.1953,2660.7211,86.66620000000012,142.68211886898527,3064.9094,2502.2244,0,,,0,2874019.474921812,0.0,0.0,0.0,2874019.474921812,0.0,-0.08886390193916205,287.4019474921812,261.7652342478729,
42222,2598.9161,2679.963,2598.9161,2657.4781,2598.9161,2679.963,2598.9161,2657.4781,81.04690000000028,136.81209802432002,3064.9094,2502.2244,0,,,0,2874019.474921812,0.0,0.0,0.0,2874019.474921812,0.0,-0.08886390193916205,287.4019474921812,261.4461836511508,
42223,2678.7348,2754.7272,2678.7348,2754.7272,2678.7348,2754.7272,2678.7348,2754.7272,97.2491,133.04419345057525,3064.9094,2502.2244,0,,,0,2874019.474921812,0.0,0.0,0.0,2874019.474921812,0.0,-0.08886390193916205,287.4019474921812,271.0136777571264,
42226,2786.1493,2901.2477,2784.063,2886.9044,2786.1493,2901.2477,2784.063,2886.9044,146.52050000000008,134.32765121718714,3064.9094,2502.2244,0,,,0,2874019.474921812,0.0,0.0,0.0,2874019.474921812,0.0,-0.08886390193916205,287.4019474921812,284.01744418729754,
42227,2891.2663,2952.5061,2891.2663,2925.5774,2891.2663,2952.5061,2891.2663,2925.5774,65.60170000000016,127.782322529836,3064.9094,2502.2244,0,,,0,2874019.474921812,0.0,0.0,0.0,2874019.474921812,0.0,-0.08886390193916205,287.4019474921812,287.82214468900287,
42228,2891.9567,2939.7098,2888.7733,2888.8698,2891.9567,2939.7098,2888.7733,2888.8698,50.93650000000025,120.46367276508974,3064.9094,2502.2244,0,,,0,2874019.474921812,0.0,0.0,0.0,2874019.474921812,0.0,-0.08886390193916205,287.4019474921812,284.2108028190575,
42229,2874.4843,2970.1746,2863.6359,2970.1746,2874.4843,2970.1746,2863.6359,2970.1746,106.53869999999961,119.1374848827002,3064.9094,2502.2244,0,,,0,2874019.474921812,0.0,0.0,0.0,2874019.474921812,0.0,-0.08886390193916205,287.4019474921812,292.20967576274046,
42230,2995.9839,3035.2313,2995.9839,3013.8918,2995.9839,3035.2313,2995.9839,3013.8918,65.05670000000009,113.98693394149068,3064.9094,2502.2244,0,,,0,2874019.474921812,0.0,0.0,0.0,2874019.474921812,0.0,-0.08886390193916205,287.4019474921812,296.51063128140083,
42233,3004.9126,3069.5112,2991.4768,3069.5112,3004.9126,3069.5112,2991.4768,3069.5112,78.0344,110.56288308992013,3064.9094,2502.2244,1,3064.9094,2950.922466058509,500,1341258.283981812,1534755.5999999999,306.49094,1994.4090599999763,2876013.883981812,0.0006939441703170957,-0.08823162435554721,287.60138839818114,301.98254085874294,BUY
42234,3075.3189,3085.4319,2865.0114,2868.807,3075.3189,3085.4319,2865.0114,2868.807,220.42050000000017,121.02551327183252,3069.5112,2507.4967,0,2950.922466058509,,0,2815686.694147946,0.0,1032.8228631204781,-60327.18983386597,2815686.694147946,-0.020975973088955935,-0.1073568532664263,281.56866941479456,282.2369982208723,SELL
42235,2759.7008,2955.5109,2707.2159,2938.4552,2759.7008,2955.5109,2707.2159,2938.4552,248.29500000000007,133.14641676975324,3085.4319,2598.9161,0,,,0,2815686.694147946,0.0,0.0,0.0,2815686.694147946,0.0,-0.1073568532664263,281.56866941479456,289.08907955624517,
42236,2903.2828,2945.1665,2831.2229,2831.6489,2903.2828,2945.1665,2831.2229,2831.6489,113.9435999999996,131.31757707739575,3085.4319,2598.9161,0,,,0,2815686.694147946,0.0,0.0,0.0,2815686.694147946,0.0,-0.1073568532664263,281.56866941479456,278.58133556960615,
42237,2776.7417,2802.7446,2683.3022,2686.4395,2776.7417,2802.7446,2683.3022,2686.4395,148.34670000000006,132.93939830811996,3085.4319,2678.7348,0,,,0,2815686.694147946,0.0,0.0,0.0,2815686.694147946,0.0,-0.1073568532664263,281.56866941479456,264.2954441975292,
42240,2568.3681,2568.3681,2494.8898,2497.1789,2568.3681,2568.3681,2494.8898,2497.1789,191.54970000000003,138.5213318025847,3085.4319,2683.3022,0,,,0,2815686.694147946,0.0,0.0,0.0,2815686.694147946,0.0,-0.1073568532664263,281.56866941479456,245.67573794838756,
42241,2331.7425,2377.2303,2326.8288,2331.1273,2331.7425,2377.2303,2326.8288,2331.1273,170.3501000000001,141.5526430594814,3085.4319,2494.8898,0,,,0,2815686.694147946,0.0,0.0,0.0,2815686.694147946,0.0,-0.1073568532664263,281.56866941479456,229.3393635830946,
42242,2320.9177,2383.1799,2221.6053,2242.4915,2320.9177,2383.1799,2221.6053,2242.4915,161.57459999999992,143.45949610143552,3085.4319,2326.8288,0,,,0,2815686.694147946,0.0,0.0,0.0,2815686.694147946,0.0,-0.1073568532664263,281.56866941479456,220.61925723683098,
42243,2274.5647,2301.3709,2200.7851,2301.3709,2274.5647,2301.3709,2200.7851,2301.3709,100.58579999999984,139.37628694891782,3085.4319,2221.6053,0,,,0,2815686.694147946,0.0,0.0,0.0,2815686.694147946,0.0,-0.1073568532664263,281.56866941479456,226.41188989320904,
42244,2331.4993,2432.2041,2326.9258,2432.2041,2331.4993,2432.2041,2326.9258,2432.2041,130.83320000000003,138.56265962044947,3085.4319,2200.7851,0,,,0,2815686.694147946,0.0,0.0,0.0,2815686.694147946,0.0,-0.1073568532664263,281.56866941479456,239.28343183926222,
42247,2419.4702,2419.4702,2353.9108,2355.449,2419.4702,2419.4702,2353.9108,2355.449,78.29329999999982,132.82272060897807,3085.4319,2200.7851,0,,,0,2815686.694147946,0.0,0.0,0.0,2815686.694147946,0.0,-0.1073568532664263,281.56866941479456,231.73216435345964,
42248,2324.697,2324.697,2221.7135,2223.2134,2324.697,2324.697,2221.7135,2223.2134,133.73550000000023,132.90965197955163,3085.4319,2200.7851,0,,,0,2815686.694147946,0.0,0.0,0.0,2815686.694147946,0.0,-0.1073568532664263,281.56866941479456,218.72265245463342,
42249,2120.4651,2252.9883,2120.4651,2130.9838,2120.4651,2252.9883,2120.4651,2130.9838,132.5232000000001,132.87284702911816,3085.4319,2200.7851,0,,,0,2815686.694147946,0.0,0.0,0.0,2815686.694147946,0.0,-0.1073568532664263,281.56866941479456,209.64898334719194,
42254,2159.6227,2211.9274,2158.7477,2166.3669,2159.6227,2211.9274,2158.7477,2166.3669,80.94360000000006,127.92720445491643,3085.4319,2120.4651,0,,,0,2815686.694147946,0.0,0.0,0.0,2815686.694147946,0.0,-0.1073568532664263,281.56866941479456,213.13001916861492,
42255,2156.2579,2264.6506,2148.8386,2264.6506,2156.2579,2264.6506,2148.8386,2264.6506,115.8119999999999,126.7733754592101,3085.4319,2120.4651,0,,,0,2815686.694147946,0.0,0.0,0.0,2815686.694147946,0.0,-0.1073568532664263,281.56866941479456,222.79929858059378,
42256,2279.7735,2355.7651,2279.7735,2355.7651,2279.7735,2355.7651,2279.7735,2355.7651,91.11450000000013,123.37729208214249,3085.4319,2120.4651,0,,,0,2815686.694147946,0.0,0.0,0.0,2815686.694147946,0.0,-0.1073568532664263,281.56866941479456,231.76326268636865,
42257,2318.1665,2363.8653,2318.1665,2325.1536,2318.1665,2363.8653,2318.1665,2325.1536,45.69880000000012,115.9793404552718,3085.4319,2120.4651,0,,,0,2815686.694147946,0.0,0.0,0.0,2815686.694147946,0.0,-0.1073568532664263,281.56866941479456,228.7516631360893,
42258,2313.4883,2348.5326,2310.6995,2348.5326,2313.4883,2348.5326,2310.6995,2348.5326,37.83309999999983,108.53684136429352,3085.4319,2120.4651,0,,,0,2815686.694147946,0.0,0.0,0.0,2815686.694147946,0.0,-0.1073568532664263,281.56866941479456,231.05171984307785,
42261,2352.3602,2352.3602,2194.9464,2197.9579,2352.3602,2352.3602,2194.9464,2197.9579,157.41380000000026,113.1917898057894,3085.4319,2120.4651,0,,,0,2815686.694147946,0.0,0.0,0.0,2815686.694147946,0.0,-0.1073568532664263,281.56866941479456,216.23798321457394,
42262,2117.2078,2156.4099,2071.8797,2085.3481,2117.2078,2156.4099,2071.8797,2085.3481,126.07819999999992,114.41906696714278,3085.4319,2120.4651,0,,,0,2815686.694147946,0.0,0.0,0.0,2815686.694147946,0.0,-0.1073568532664263,281.56866941479456,205.15928328033203,
42263,2079.8062,2215.9806,2079.8062,2209.1116,2079.8062,2215.9806,2079.8062,2209.1116,136.17439999999988,116.49100344646251,3085.4319,2071.8797,0,,,0,2815686.694147946,0.0,0.0,0.0,2815686.694147946,0.0,-0.1073568532664263,281.56866941479456,217.33529886078378,
42264,2196.4673,2254.8175,2164.6328,2164.6328,2196.4673,2254.8175,2164.6328,2164.6328,90.18470000000025,113.98564121346611,3085.4319,2071.8797,0,,,0,2815686.694147946,0.0,0.0,0.0,2815686.694147946,0.0,-0.1073568532664263,281.56866941479456,212.95941613445652,
42265,2167.3341,2179.9171,2140.8512,2179.9171,2167.3341,2179.9171,2140.8512,2179.9171,39.065900000000056,106.85042776456459,2955.5109,2071.8797,0,,,0,2815686.694147946,0.0,0.0,0.0,2815686.694147946,0.0,-0.1073568532664263,281.56866941479456,214.46310563044122,
42268,2146.4953,2251.1081,2146.4953,2251.1081,2146.4953,2251.1081,2146.4953,2251.1081,104.61279999999988,106.63732035841556,2945.1665,2071.8797,0,,,0,2815686.694147946,0.0,0.0,0.0,2815686.694147946,0.0,-0.1073568532664263,281.56866941479456,221.46696965487442,
42269,2251.5031,2283.5632,2240.2507,2271.7484,2251.5031,2283.5632,2240.2507,2271.7484,43.3125,100.60638508618551,2802.7446,2071.8797,0,,,0,2815686.694147946,0.0,0.0,0.0,2815686.694147946,0.0,-0.1073568532664263,281.56866941479456,223.49758946107897,
42270,2228.9788,2278.6125,2228.9788,2257.5348,2228.9788,2278.6125,2228.9788,2257.5348,49.63370000000032,95.75184364940597,2568.3681,2071.8797,0,,,0,2815686.694147946,0.0,0.0,0.0,2815686.694147946,0.0,-0.1073568532664263,281.56866941479456,222.099236836482,
42271,2254.9312,2289.2947,2254.9312,2289.2947,2254.9312,2289.2947,2254.9312,2289.2947,34.36349999999993,89.9053347304149,2432.2041,2071.8797,0,,,0,2815686.694147946,0.0,0.0,0.0,2815686.694147946,0.0,-0.1073568532664263,281.56866941479456,225.22381748613708,
42272,2271.365,2282.8151,2187.1644,2200.6915,2271.365,2282.8151,2187.1644,2200.6915,102.1302999999998,91.06961713704204,2432.2041,2071.8797,0,,,0,2815686.694147946,0.0,0.0,0.0,2815686.694147946,0.0,-0.1073568532664263,281.56866941479456,216.50691837066378,
42275,2197.0044,2250.7669,2179.5514,2249.6175,2197.0044,2250.7669,2179.5514,2249.6175,71.21550000000025,89.17874883827616,2432.2041,2071.8797,0,,,0,2815686.694147946,0.0,0.0,0.0,2815686.694147946,0.0,-0.1073568532664263,281.56866941479456,221.32032247033112,
42276,2207.1409,2239.5736,2204.9604,2213.9431,2207.1409,2239.5736,2204.9604,2213.9431,44.6570999999999,84.93859180605938,2432.2041,2071.8797,0,,,0,2815686.694147946,0.0,0.0,0.0,2815686.694147946,0.0,-0.1073568532664263,281.56866941479456,217.81062817255136,
42277,2217.7189,2225.1147,2188.5768,2208.4121,2217.7189,2225.1147,2188.5768,2208.4121,36.53790000000026,80.32900211024423,2419.4702,2079.8062,0,,,0,2815686.694147946,0.0,0.0,0.0,2815686.694147946,0.0,-0.1073568532664263,281.56866941479456,217.26648113262863,
42285,2259.3335,2294.3466,2244.9276,2288.879,2259.3335,2294.3466,2244.9276,2288.879,85.93449999999984,80.86285905212571,2363.8653,2140.8512,0,,,0,2815686.694147946,0.0,0.0,0.0,2815686.694147946,0.0,-0.1073568532664263,281.56866941479456,225.18292037449436,
42286,2281.6319,2328.5977,2281.6319,2325.8803,2281.6319,2328.5977,2281.6319,2325.8803,46.965799999999945,77.63456771382802,2363.8653,2140.8512,0,,,0,2815686.694147946,0.0,0.0,0.0,2815686.694147946,0.0,-0.1073568532664263,281.56866941479456,228.82315683594675,
42289,2336.5623,2436.8198,2336.5623,2424.8317,2336.5623,2436.8198,2336.5623,2424.8317,110.93950000000041,80.80646602679681,2363.8653,2146.4953,1,2363.8653,2286.230732286172,700,1160650.0430059459,1697382.1900000002,330.941142,42345.53885800019,2858032.233005946,0.015039151531315742,-0.09393225771930958,285.8032233005946,238.55812545034047,BUY
42290,2410.8247,2464.9185,2410.8247,2464.9185,2410.8247,2464.9185,2410.8247,2464.9185,54.0938000000001,78.26240259567332,2436.8198,2179.5514,1,,2286.230732286172,700,1160650.0430059459,1725442.9500000002,0.0,28060.760000000242,2886092.9930059463,0.009818209772423536,-0.08503629455757167,288.60929930059467,242.50191745178236,
42291,2455.1103,2474.1796,2437.7986,2443.8184,2455.1103,2474.1796,2437.7986,2443.8184,36.38099999999986,74.27369758656157,2464.9185,2179.5514,1,,2286.230732286172,700,1160650.0430059459,1710672.8800000001,0.0,-14770.070000000298,2871322.923005946,-0.005117669470732111,-0.08971877637974224,287.1322923005946,240.42606191804995,
42292,2427.926,2515.2883,2427.926,2515.2883,2427.926,2515.2883,2427.926,2515.2883,87.36230000000023,75.5202311497462,2474.1796,2179.5514,1,,2286.230732286172,700,1160650.0430059459,1760701.81,0.0,50028.9299999997,2921351.8530059457,0.017423651515875216,-0.07385835355793846,292.13518530059457,247.45736449056386,
42293,2530.7366,2555.723,2505.6631,2555.3247,2530.7366,2555.723,2505.6631,2555.3247,50.05989999999974,73.0954377069132,2515.2883,2179.5514,1,,2286.230732286172,700,1160650.0430059459,1788727.29,0.0,28025.480000000447,2949377.333005946,0.009593325764975402,-0.06497357503910917,294.93773330059463,251.3961980738513,
42296,2559.1231,2577.1248,2540.0389,2567.5949,2559.1231,2577.1248,2540.0389,2567.5949,37.08590000000004,69.66595792530242,2555.723,2179.5514,1,,2286.230732286172,700,1160650.0430059459,1797316.43,0.0,8589.139999999665,2957966.473005946,0.0029121875671451747,-0.06225060270938587,295.7966473005946,252.6033564555653,
42297,2560.8976,2614.2923,2560.3024,2614.2923,2560.8976,2614.2923,2560.3024,2614.2923,53.989900000000034,68.17300002765458,2577.1248,2188.5768,1,,2286.230732286172,700,1160650.0430059459,1830004.61,0.0,32688.180000000168,2990654.653005946,0.011050896045749159,-0.05188763160296328,299.0654653005946,257.1975079619996,
42298,2610.6694,2619.7884,2451.965,2451.965,2610.6694,2619.7884,2451.965,2451.965,167.82339999999976,77.66351431073508,2614.2923,2188.5768,1,,2286.230732286172,700,1160650.0430059459,1716375.5,0.0,-113629.10999999987,2877025.543005946,-0.03799472797228187,-0.0879109031273646,287.7025543005946,241.22753511917713,
42299,2440.9815,2545.9445,2440.9815,2545.9445,2440.9815,2545.9445,2440.9815,2545.9445,104.96300000000019,80.26346532876033,2619.7884,2244.9276,1,,2286.230732286172,700,1160650.0430059459,1782161.1500000001,0.0,65785.6499999999,2942811.193005946,0.022865855383149114,-0.06705520574172785,294.28111930059464,250.4733616855159,
42300,2563.5803,2633.503,2563.5803,2626.9096,2563.5803,2633.503,2563.5803,2626.9096,87.5585000000001,80.95823053554507,2619.7884,2281.6319,1,,2286.230732286172,700,1160650.0430059459,1838836.72,0.0,56675.56999999983,2999486.763005946,0.019258989545336114,-0.04908763170273189,299.94867630059457,258.43881449731276,
42303,2654.2927,2665.9608,2614.0642,2653.3928,2654.2927,2665.9608,2614.0642,2653.3928,51.896600000000035,78.1904561988265,2633.503,2336.5623,1,,2286.230732286172,700,1160650.0430059459,1857374.96,0.0,18538.240000000224,3018025.003005946,0.0061804706820649535,-0.04321054568925775,301.8025003005946,261.0442664748362,
42304,2627.6158,2672.3345,2559.6646,2668.2454,2627.6158,2672.3345,2559.6646,2668.2454,112.66989999999987,81.4742127513192,2665.9608,2410.8247,1,,2286.230732286172,700,1160650.0430059459,1867771.7799999998,0.0,10396.819999999367,3028421.8230059454,0.0034449085046162065,-0.03991449356097554,302.8421823005945,262.50548475817675,
42305,2646.3531,2680.8104,2613.2838,2613.2838,2646.3531,2680.8104,2613.2838,2613.2838,67.52659999999969,80.14586867976496,2672.3345,2427.926,1,,2286.230732286172,700,1160650.0430059459,1829298.6600000001,0.0,-38473.11999999918,2989948.7030059462,-0.01270401623305295,-0.05211143541989571,298.99487030059464,257.0982904082549,
42306,2631.1129,2662.6552,2604.1304,2645.0459,2631.1129,2662.6552,2604.1304,2645.0459,58.52480000000014,78.08671928169213,2680.8104,2427.926,1,,2286.230732286172,700,1160650.0430059459,1851532.1300000001,0.0,22233.46999999974,3012182.173005946,0.007436070718419785,-0.04506286902049672,301.21821730059463,260.2230874967977,
42307,2638.5173,2673.8923,2609.1745,2639.5426,2638.5173,2673.8923,2609.1745,2639.5426,64.7177999999999,76.81348887391191,2680.8104,2440.9815,1,,2286.230732286172,700,1160650.0430059459,1847679.82,0.0,-3852.310000000056,3008329.863005946,-0.001278910032242786,-0.04628414769746747,300.8329863005946,259.6816656192336,
42310,2571.4745,2644.5114,2571.4745,2577.6536,2571.4745,2644.5114,2571.4745,2577.6536,73.03690000000006,76.45381374306315,2680.8104,2440.9815,1,,2286.230732286172,700,1160650.0430059459,1804357.52,0.0,-43322.30000000028,2965007.5630059456,-0.014400781155266107,-0.06001840097078437,296.50075630059456,253.59294456449152,
42311,2581.6361,2600.8362,2561.3857,2579.0648,2581.6361,2600.8362,2561.3857,2579.0648,39.450500000000375,72.92968862467623,2680.8104,2440.9815,1,,2286.230732286172,700,1160650.0430059459,1805345.36,0.0,987.8400000003166,2965995.403005946,0.00033316609789646456,-0.059705230969341216,296.5995403005946,253.7317802728153,
42312,2590.1051,2702.3418,2590.1051,2702.3418,2590.1051,2702.3418,2590.1051,2702.3418,123.27700000000004,77.72467066042135,2680.8104,2440.9815,1,,2286.230732286172,700,1160650.0430059459,1891639.26,0.0,86293.8999999999,3052289.303005946,0.029094414614582176,-0.03234790509924046,305.2289303005946,265.8599333446931,
42313,2709.8245,2730.0466,2687.8381,2705.3164,2709.8245,2730.0466,2687.8381,2705.3164,42.208500000000186,74.34217821657172,2702.3418,2440.9815,1,,2286.230732286172,700,1160650.0430059459,1893721.4800000002,0.0,2082.220000000205,3054371.523005946,0.0006821830414140972,-0.0316877892501104,305.4371523005946,266.15257839711654,
42314,2709.3082,2785.4674,2709.3082,2785.1259,2709.3082,2785.4674,2709.3082,2785.1259,80.15099999999984,74.89539933880297,2730.0466,2559.6646,1,,2286.230732286172,700,1160650.0430059459,1949588.13,0.0,55866.64999999991,3110238.173005946,0.018290718591109423,-0.01397666309494916,311.0238173005946,274.00434176408714,
42317,2774.927,2841.4781,2757.5389,2833.0934,2774.927,2841.4781,2757.5389,2833.0934,83.9391999999998,75.75671368748839,2785.4674,2559.6646,1,,2286.230732286172,700,1160650.0430059459,1983165.3800000001,0.0,33577.25,3143815.423005946,0.010795716640423336,-0.0033318345488775325,314.38154230059456,278.7234473756391,
42318,2823.2854,2867.0608,2823.2854,2857.6421,2823.2854,2867.0608,2823.2854,2857.6421,43.77539999999999,72.71087428867997,2841.4781,2559.6646,1,,2286.230732286172,700,1160650.0430059459,2000349.47,0.0,17184.08999999985,3160999.513005946,0.005465998377083281,0.0,316.09995130059457,281.13858070396157,
42319,2863.1625,2922.2243,2863.1625,2922.2243,2863.1625,2922.2243,2863.1625,2922.2243,64.58219999999983,71.9367148326152,2867.0608,2561.3857,1,,2286.230732286172,700,1160650.0430059459,2045557.01,0.0,45207.54000000004,3206207.053005946,0.014301659906619246,0.0,320.6207053005946,287.49226230976495,
42320,2934.0305,2966.3196,2913.2247,2946.3657,2934.0305,2966.3196,2913.2247,2946.3657,53.0948999999996,70.142256277128,2922.2243,2561.3857,1,,2286.230732286172,700,1160650.0430059459,2062455.99,0.0,16898.97999999998,3223106.033005946,0.005270707636974459,0.0,322.3106033005946,289.8673249294704,
42321,2912.6398,2922.4083,2867.3964,2882.0093,2912.6398,2922.4083,2867.3964,2882.0093,78.96929999999975,70.98292710787769,2966.3196,2561.3857,1,,2286.230732286172,700,1160650.0430059459,2017406.51,0.0,-45049.47999999998,3178056.553005946,-0.013977039395748903,-0.013977039395748903,317.8056553005946,283.53585782404934,
42324,2822.2785,2960.2409,2822.2785,2960.2409,2822.2785,2960.2409,2822.2785,2960.2409,137.9623999999999,77.36192452617505,2966.3196,2561.3857,1,,2286.230732286172,700,1160650.0430059459,2072168.63,0.0,54762.12000000011,3232818.673005946,0.017231323321859504,0.0,323.2818673005946,291.2323853178877,
42325,2991.6665,3005.1104,2938.3422,2939.6464,2991.6665,3005.1104,2938.3422,2939.6464,66.76819999999998,76.35299838082503,2966.3196,2561.3857,1,,2286.230732286172,700,1160650.0430059459,2057752.48,0.0,-14416.150000000373,3218402.5230059456,-0.004459312896320289,-0.004459312896320289,321.84025230059456,289.2062713757997,
42326,2941.8575,2960.7573,2890.7174,2891.5549,2941.8575,2960.7573,2890.7174,2891.5549,70.03990000000022,75.75175091598457,3005.1104,2590.1051,1,,2286.230732286172,700,1160650.0430059459,2024088.4300000002,0.0,-33664.049999999814,3184738.473005946,-0.010459863164834382,-0.014872532258449866,318.47384730059457,284.4749664814868,
42327,2897.6571,2975.754,2897.6571,2975.754,2897.6571,2975.754,2897.6571,2975.754,84.19909999999982,76.55626035255744,3005.1104,2687.8381,1,,2286.230732286172,700,1160650.0430059459,2083027.8,0.0,58939.37000000011,3243677.843005946,0.018506816336592236,0.0,324.36778430059456,292.75858445819244,
42328,2985.4803,3047.0166,2985.4803,3042.8941,2985.4803,3047.0166,2985.4803,3042.8941,71.26260000000002,76.05210222374245,3005.1104,2709.3082,1,,2286.230732286172,700,1160650.0430059459,2130025.87,0.0,46998.0700000003,3290675.913005946,0.014489130016822838,0.0,329.06759130059464,299.36391562346404,
42331,3053.927,3086.9515,3028.1936,3034.4684,3053.927,3086.9515,3028.1936,3034.4684,58.75790000000006,74.4050353452908,3047.0166,2757.5389,1,,2286.230732286172,700,1160650.0430059459,2124127.8800000004,0.0,-5897.9900000002235,3284777.923005946,-0.0017923339021899132,-0.0017923339021899132,328.4777923005946,298.5349841979936,
42332,3030.8827,3077.2652,3009.4056,3077.2652,3030.8827,3077.2652,3009.4056,3077.2652,67.85959999999977,73.78166055050117,3086.9515,2822.2785,1,,2286.230732286172,700,1160650.0430059459,2154085.6399999997,0.0,29957.759999999776,3314735.6830059458,0.009120178198404716,0.0,331.4735683005946,302.74538955654816,
42333,3075.5847,3144.5991,3075.5847,3144.5991,3075.5847,3144.5991,3075.5847,3144.5991,69.01440000000002,73.32763573616774,3086.9515,2822.2785,1,,2286.230732286172,700,1160650.0430059459,2201219.37,0.0,47133.73000000045,3361869.413005946,0.014219453527364756,0.0,336.18694130059464,309.3697870201992,
42334,3154.3047,3178.906,3128.7631,3134.2503,3154.3047,3178.906,3128.7631,3134.2503,50.14289999999983,71.1195656660565,3144.5991,2822.2785,1,,2286.230732286172,700,1160650.0430059459,2193975.21,0.0,-7244.160000000149,3354625.253005946,-0.0021548011270083878,-0.0021548011270083878,335.4625253005946,308.3516584924913,
42335,3115.8025,3139.9962,2933.1383,2950.7603,3115.8025,3139.9962,2933.1383,2950.7603,206.85789999999997,84.04702607881302,3178.906,2822.2785,1,,2286.230732286172,700,1160650.0430059459,2065532.21,0.0,-128443.0,3226182.253005946,-0.03828833038352264,-0.04036062777306937,322.6182253005946,290.29967144576847,
42338,2951.8338,2984.491,2803.0566,2984.1779,2951.8338,2984.491,2803.0566,2984.1779,181.4344000000001,93.32201407130702,3178.906,2822.2785,0,2822.2785,,0,3134862.076540946,0.0,1382.916465,-91320.17646500003,3134862.076540946,-0.02830595710453554,-0.0675241386791482,313.4862076540946,293.5873387973003,SELL
42339,2981.28,3018.2893,2955.8237,2980.8522,2981.28,3018.2893,2955.8237,2980.8522,62.465599999999995,90.38330796927778,3178.906,2803.0566,0,,,0,3134862.076540946,0.0,0.0,0.0,3134862.076540946,0.0,-0.0675241386791482,313.4862076540946,293.2601520660272,
42340,2973.8802,2973.8802,2863.9493,2934.1827,2973.8802,2973.8802,2863.9493,2934.1827,116.90289999999959,92.9089834007751,3178.906,2803.0566,0,,,0,3134862.076540946,0.0,0.0,0.0,3134862.076540946,0.0,-0.0675241386791482,313.4862076540946,288.6687453982141,
42341,2942.4652,3027.7744,2942.4652,3027.7744,2942.4652,3027.7744,2942.4652,3027.7744,93.59169999999995,92.9740040292727,3178.906,2803.0566,0,,,0,3134862.076540946,0.0,0.0,0.0,3134862.076540946,0.0,-0.0675241386791482,313.4862076540946,297.8764196915312,
42342,3022.5407,3067.1898,3022.5407,3045.5581,3022.5407,3067.1898,3022.5407,3045.5581,44.64910000000009,88.37163221696103,3178.906,2803.0566,0,,,0,3134862.076540946,0.0,0.0,0.0,3134862.076540946,0.0,-0.0675241386791482,313.4862076540946,299.6260034401978,
42345,3054.1529,3104.109,3050.5962,3104.109,3054.1529,3104.109,3050.5962,3104.109,58.55089999999973,85.53156248201233,3178.906,2803.0566,0,,,0,3134862.076540946,0.0,0.0,0.0,3134862.076540946,0.0,-0.0675241386791482,313.4862076540946,305.38631783539074,
42346,3089.0852,3098.2009,3035.8754,3056.8856,3089.0852,3098.2009,3035.8754,3056.8856,68.23360000000002,83.88413748372545,3178.906,2803.0566,0,,,0,3134862.076540946,0.0,0.0,0.0,3134862.076540946,0.0,-0.0675241386791482,313.4862076540946,300.7404177585353,
42347,3036.48,3057.9508,3022.81,3036.0938,3036.48,3057.9508,3022.81,3036.0938,35.14080000000013,79.2419148662278,3178.906,2803.0566,0,,,0,3134862.076540946,0.0,0.0,0.0,3134862.076540946,0.0,-0.0675241386791482,313.4862076540946,298.6948931834737,
42348,3029.5841,3063.7237,3018.5707,3025.2578,3029.5841,3063.7237,3018.5707,3025.2578,45.15299999999979,75.99535154563466,3178.906,2803.0566,0,,,0,3134862.076540946,0.0,0.0,0.0,3134862.076540946,0.0,-0.0675241386791482,313.4862076540946,297.628833280273,
42349,3013.5402,3018.2614,2991.5268,2994.1409,3013.5402,3018.2614,2991.5268,2994.1409,33.73099999999977,71.97017520795515,3178.906,2803.0566,0,,,0,3134862.076540946,0.0,0.0,0.0,3134862.076540946,0.0,-0.0675241386791482,313.4862076540946,294.5675118146118,
42352,2960.3185,3045.9424,2960.3185,3045.9424,2960.3185,3045.9424,2960.3185,3045.9424,85.62390000000005,73.27052995005467,3178.906,2803.0566,0,,,0,3134862.076540946,0.0,0.0,0.0,3134862.076540946,0.0,-0.0675241386791482,313.4862076540946,299.6638113786252,
42353,3048.3661,3096.1217,3048.3661,3089.8914,3048.3661,3096.1217,3048.3661,3089.8914,50.17930000000024,71.07136519290663,3178.906,2863.9493,0,,,0,3134862.076540946,0.0,0.0,0.0,3134862.076540946,0.0,-0.0675241386791482,313.4862076540946,303.9875716855434,
42354,3100.4706,3151.7399,3100.4706,3129.7938,3100.4706,3151.7399,3100.4706,3129.7938,61.84850000000006,70.19299707929649,3178.906,2863.9493,0,,,0,3134862.076540946,0.0,0.0,0.0,3134862.076540946,0.0,-0.0675241386791482,313.4862076540946,307.9132221729441,
42355,3146.8652,3232.1278,3146.8652,3232.1278,3146.8652,3232.1278,3146.8652,3232.1278,102.33400000000029,73.25404497650638,3178.906,2942.4652,1,3178.906,3108.7130029207033,800,591228.6515809462,2585702.24,508.62496,42068.81504000025,3176930.8915809463,0.013419670152257313,-0.055010620195280246,317.69308915809466,317.98097541529705,BUY
42356,3234.5299,3251.2703,3208.7709,3225.885,3234.5299,3251.2703,3208.7709,3225.885,42.49940000000015,70.32503116922007,3232.1278,2960.3185,1,,3108.7130029207033,800,591228.6515809462,2580708.0,0.0,-4994.2400000002235,3171936.651580946,-0.0015720329369566244,-0.05649617462540746,317.19366515809463,317.3668005570744,
42359,3218.2038,3251.771,3217.9196,3251.0243,3218.2038,3251.771,3217.9196,3251.0243,33.85140000000001,66.85135201024673,3251.2703,2960.3185,1,,3108.7130029207033,800,591228.6515809462,2600819.44,0.0,20111.439999999944,3192048.091580946,0.006340429273698156,-0.050513955351156214,319.20480915809463,319.8400378886111,
42360,3255.7303,3293.3348,3247.0051,3293.3348,3255.7303,3293.3348,3247.0051,3293.3348,46.32970000000023,64.89690896165182,3251.771,2960.3185,1,,3108.7130029207033,800,591228.6515809462,2634667.84,0.0,33848.39999999991,3225896.491580946,0.01060397557583026,-0.04044562852410827,322.5896491580946,324.0026004148543,
42361,3295.8612,3307.3966,3256.6494,3262.5266,3295.8612,3307.3966,3256.6494,3262.5266,50.74720000000025,63.549317631970716,3293.3348,2960.3185,1,,3108.7130029207033,800,591228.6515809462,2610021.2800000003,0.0,-24646.55999999959,3201249.9315809463,-0.00764022034318923,-0.04777683535345456,320.12499315809464,320.971649260389,
42362,3253.9417,3280.2342,3217.7991,3278.7217,3253.9417,3280.2342,3217.7991,3278.7217,62.43509999999969,63.44320166702109,3307.3966,2960.3185,1,,3108.7130029207033,800,591228.6515809462,2622977.36,0.0,12956.079999999609,3214206.011580946,0.004047194151317379,-0.043923003330748056,321.4206011580946,322.5649444558785,
42363,3278.9592,3313.1627,3278.9592,3305.6725,3278.9592,3313.1627,3278.9592,3305.6725,34.4409999999998,60.68108722254288,3307.3966,2960.3185,1,,3108.7130029207033,800,591228.6515809462,2644538.0,0.0,21560.64000000013,3235766.651580946,0.006707920998939132,-0.03750971436818773,323.5766651580946,325.21639953516797,
42366,3311.8143,3327.2592,3215.89,3215.89,3311.8143,3327.2592,3215.89,3215.89,111.36920000000009,65.50852653468166,3313.1627,2960.3185,1,,3108.7130029207033,800,591228.6515809462,2572712.0,0.0,-71826.0,3163940.651580946,-0.022197521556415967,-0.05887461323134091,316.3940651580946,316.38347933776,
42367,3207.6328,3252.5848,3179.5329,3252.5848,3207.6328,3252.5848,3179.5329,3252.5848,73.05189999999993,66.22694305518817,3327.2592,3048.3661,1,,3108.7130029207033,800,591228.6515809462,2602067.84,0.0,29355.83999999985,3193296.491580946,0.009278252417703081,-0.050142614336192826,319.3296491580946,319.99356192690425,
42368,3255.7779,3289.1705,3255.7779,3288.2713,3255.7779,3289.1705,3255.7779,3288.2713,36.58570000000009,63.40396752612264,3327.2592,3100.4706,1,,3108.7130029207033,800,591228.6515809462,2630617.04,0.0,28549.200000000186,3221845.691580946,0.008940353667524992,-0.04165055337464785,322.1845691580946,323.5044466385663,
42369,3289.0506,3289.0506,3221.0948,3221.0948,3289.0506,3289.0506,3221.0948,3221.0948,67.95580000000018,63.83747538077765,3327.2592,3146.8652,1,,3108.7130029207033,800,591228.6515809462,2576875.84,0.0,-53741.200000000186,3168104.491580946,-0.01668025260813455,-0.05763606423122469,316.81044915809457,316.8955343935166,
42373,3210.9299,3210.9299,2953.1497,2953.1497,3210.9299,3210.9299,2953.1497,2953.1497,267.9450999999999,83.27629677308454,3327.2592,3179.5329,0,3179.5329,,0,3133074.433156946,0.0,1780.538424,-35030.0584239997,3133074.433156946,-0.01105710323541731,-0.06805587955435421,313.3074433156946,290.53474375406563,SELL
42374,2779.8654,2928.3161,2779.8654,2872.1377,2779.8654,2928.3161,2779.8654,2872.1377,173.2842999999998,91.84848755660028,3327.2592,2953.1497,0,,,0,3133074.433156946,0.0,0.0,0.0,3133074.433156946,0.0,-0.06805587955435421,313.3074433156946,282.5646768587083,
42375,2884.6379,2959.8784,2862.9061,2959.8784,2884.6379,2959.8784,2862.9061,2959.8784,96.9722999999999,92.3364696940669,3327.2592,2779.8654,0,,,0,3133074.433156946,0.0,0.0,0.0,3133074.433156946,0.0,-0.06805587955435421,313.3074433156946,291.19672209207465,
42376,2905.9973,2905.9973,2713.8663,2715.102,2905.9973,2905.9973,2713.8663,2715.102,246.01209999999992,106.97224400891767,3327.2592,2779.8654,0,,,0,3133074.433156946,0.0,0.0,0.0,3133074.433156946,0.0,-0.06805587955435421,313.3074433156946,267.11529856957503,
42377,2770.8629,2774.9708,2580.9334,2727.5869,2770.8629,2774.9708,2580.9334,2727.5869,194.03740000000016,115.26416362711599,3327.2592,2713.8663,0,,,0,3133074.433156946,0.0,0.0,0.0,3133074.433156946,0.0,-0.06805587955435421,313.3074433156946,268.34357941910156,
42380,2663.2281,2684.0334,2529.0918,2529.8184,2663.2281,2684.0334,2529.0918,2529.8184,198.49509999999964,123.19091947215253,3327.2592,2580.9334,0,,,0,3133074.433156946,0.0,0.0,0.0,3133074.433156946,0.0,-0.06805587955435421,313.3074433156946,248.88685480059488,
42381,2517.8796,2561.0479,2468.6472,2530.7388,2517.8796,2561.0479,2468.6472,2530.7388,92.40070000000014,120.25851761766182,3327.2592,2529.0918,0,,,0,3133074.433156946,0.0,0.0,0.0,3133074.433156946,0.0,-0.06805587955435421,313.3074433156946,248.97740496070062,
42382,2540.1239,2564.4567,2429.2719,2429.2719,2540.1239,2564.4567,2429.2719,2429.2719,135.1848,121.68006832074164,3327.2592,2468.6472,0,,,0,3133074.433156946,0.0,0.0,0.0,3133074.433156946,0.0,-0.06805587955435421,313.3074433156946,238.9949581544925,
42383,2344.8417,2520.289,2344.8417,2518.6289,2344.8417,2520.289,2344.8417,2518.6289,175.44730000000027,126.80075705209961,3327.2592,2429.2719,0,,,0,3133074.433156946,0.0,0.0,0.0,3133074.433156946,0.0,-0.06805587955435421,313.3074433156946,247.78601710339444,
42384,2493.8568,2523.8044,2416.1631,2423.8541,2493.8568,2523.8044,2416.1631,2423.8541,107.64129999999977,124.97604685666154,3327.2592,2344.8417,0,,,0,3133074.433156946,0.0,0.0,0.0,3133074.433156946,0.0,-0.06805587955435421,313.3074433156946,238.46194787915468,
42387,2371.1741,2503.9595,2371.1741,2484.7507,2371.1741,2503.9595,2371.1741,2484.7507,132.78539999999975,125.7197947750747,3327.2592,2344.8417,0,,,0,3133074.433156946,0.0,0.0,0.0,3133074.433156946,0.0,-0.06805587955435421,313.3074433156946,244.45303531928474,
42388,2476.5244,2585.9557,2476.5244,2583.0846,2476.5244,2585.9557,2476.5244,2583.0846,109.43130000000019,124.16850955840094,3327.2592,2344.8417,0,,,0,3133074.433156946,0.0,0.0,0.0,3133074.433156946,0.0,-0.06805587955435421,313.3074433156946,254.1272534731555,
42389,2566.9202,2610.5271,2546.5721,2578.3155,2566.9202,2610.5271,2546.5721,2578.3155,63.95499999999993,118.43388960045799,3327.2592,2344.8417,0,,,0,3133074.433156946,0.0,0.0,0.0,3133074.433156946,0.0,-0.06805587955435421,313.3074433156946,253.65806315529335,
42390,2534.9103,2597.1367,2466.2265,2466.2265,2534.9103,2597.1367,2466.2265,2466.2265,130.9101999999998,119.62210963850958,3327.2592,2344.8417,0,,,0,3133074.433156946,0.0,0.0,0.0,3133074.433156946,0.0,-0.06805587955435421,313.3074433156946,242.63060020864708,
42391,2493.542,2511.8097,2435.4225,2511.8097,2493.542,2511.8097,2435.4225,2511.8097,76.38719999999967,115.50449919674674,3327.2592,2344.8417,0,,,0,3133074.433156946,0.0,0.0,0.0,3133074.433156946,0.0,-0.06805587955435421,313.3074433156946,247.11513525659618,
42394,2530.9544,2562.4668,2516.0717,2546.4495,2530.9544,2562.4668,2516.0717,2546.4495,50.657100000000355,109.32855641610422,3327.2592,2344.8417,0,,,0,3133074.433156946,0.0,0.0,0.0,3133074.433156946,0.0,-0.06805587955435421,313.3074433156946,250.52304424837266,
42395,2515.0312,2515.0312,2354.1728,2356.5528,2515.0312,2515.0312,2354.1728,2356.5528,192.27670000000035,117.22837961457051,3327.2592,2344.8417,0,,,0,3133074.433156946,0.0,0.0,0.0,3133074.433156946,0.0,-0.06805587955435421,313.3074433156946,231.84075764629398,
42396,2362.2236,2362.2236,2206.7137,2326.5696,2362.2236,2362.2236,2206.7137,2326.5696,155.50990000000002,120.87423869889713,3289.1705,2344.8417,0,,,0,3133074.433156946,0.0,0.0,0.0,3133074.433156946,0.0,-0.06805587955435421,313.3074433156946,228.8909710747135,
42397,2291.6274,2313.4335,2208.9029,2212.6776,2291.6274,2313.4335,2208.9029,2212.6776,117.66669999999976,120.56875882281166,3289.1705,2206.7137,0,,,0,3133074.433156946,0.0,0.0,0.0,3133074.433156946,0.0,-0.06805587955435421,313.3074433156946,217.68612662147157,
42398,2201.245,2314.8232,2201.245,2293.6581,2201.245,2314.8232,2201.245,2293.6581,113.57819999999992,119.9029913158772,3289.0506,2206.7137,0,,,0,3133074.433156946,0.0,0.0,0.0,3133074.433156946,0.0,-0.06805587955435421,313.3074433156946,225.6530945054824,
42401,2288.7363,2311.9513,2244.0979,2270.7963,2288.7363,2311.9513,2244.0979,2270.7963,67.85339999999997,114.94588738103175,3210.9299,2201.245,0,,,0,3133074.433156946,0.0,0.0,0.0,3133074.433156946,0.0,-0.06805587955435421,313.3074433156946,223.4039206133642,
42402,2271.0612,2360.4935,2271.0612,2359.0091,2271.0612,2360.4935,2271.0612,2359.0091,89.69720000000007,112.54125048760017,2959.8784,2201.245,0,,,0,3133074.433156946,0.0,0.0,0.0,3133074.433156946,0.0,-0.06805587955435421,313.3074433156946,232.08241166440325,
42403,2331.3792,2384.321,2321.8703,2378.9278,2331.3792,2384.321,2321.8703,2378.9278,62.45069999999987,107.77072186973346,2959.8784,2201.245,0,,,0,3133074.433156946,0.0,0.0,0.0,3133074.433156946,0.0,-0.06805587955435421,313.3074433156946,234.04203951544446,
42404,2382.7655,2443.6422,2382.7655,2439.1969,2382.7655,2443.6422,2382.7655,2439.1969,64.71439999999984,103.6701197869017,2905.9973,2201.245,0,,,0,3133074.433156946,0.0,0.0,0.0,3133074.433156946,0.0,-0.06805587955435421,313.3074433156946,239.97139268192572,
42405,2447.8383,2456.6573,2416.4838,2416.4838,2447.8383,2456.6573,2416.4838,2416.4838,40.173499999999876,97.62282266433962,2774.9708,2201.245,0,,,0,3133074.433156946,0.0,0.0,0.0,3133074.433156946,0.0,-0.06805587955435421,313.3074433156946,237.73684809098933,
42415,2330.0269,2429.2777,2330.0269,2419.7029,2330.0269,2429.2777,2330.0269,2419.7029,99.25080000000025,97.77786812487874,2684.0334,2201.245,0,,,0,3133074.433156946,0.0,0.0,0.0,3133074.433156946,0.0,-0.06805587955435421,313.3074433156946,238.0535473743405,
42416,2427.0099,2518.6688,2427.0099,2516.9068,2427.0099,2518.6688,2427.0099,2516.9068,98.96589999999969,97.8910140177474,2610.5271,2201.245,0,,,0,3133074.433156946,0.0,0.0,0.0,3133074.433156946,0.0,-0.06805587955435421,313.3074433156946,247.6165946449871,
42417,2513.9904,2557.0227,2499.0811,2557.0227,2513.9904,2557.0227,2499.0811,2557.0227,57.94160000000011,94.08630792081908,2610.5271,2201.245,0,,,0,3133074.433156946,0.0,0.0,0.0,3133074.433156946,0.0,-0.06805587955435421,313.3074433156946,251.56324954262524,
42418,2571.1729,2582.3773,2554.3204,2554.879,2571.1729,2582.3773,2554.3204,2554.879,28.05690000000004,87.79779288074107,2610.5271,2201.245,0,,,0,3133074.433156946,0.0,0.0,0.0,3133074.433156946,0.0,-0.06805587955435421,313.3074433156946,251.35234952283093,
42419,2545.0522,2584.7603,2544.9594,2574.3797,2545.0522,2584.7603,2544.9594,2574.3797,39.80089999999973,83.22666022543237,2610.5271,2201.245,0,,,0,3133074.433156946,0.0,0.0,0.0,3133074.433156946,0.0,-0.06805587955435421,313.3074433156946,253.27085398521052,
42422,2605.5052,2630.4889,2595.0693,2630.4889,2605.5052,2630.4889,2595.0693,2630.4889,56.10919999999987,80.64404496586737,2610.5271,2244.0979,1,2610.5271,2527.3004397745676,700,1305339.9893629465,1841342.23,365.47379399999994,13607.786206000019,3146682.219362946,0.004343269365703728,-0.06400819520547496,314.66822193629463,258.790950729458,BUY
42423,2631.7942,2634.2962,2581.5871,2617.6237,2631.7942,2634.2962,2581.5871,2617.6237,52.709100000000035,77.98357401673715,2630.4889,2271.0612,1,,2527.3004397745676,700,1305339.9893629465,1832336.59,0.0,-9005.639999999665,3137676.5793629466,-0.0028619477189606446,-0.06668695481617237,313.76765793629465,257.5252554667544,
42424,2606.662,2633.1501,2563.5289,2615.9016,2606.662,2633.1501,2563.5289,2615.9016,69.62120000000004,77.18715744371457,2634.2962,2321.8703,1,,2527.3004397745676,700,1305339.9893629465,1831131.12,0.0,-1205.4699999997392,3136471.109362947,-0.0003841919233895652,-0.06704552615012616,313.64711093629467,257.3558330083471,
42425,2607.3065,2607.3065,2408.2702,2412.7624,2607.3065,2607.3065,2408.2702,2412.7624,207.6314000000002,89.6104186395513,2634.2962,2330.0269,0,2527.3004397745676,,0,3073211.919989654,0.0,1238.3772154895382,-63259.18937329296,3073211.919989654,-0.020168905488863742,-0.08586219675861684,307.3211919989654,237.37073187432537,SELL
42426,2432.1541,2433.0571,2362.9411,2408.0121,2432.1541,2433.0571,2362.9411,2408.0121,70.11599999999999,87.75380734054642,2634.2962,2330.0269,0,,,0,3073211.919989654,0.0,0.0,0.0,3073211.919989654,0.0,-0.08586219675861684,307.3211919989654,236.90339112513982,
42429,2390.7575,2390.7575,2239.4268,2254.4613,2390.7575,2390.7575,2239.4268,2254.4613,168.58529999999973,95.45204473668483,2634.2962,2330.0269,0,,,0,3073211.919989654,0.0,0.0,0.0,3073211.919989654,0.0,-0.08586219675861684,307.3211919989654,221.7968618722436,
42430,2251.5625,2310.843,2217.0478,2299.8285,2251.5625,2310.843,2217.0478,2299.8285,93.79520000000002,95.2942499998577,2634.2962,2239.4268,0,,,0,3073211.919989654,0.0,0.0,0.0,3073211.919989654,0.0,-0.08586219675861684,307.3211919989654,226.26014655667373,
42431,2292.7909,2410.9834,2292.7909,2408.2205,2292.7909,2410.9834,2292.7909,2408.2205,118.19250000000011,97.47503571415697,2634.2962,2217.0478,0,,,0,3073211.919989654,0.0,0.0,0.0,3073211.919989654,0.0,-0.08586219675861684,307.3211919989654,236.9238937906831,
42432,2408.1533,2455.9232,2408.1533,2411.9057,2408.1533,2455.9232,2408.1533,2411.9057,47.769900000000234,92.74121326518967,2634.2962,2217.0478,0,,,0,3073211.919989654,0.0,0.0,0.0,3073211.919989654,0.0,-0.08586219675861684,307.3211919989654,237.2864486038314,
42433,2396.681,2411.5942,2301.52,2321.2387,2396.681,2411.5942,2301.52,2321.2387,110.38569999999982,94.42164057326681,2634.2962,2217.0478,0,,,0,3073211.919989654,0.0,0.0,0.0,3073211.919989654,0.0,-0.08586219675861684,307.3211919989654,228.36651013543957,
42436,2342.1346,2392.6378,2342.1346,2381.6362,2342.1346,2392.6378,2342.1346,2381.6362,71.39910000000009,92.22901766152712,2634.2962,2217.0478,0,,,0,3073211.919989654,0.0,0.0,0.0,3073211.919989654,0.0,-0.08586219675861684,307.3211919989654,234.30849546245707,
42437,2377.4901,2403.3888,2288.3185,2403.3888,2377.4901,2403.3888,2288.3185,2403.3888,115.07030000000032,94.40437788423885,2634.2962,2217.0478,0,,,0,3073211.919989654,0.0,0.0,0.0,3073211.919989654,0.0,-0.08586219675861684,307.3211919989654,236.44854480265298,
42438,2348.1424,2386.9142,2346.2865,2352.8075,2348.1424,2386.9142,2346.2865,2352.8075,57.102300000000014,90.85179903812087,2634.2962,2217.0478,0,,,0,3073211.919989654,0.0,0.0,0.0,3073211.919989654,0.0,-0.08586219675861684,307.3211919989654,231.47229011625913,
42439,2354.6639,2369.9512,2310.9936,2310.9936,2354.6639,2369.9512,2310.9936,2310.9936,58.957600000000184,87.81425627258558,2634.2962,2217.0478,0,,,0,3073211.919989654,0.0,0.0,0.0,3073211.919989654,0.0,-0.08586219675861684,307.3211919989654,227.35858374984699,
42440,2287.049,2322.5065,2276.5873,2307.4099,2287.049,2322.5065,2276.5873,2307.4099,45.91919999999982,83.8242509132917,2634.2962,2217.0478,0,,,0,3073211.919989654,0.0,0.0,0.0,3073211.919989654,0.0,-0.08586219675861684,307.3211919989654,227.00601463992638,
42443,2332.9107,2414.6037,2332.9107,2394.5328,2332.9107,2414.6037,2332.9107,2394.5328,107.19380000000001,86.04992225488297,2634.2962,2217.0478,0,,,0,3073211.919989654,0.0,0.0,0.0,3073211.919989654,0.0,-0.08586219675861684,307.3211919989654,235.57727989837605,
42444,2387.7854,2403.9199,2369.727,2379.4505,2387.7854,2403.9199,2369.727,2379.4505,34.19290000000001,81.11115823060841,2634.2962,2217.0478,0,,,0,3073211.919989654,0.0,0.0,0.0,3073211.919989654,0.0,-0.08586219675861684,307.3211919989654,234.0934634275341,
42445,2404.793,2404.793,2343.2505,2356.3864,2404.793,2404.793,2343.2505,2356.3864,61.54250000000002,79.24747649435999,2634.2962,2276.5873,0,,,0,3073211.919989654,0.0,0.0,0.0,3073211.919989654,0.0,-0.08586219675861684,307.3211919989654,231.82438699587937,
42446,2362.5873,2439.3688,2362.5873,2438.8301,2362.5873,2439.3688,2362.5873,2438.8301,82.98240000000033,79.60318349489717,2634.2962,2276.5873,0,,,0,3073211.919989654,0.0,0.0,0.0,3073211.919989654,0.0,-0.08586219675861684,307.3211919989654,239.93530641646856,
42447,2443.7717,2533.4969,2443.7717,2528.4027,2443.7717,2533.4969,2443.7717,2528.4027,94.66679999999997,81.0378136382403,2634.2962,2276.5873,0,,,0,3073211.919989654,0.0,0.0,0.0,3073211.919989654,0.0,-0.08586219675861684,307.3211919989654,248.7475763763644,
42450,2555.2571,2595.1353,2546.1257,2595.1353,2555.2571,2595.1353,2546.1257,2595.1353,66.73259999999982,79.67541233936025,2634.2962,2276.5873,0,,,0,3073211.919989654,0.0,0.0,0.0,3073211.919989654,0.0,-0.08586219675861684,307.3211919989654,255.3128171567564,
42451,2571.0521,2612.2579,2571.0521,2593.1873,2571.0521,2612.2579,2571.0521,2593.1873,41.20580000000018,76.01163973561168,2634.2962,2276.5873,0,,,0,3073211.919989654,0.0,0.0,0.0,3073211.919989654,0.0,-0.08586219675861684,307.3211919989654,255.12117035983556,
42452,2584.4928,2622.2488,2582.8684,2622.2488,2584.4928,2622.2488,2582.8684,2622.2488,39.38040000000001,72.522950236982,2633.1501,2276.5873,0,,,0,3073211.919989654,0.0,0.0,0.0,3073211.919989654,0.0,-0.08586219675861684,307.3211919989654,257.9802788756039,
42453,2601.3309,2641.7027,2579.8317,2593.3332,2601.3309,2641.7027,2579.8317,2593.3332,61.87099999999964,71.50847878584082,2622.2488,2276.5873,1,2622.2488,2549.725849763018,800,974993.3201816538,2074666.56,419.55980800000003,-23552.039807999972,3049659.880181654,-0.007663656272711372,-0.09286783466855031,304.9659880181654,255.1355241933421,BUY
42454,2586.2528,2613.2947,2576.4158,2610.4978,2586.2528,2613.2947,2576.4158,2610.4978,36.8788999999997,68.21042366337976,2641.7027,2276.5873,1,,2549.725849763018,800,974993.3201816538,2088398.24,0.0,13731.680000000168,3063391.560181654,0.004502692280288656,-0.08878329767051074,306.3391560181654,256.82420007138546,
42457,2625.2465,2651.9234,2589.9049,2600.2064,2625.2465,2651.9234,2589.9049,2600.2064,62.01850000000013,67.62071664781979,2641.7027,2332.9107,1,,2549.725849763018,800,974993.3201816538,2080165.12,0.0,-8233.120000000112,3055158.440181654,-0.0026875833004880167,-0.09123226846281718,305.5158440181654,255.81171863102009,
42458,2593.9342,2593.9342,2523.6205,2545.3474,2593.9342,2593.9342,2523.6205,2545.3474,76.58590000000004,68.47454363374172,2651.9234,2343.2505,0,2549.725849763018,,0,3013346.153516201,0.0,1427.84647586729,-41812.28666545311,3013346.153516201,-0.013685799765909001,-0.1036694816703545,301.3346153516201,250.41461820376975,SELL
42459,2565.6575,2643.3577,2565.6575,2643.3577,2565.6575,2643.3577,2565.6575,2643.3577,98.01029999999992,71.2874728114806,2651.9234,2343.2505,0,,,0,3013346.153516201,0.0,0.0,0.0,3013346.153516201,0.0,-0.1036694816703545,301.3346153516201,260.0570001648871,
42460,2660.0223,2689.5108,2657.544,2672.0992,2660.0223,2689.5108,2657.544,2672.0992,46.153099999999995,68.89372301991102,2651.9234,2362.5873,1,2660.0223,2588.7348271885194,800,884902.709948201,2137679.36,425.603568,9235.916432000231,3022582.069948201,0.0030650034750316912,-0.10092222551689722,302.2582069948201,262.88462666062736,BUY
42461,2660.7383,2670.1645,2628.6521,2667.2396,2660.7383,2670.1645,2628.6521,2667.2396,43.44710000000032,66.47023511325285,2689.5108,2443.7717,1,,2588.7348271885194,800,884902.709948201,2133791.6799999997,0.0,-3887.6800000006333,3018694.3899482004,-0.0012862115601933732,-0.10207862974395032,301.86943899482003,262.40653283397603,
42465,2668.9145,2739.9252,2668.9145,2738.3376,2668.9145,2739.9252,2668.9145,2738.3376,72.68560000000025,67.06217462627642,2689.5108,2523.6205,1,,2588.7348271885194,800,884902.709948201,2190670.08,0.0,56878.40000000037,3075572.789948201,0.01884205310395015,-0.08515994760241419,307.5572789948201,269.40124739633853,
42466,2727.3348,2757.5169,2726.4996,2757.5169,2727.3348,2757.5169,2726.4996,2757.5169,31.017299999999977,63.629329423773896,2739.9252,2523.6205,1,,2588.7348271885194,800,884902.709948201,2206013.52,0.0,15343.44000000041,3090916.229948201,0.004988807304495246,-0.08059598686656833,309.0916229948201,271.2881321048525,
42467,2760.6066,2760.6066,2711.8739,2711.8739,2760.6066,2760.6066,2711.8739,2711.8739,48.73270000000002,62.21060281198591,2757.5169,2523.6205,1,,2588.7348271885194,800,884902.709948201,2169499.12,0.0,-36514.40000000037,3054401.829948201,-0.011813455067532619,-0.09145732486462932,305.4401829948201,266.7977138544106,
42468,2685.4235,2692.0267,2656.4431,2686.7735,2685.4235,2692.0267,2656.4431,2686.7735,55.43080000000009,61.564907306082496,2760.6066,2523.6205,1,,2588.7348271885194,800,884902.709948201,2149418.8,0.0,-20080.320000000298,3034321.5099482005,-0.006574223405419022,-0.09743028738432624,303.43215099482006,264.3283035559335,
42471,2706.5163,2751.9905,2706.5163,2744.9609,2706.5163,2751.9905,2706.5163,2744.9609,65.2170000000001,61.912725657884174,2760.6066,2523.6205,1,,2588.7348271885194,800,884902.709948201,2195968.72,0.0,46549.92000000086,3080871.4299482014,0.015341129754175453,-0.08358384831090038,308.08714299482017,270.0528563440009,
42472,2741.7768,2747.9082,2701.1289,2728.1995,2741.7768,2747.9082,2701.1289,2728.1995,46.779299999999694,60.47144702379993,2760.6066,2523.6205,1,,2588.7348271885194,800,884902.709948201,2182559.6,0.0,-13409.120000000112,3067462.3099482013,-0.004352378963190184,-0.0875724386910397,306.7462309948201,268.40384781119286,
42473,2739.5858,2797.4174,2739.5858,2768.8813,2739.5858,2797.4174,2739.5858,2768.8813,69.21789999999964,61.304442545342766,2760.6066,2523.6205,1,,2588.7348271885194,800,884902.709948201,2215105.04,0.0,32545.43999999948,3100007.749948201,0.010609890753816353,-0.07789168194478058,310.00077499482006,272.40617669362445,
42474,2783.7809,2813.2003,2776.9565,2813.2003,2783.7809,2813.2003,2776.9565,2813.2003,44.31899999999996,59.686781350548216,2797.4174,2565.6575,1,,2588.7348271885194,800,884902.709948201,2250560.2399999998,0.0,35455.200000000186,3135462.949948201,0.011437132697682095,-0.0673454067495467,313.5462949948201,276.7663380862001,
42475,2812.6079,2826.5835,2800.4722,2822.5197,2812.6079,2826.5835,2800.4722,2822.5197,26.11130000000003,56.489116460019815,2813.2003,2628.6521,1,,2588.7348271885194,800,884902.709948201,2258015.76,0.0,7455.519999999553,3142918.4699482005,0.0023778051659397725,-0.06512773583967835,314.29184699482005,277.6831928907302,
42478,2804.8423,2804.8423,2777.9328,2792.4042,2804.8423,2804.8423,2777.9328,2792.4042,44.58689999999979,55.355572035256,2826.5835,2628.6521,1,,2588.7348271885194,800,884902.709948201,2233923.36,0.0,-24092.39999999944,3118826.069948201,-0.0076656140559689945,-0.07229410580836126,311.8826069948201,274.7203904714944,
42479,2803.5075,2808.7687,2782.6068,2803.7161,2803.5075,2808.7687,2782.6068,2803.7161,26.16190000000006,52.57522231761258,2826.5835,2656.4431,1,,2588.7348271885194,800,884902.709948201,2242972.88,0.0,9049.519999999553,3127875.5899482006,0.00290157892650611,-0.06960229393577932,312.7875589948201,275.8332700413556,
42480,2810.6318,2810.6318,2646.939,2683.5419,2810.6318,2810.6318,2646.939,2683.5419,163.69280000000026,63.15784876355426,2826.5835,2656.4431,0,2656.4431,,0,3008569.581812201,0.0,1487.608136,-119306.00813599955,3008569.581812201,-0.03814282400470259,-0.10509028989256586,300.85695818122014,264.01037450617497,SELL
42481,2668.4372,2700.1786,2646.5473,2646.9102,2668.4372,2700.1786,2646.5473,2646.9102,53.63130000000001,62.25055840512053,2826.5835,2646.939,0,,,0,3008569.581812201,0.0,0.0,0.0,3008569.581812201,0.0,-0.10509028989256586,300.85695818122014,260.40649977785495,
42482,2626.2703,2669.3813,2626.2703,2669.3813,2626.2703,2669.3813,2626.2703,2669.3813,43.110999999999876,60.427743318918566,2826.5835,2646.5473,0,,,0,3008569.581812201,0.0,0.0,0.0,3008569.581812201,0.0,-0.10509028989256586,300.85695818122014,262.6172360911452,
42485,2660.3109,2668.6013,2632.3065,2662.8805,2660.3109,2668.6013,2632.3065,2662.8805,37.07479999999987,58.20365347902155,2826.5835,2626.2703,0,,,0,3008569.581812201,0.0,0.0,0.0,3008569.581812201,0.0,-0.10509028989256586,300.85695818122014,261.97767885427487,
42486,2658.1428,2699.0675,2657.3467,2699.0675,2658.1428,2699.0675,2657.3467,2699.0675,41.720800000000054,56.63385790959093,2826.5835,2626.2703,0,,,0,3008569.581812201,0.0,0.0,0.0,3008569.581812201,0.0,-0.10509028989256586,300.85695818122014,265.5378034128871,
42487,2700.4618,2726.3196,2690.1414,2696.0897,2700.4618,2726.3196,2690.1414,2696.0897,36.17819999999983,54.685700013439394,2826.5835,2626.2703,0,,,0,3008569.581812201,0.0,0.0,0.0,3008569.581812201,0.0,-0.10509028989256586,300.85695818122014,265.24484354026333,
42488,2692.7047,2692.7047,2632.7417,2689.23,2692.7047,2692.7047,2632.7417,2689.23,63.347999999999956,55.5106809645404,2826.5835,2626.2703,0,,,0,3008569.581812201,0.0,0.0,0.0,3008569.581812201,0.0,-0.10509028989256586,300.85695818122014,264.56997725030527,
42489,2674.5448,2704.9686,2674.5448,2695.5053,2674.5448,2704.9686,2674.5448,2695.5053,30.42380000000003,53.12145420601274,2826.5835,2626.2703,0,,,0,3008569.581812201,0.0,0.0,0.0,3008569.581812201,0.0,-0.10509028989256586,300.85695818122014,265.18734950118704,
42493,2693.5622,2773.5299,2684.8307,2773.5299,2693.5622,2773.5299,2684.8307,2773.5299,88.69920000000002,56.50981094829724,2826.5835,2626.2703,0,,,0,3008569.581812201,0.0,0.0,0.0,3008569.581812201,0.0,-0.10509028989256586,300.85695818122014,272.8635120633198,
42494,2764.5113,2797.9095,2764.5113,2779.2693,2764.5113,2797.9095,2764.5113,2779.2693,33.39820000000009,54.308705143697516,2826.5835,2626.2703,0,,,0,3008569.581812201,0.0,0.0,0.0,3008569.581812201,0.0,-0.10509028989256586,300.85695818122014,273.4281617687858,
42495,2773.8694,2800.868,2772.0367,2800.868,2773.8694,2800.868,2772.0367,2800.868,28.83129999999983,51.882285606202494,2826.5835,2626.2703,0,,,0,3008569.581812201,0.0,0.0,0.0,3008569.581812201,0.0,-0.10509028989256586,300.85695818122014,275.5530702249744,
42496,2803.414,2812.1948,2685.9313,2685.9313,2803.414,2812.1948,2685.9313,2685.9313,126.26350000000002,58.96621078656416,2826.5835,2626.2703,0,,,0,3008569.581812201,0.0,0.0,0.0,3008569.581812201,0.0,-0.10509028989256586,300.85695818122014,264.24544681447213,
42499,2650.3113,2650.3113,2550.6882,2562.6013,2650.3113,2650.3113,2550.6882,2562.6013,135.24310000000014,66.23067642593901,2826.5835,2626.2703,0,,,0,3008569.581812201,0.0,0.0,0.0,3008569.581812201,0.0,-0.10509028989256586,300.85695818122014,252.11207953302716,
42500,2550.1281,2567.9906,2537.4952,2548.9764,2550.1281,2567.9906,2537.4952,2548.9764,30.495400000000245,62.827316766325794,2826.5835,2550.6882,0,,,0,3008569.581812201,0.0,0.0,0.0,3008569.581812201,0.0,-0.10509028989256586,300.85695818122014,250.7716439871506,
42501,2560.0311,2560.0311,2514.9641,2515.2279,2560.0311,2560.0311,2514.9641,2515.2279,45.06700000000001,61.13585802667571,2826.5835,2537.4952,0,,,0,3008569.581812201,0.0,0.0,0.0,3008569.581812201,0.0,-0.10509028989256586,300.85695818122014,247.45142225928353,
42502,2471.0794,2495.538,2428.5966,2495.538,2471.0794,2495.538,2428.5966,2495.538,86.63130000000001,63.5639953574685,2826.5835,2514.9641,0,,,0,3008569.581812201,0.0,0.0,0.0,3008569.581812201,0.0,-0.10509028989256586,300.85695818122014,245.51430405256238,
42503,2486.2204,2520.1459,2481.699,2490.108,2486.2204,2520.1459,2481.699,2490.108,38.446899999999914,61.171891037709585,2826.5835,2428.5966,0,,,0,3008569.581812201,0.0,0.0,0.0,3008569.581812201,0.0,-0.10509028989256586,300.85695818122014,244.98009352521103,
42506,2484.6062,2541.0385,2479.0156,2541.0385,2484.6062,2541.0385,2479.0156,2541.0385,62.022899999999936,61.252939510308664,2826.5835,2428.5966,0,,,0,3008569.581812201,0.0,0.0,0.0,3008569.581812201,0.0,-0.10509028989256586,300.85695818122014,249.99070296596045,
42507,2541.9736,2559.1744,2528.5336,2539.8952,2541.9736,2559.1744,2528.5336,2539.8952,30.640799999999672,58.337497652184,2812.1948,2428.5966,0,,,0,3008569.581812201,0.0,0.0,0.0,3008569.581812201,0.0,-0.10509028989256586,300.85695818122014,249.87822361127888,
42508,2512.651,2512.651,2436.7625,2452.7762,2512.651,2512.651,2436.7625,2452.7762,103.13270000000011,62.60370739959505,2812.1948,2428.5966,0,,,0,3008569.581812201,0.0,0.0,0.0,3008569.581812201,0.0,-0.10509028989256586,300.85695818122014,241.3073420399483,
42509,2448.1683,2497.706,2448.1683,2467.1726,2448.1683,2497.706,2448.1683,2467.1726,49.537700000000314,61.35932574249079,2812.1948,2428.5966,0,,,0,3008569.581812201,0.0,0.0,0.0,3008569.581812201,0.0,-0.10509028989256586,300.85695818122014,242.72367876848634,
42510,2443.181,2490.0389,2443.181,2490.0389,2443.181,2490.0389,2443.181,2490.0389,46.85789999999997,59.978237576539286,2812.1948,2428.5966,0,,,0,3008569.581812201,0.0,0.0,0.0,3008569.581812201,0.0,-0.10509028989256586,300.85695818122014,244.97329537651117,
42513,2494.4139,2534.9674,2494.4139,2534.9674,2494.4139,2534.9674,2494.4139,2534.9674,44.928499999999985,58.5449292359165,2812.1948,2428.5966,0,,,0,3008569.581812201,0.0,0.0,0.0,3008569.581812201,0.0,-0.10509028989256586,300.85695818122014,249.39342017910909,
42514,2530.129,2530.129,2497.9514,2510.9597,2530.129,2530.129,2497.9514,2510.9597,37.016000000000076,56.49455502297208,2812.1948,2428.5966,0,,,0,3008569.581812201,0.0,0.0,0.0,3008569.581812201,0.0,-0.10509028989256586,300.85695818122014,247.03151114089658,
42515,2526.2603,2537.4913,2497.1915,2504.0984,2526.2603,2537.4913,2497.1915,2504.0984,40.29980000000023,54.95219740173667,2812.1948,2428.5966,0,,,0,3008569.581812201,0.0,0.0,0.0,3008569.581812201,0.0,-0.10509028989256586,300.85695818122014,246.35648744083838,
42516,2496.5061,2513.0889,2446.4302,2513.0889,2496.5061,2513.0889,2446.4302,2513.0889,66.65870000000041,56.06710241109512,2812.1948,2428.5966,0,,,0,3008569.581812201,0.0,0.0,0.0,3008569.581812201,0.0,-0.10509028989256586,300.85695818122014,247.24098463165842,
42517,2509.1112,2534.7748,2508.2493,2519.3456,2509.1112,2534.7748,2508.2493,2519.3456,26.525500000000193,53.25361646718132,2812.1948,2436.7625,0,,,0,3008569.581812201,0.0,0.0,0.0,3008569.581812201,0.0,-0.10509028989256586,300.85695818122014,247.85652699012607,
42520,2506.0298,2525.944,2490.1966,2509.1501,2506.0298,2525.944,2490.1966,2509.1501,35.74739999999974,51.58635775602117,2812.1948,2436.7625,0,,,0,3008569.581812201,0.0,0.0,0.0,3008569.581812201,0.0,-0.10509028989256586,300.85695818122014,246.85348031763783,
42521,2509.8371,2604.0659,2509.8371,2604.0659,2509.8371,2604.0659,2509.8371,2604.0659,94.91580000000022,55.712971303066794,2812.1948,2436.7625,0,,,0,3008569.581812201,0.0,0.0,0.0,3008569.581812201,0.0,-0.10509028989256586,300.85695818122014,256.19142130695246,
42522,2607.8296,2639.6963,2607.8296,2632.5142,2607.8296,2639.6963,2607.8296,2632.5142,35.63040000000001,53.80034546467948,2812.1948,2436.7625,0,,,0,3008569.581812201,0.0,0.0,0.0,3008569.581812201,0.0,-0.10509028989256586,300.85695818122014,258.990202401842,
42523,2627.5586,2662.4364,2627.5586,2662.4364,2627.5586,2662.4364,2627.5586,2662.4364,34.87780000000021,51.99819827756717,2812.1948,2443.181,0,,,0,3008569.581812201,0.0,0.0,0.0,3008569.581812201,0.0,-0.10509028989256586,300.85695818122014,261.9339877133546,
42524,2664.2639,2682.1928,2653.3718,2669.5865,2664.2639,2682.1928,2653.3718,2669.5865,28.820999999999913,49.790846060656,2812.1948,2443.181,0,,,0,3008569.581812201,0.0,0.0,0.0,3008569.581812201,0.0,-0.10509028989256586,300.85695818122014,262.6374239364881,
42527,2676.1292,2683.3105,2668.5785,2682.5004,2676.1292,2683.3105,2668.5785,2682.5004,14.731999999999971,46.451908340593526,2682.1928,2446.4302,1,2682.1928,2632.401953939344,1100,57567.41939620146,2950750.44,590.082416,-251.7224159995094,3008317.8593962016,-8.366847073149053e-05,-0.10516516561945333,300.83178593962015,263.90791036911486,BUY
42528,2684.2918,2695.1942,2671.3672,2695.1942,2684.2918,2695.1942,2671.3672,2695.1942,23.82699999999977,44.29715516529888,2683.3105,2446.4302,1,,2632.401953939344,1100,57567.41939620146,2964713.62,0.0,13963.180000000168,3022281.0393962017,0.004641524151574483,-0.10101176812400592,302.2281039396202,265.156743074841,
42529,2690.3493,2706.9121,2665.4557,2691.9333,2690.3493,2706.9121,2665.4557,2691.9333,41.45640000000003,44.026607054318035,2695.1942,2446.4302,1,,2632.401953939344,1100,57567.41939620146,2961126.6300000004,0.0,-3586.989999999758,3018694.049396202,-0.0011868485932454709,-0.1020787310423521,301.86940493962015,264.8359314526237,
42534,2650.9935,2663.1365,2549.2994,2549.2994,2650.9935,2663.1365,2549.2994,2549.2994,142.63390000000027,53.417777811049675,2706.9121,2446.4302,0,2632.401953939344,,0,2951182.6192249465,0.0,2026.9495045332947,-67511.43017125549,2951182.6192249465,-0.02236444935012849,-0.12216024578235851,295.11826192249464,250.80342115111645,SELL
42535,2530.1587,2559.613,2528.0932,2558.8218,2530.1587,2559.613,2528.0932,2558.8218,31.519800000000032,51.33225611475923,2706.9121,2490.1966,0,,,0,2951182.6192249465,0.0,0.0,0.0,2951182.6192249465,0.0,-0.12216024578235851,295.11826192249464,251.74024736210185,
42536,2532.2897,2655.6275,2532.2897,2651.28,2532.2897,2655.6275,2532.2897,2651.28,123.33780000000024,58.18992696097266,2706.9121,2490.1966,0,,,0,2951182.6192249465,0.0,0.0,0.0,2951182.6192249465,0.0,-0.12216024578235851,295.11826192249464,260.8364064376009,
42537,2652.6077,2673.7983,2648.9645,2657.7652,2652.6077,2673.7983,2648.9645,2657.7652,24.833799999999883,55.013152964689546,2706.9121,2509.8371,0,,,0,2951182.6192249465,0.0,0.0,0.0,2951182.6192249465,0.0,-0.12216024578235851,295.11826192249464,261.4744289259948,
42538,2658.6768,2688.5413,2657.3559,2674.4848,2658.6768,2688.5413,2657.3559,2674.4848,31.185399999999845,52.74384315852862,2706.9121,2528.0932,0,,,0,2951182.6192249465,0.0,0.0,0.0,2951182.6192249465,0.0,-0.12216024578235851,295.11826192249464,263.11932511993666,
42541,2667.277,2686.1873,2638.8883,2685.1417,2667.277,2686.1873,2638.8883,2685.1417,47.29899999999998,52.22528666724018,2706.9121,2528.0932,0,,,0,2951182.6192249465,0.0,0.0,0.0,2951182.6192249465,0.0,-0.12216024578235851,295.11826192249464,264.16776493005284,
42542,2697.3116,2710.1307,2644.2908,2655.4215,2697.3116,2710.1307,2644.2908,2655.4215,65.83989999999994,53.5219165084554,2706.9121,2528.0932,1,2706.9121,2654.68681333276,1000,243729.13680494638,2655421.5,541.38242,-52031.98242000025,2899150.636804946,-0.017630892131529685,-0.1376373437977383,289.9150636804946,261.24385264368294,BUY
42543,2647.3731,2701.6091,2647.3731,2701.6091,2647.3731,2701.6091,2647.3731,2701.6091,54.23600000000033,53.589924460031106,2710.1307,2528.0932,0,2647.3731,,0,2889249.0756349456,0.0,1853.1611699999996,-9901.561170000583,2889249.0756349456,-0.0034153317334737476,-0.14058259834322862,288.92490756349457,265.78784935696007,SELL
42544,2700.9564,2704.8665,2674.3843,2687.5901,2700.9564,2704.8665,2674.3843,2687.5901,30.48219999999992,51.389188797170995,2710.1307,2528.0932,0,,,0,2889249.0756349456,0.0,0.0,0.0,2889249.0756349456,0.0,-0.14058259834322862,288.92490756349457,264.4086417357926,
42545,2684.6481,2700.5604,2615.8859,2670.1064,2684.6481,2700.5604,2615.8859,2670.1064,84.67449999999963,54.55921843553563,2710.1307,2528.0932,0,,,0,2889249.0756349456,0.0,0.0,0.0,2889249.0756349456,0.0,-0.14058259834322862,288.92490756349457,262.68857238090254,
42548,2650.2204,2733.5832,2650.2204,2733.5832,2650.2204,2733.5832,2650.2204,2733.5832,83.36279999999988,57.30241667977032,2710.1307,2528.0932,1,2710.1307,2655.5714815644646,1000,178576.34949494546,2733583.2,542.02614,22910.473859999795,2912159.5494949454,0.00792955998608913,-0.1337677965037024,291.2159549494946,268.9335032837715,BUY
42549,2724.8984,2771.1735,2724.8984,2771.1735,2724.8984,2771.1735,2724.8984,2771.1735,46.27509999999984,56.25219604360171,2733.5832,2528.0932,1,,2655.5714815644646,1000,178576.34949494546,2771173.5,0.0,37590.299999999814,2949749.8494949453,0.012908049631593421,-0.12258642822848753,294.9749849494945,272.63168633833806,
42550,2780.3664,2786.3489,2763.6746,2781.2932,2780.3664,2786.3489,2763.6746,2781.2932,22.67430000000013,53.05430118230632,2771.1735,2532.2897,1,,2655.5714815644646,1000,178576.34949494546,2781293.2,0.0,10119.700000000186,2959869.5494949454,0.00343069769178328,-0.1195762875130717,295.98695494949453,273.62727570733216,
42551,2780.0261,2789.1386,2769.2142,2781.974,2780.0261,2789.1386,2769.2142,2781.974,19.924400000000333,49.89907249827718,2786.3489,2615.8859,1,,2655.5714815644646,1000,178576.34949494546,2781974.0,0.0,680.7999999998137,2960550.3494949453,0.00023001013680357119,-0.11937378113451758,296.05503494949454,273.69425370494184,
42552,2782.0786,2793.4057,2772.1047,2778.3247,2782.0786,2793.4057,2772.1047,2778.3247,21.30099999999993,47.1754465460603,2789.1386,2615.8859,1,,2655.5714815644646,1000,178576.34949494546,2778324.7,0.0,-3649.2999999998137,2956901.0494949454,-0.0012326424377894218,-0.12045927838372128,295.6901049494945,273.3352307809155,
42555,2761.2213,2828.3394,2761.2213,2826.5349,2761.2213,2828.3394,2761.2213,2826.5349,67.11809999999969,49.07474687500691,2793.4057,2615.8859,1,,2655.5714815644646,1000,178576.34949494546,2826534.9,0.0,48210.19999999972,3005111.249494945,0.016304299397585265,-0.10611898312612122,300.5111249494945,278.0782135370325,
42556,2830.387,2842.8382,2821.0875,2842.3905,2830.387,2842.8382,2821.0875,2842.3905,21.75070000000005,46.47245669643483,2828.3394,2615.8859,1,,2655.5714815644646,1000,178576.34949494546,2842390.5,0.0,15855.600000000093,3020966.8494949453,0.005276210656981473,-0.1014026785788178,302.0966849494945,279.63810827689855,
42557,2831.9651,2857.0451,2825.736,2854.5041,2831.9651,2857.0451,2825.736,2854.5041,31.309099999999944,45.02832748725056,2842.8382,2615.8859,1,,2655.5714815644646,1000,178576.34949494546,2854504.1,0.0,12113.600000000093,3033080.4494949454,0.004009842081525994,-0.09779944522503659,303.3080449494945,280.8298601450613,
42558,2851.4094,2864.6299,2830.7097,2856.0317,2851.4094,2864.6299,2830.7097,2856.0317,33.92020000000002,43.970410583702886,2857.0451,2615.8859,1,,2655.5714815644646,1000,178576.34949494546,2856031.7,0.0,1527.6000000000931,3034608.0494949454,0.0005036463837464478,-0.09734505517821013,303.46080494949456,280.9801474381703,
42559,2853.7474,2868.6195,2842.0092,2853.3162,2853.7474,2868.6195,2842.0092,2853.3162,26.610299999999825,42.31706671858831,2864.6299,2615.8859,1,,2655.5714815644646,1000,178576.34949494546,2853316.2,0.0,-2715.5,3031892.5494949454,-0.0008948437345811522,-0.09815279030007262,303.18925494949457,280.7129929838383,
42562,2854.7093,2868.4042,2827.9893,2829.5948,2854.7093,2868.4042,2827.9893,2829.5948,40.41489999999976,42.135907983484636,2868.6195,2650.2204,1,,2655.5714815644646,1000,178576.34949494546,2829594.8,0.0,-23721.400000000373,3008171.149494945,-0.007823958010633292,-0.10520880500077157,300.8171149494945,278.3792505154197,
42563,2826.4753,2847.8535,2785.5476,2847.8535,2826.4753,2847.8535,2785.5476,2847.8535,62.30590000000029,44.05685960410518,2868.6195,2724.8984,1,,2655.5714815644646,1000,178576.34949494546,2847853.5,0.0,18258.700000000186,3026429.8494949453,0.006069701188067711,-0.09977768982141233,302.6429849494945,280.1755653875653,
42564,2850.1555,2869.0975,2840.8064,2866.8214,2850.1555,2869.0975,2840.8064,2866.8214,28.291099999999915,42.55535868942849,2868.6195,2761.2213,1,,2655.5714815644646,1000,178576.34949494546,2866821.4,0.0,18967.899999999907,3045397.749494945,0.006267417697841227,-0.0941356205826075,304.53977494949453,282.0416522865981,
42565,2867.1891,2874.1757,2861.9545,2874.1757,2867.1891,2874.1757,2861.9545,2874.1757,12.221199999999953,39.66639119519719,2869.0975,2761.2213,1,,2655.5714815644646,1000,178576.34949494546,2874175.6999999997,0.0,7354.299999999814,3052752.049494945,0.0024148898124127793,-0.09194805792132488,305.2752049494945,282.76517797376204,
42566,2874.578,2874.578,2858.4308,2865.2449,2874.578,2874.578,2858.4308,2865.2449,16.147199999999884,37.42646822422602,2874.1757,2761.2213,1,,2655.5714815644646,1000,178576.34949494546,2865244.9000000004,0.0,-8930.799999999348,3043821.2494949456,-0.002925491443524497,-0.09460455610815188,304.38212494949454,281.88655414730357,
42569,2860.2422,2868.1794,2842.6904,2852.7665,2860.2422,2868.1794,2842.6904,2852.7665,25.489000000000033,36.28956648858545,2874.578,2761.2213,1,,2655.5714815644646,1000,178576.34949494546,2852766.5,0.0,-12478.400000000373,3031342.8494949453,-0.004099583706523746,-0.09831630051789175,303.13428494949454,280.65891277630885,
42570,2849.5716,2872.2494,2839.116,2872.2494,2849.5716,2872.2494,2839.116,2872.2494,33.133400000000165,35.98897920395828,2874.578,2785.5476,1,,2655.5714815644646,1000,178576.34949494546,2872249.4000000004,0.0,19482.900000000373,3050825.7494949456,0.006427151585062907,-0.09252104269953998,305.0825749494946,282.57566605132433,
42571,2873.5844,2897.2643,2873.5844,2883.7264,2873.5844,2897.2643,2873.5844,2883.7264,25.01489999999967,34.94382880358127,2874.578,2785.5476,1,,2655.5714815644646,1000,178576.34949494546,2883726.4,0.0,11476.999999999534,3062302.749494945,0.0037619323233717417,-0.08910716827729181,306.2302749494945,283.7047883758937,
42572,2884.2207,2900.8231,2873.5878,2885.3894,2884.2207,2900.8231,2873.5878,2885.3894,27.23530000000028,34.209683203240225,2897.2643,2785.5476,1,,2655.5714815644646,1000,178576.34949494546,2885389.4,0.0,1663.0,3063965.749494945,0.0005430553854528508,-0.08861250301945445,306.39657494949455,283.8683964987271,
42573,2881.7151,2882.0498,2854.367,2857.5083,2881.7151,2882.0498,2854.367,2857.5083,31.022399999999834,33.90613242197924,2900.8231,2785.5476,1,,2655.5714815644646,1000,178576.34949494546,2857508.3,0.0,-27881.100000000093,3036084.649494945,-0.009099677437515719,-0.09690583526256225,303.60846494949453,281.12541728433735,
42576,2849.8934,2871.3344,2846.3446,2860.0811,2849.8934,2871.3344,2846.3446,2860.0811,24.989800000000287,33.05695790560029,2900.8231,2785.5476,1,,2655.5714815644646,1000,178576.34949494546,2860081.1,0.0,2572.8000000002794,3038657.4494949454,0.0008474072027038204,-0.09614054676264405,303.86574494949457,281.378532725363,
42577,2857.9432,2892.6315,2857.9432,2892.6315,2857.9432,2892.6315,2857.9432,2892.6315,34.6882999999998,33.212323819352626,2900.8231,2785.5476,1,,2655.5714815644646,1000,178576.34949494546,2892631.5,0.0,32550.399999999907,3071207.8494949453,0.010712099188873836,-0.08645831464676434,307.1207849494945,284.58088380261876,
42578,2891.8484,2891.8484,2734.3911,2746.2852,2891.8484,2891.8484,2734.3911,2746.2852,158.24040000000014,45.11975964608096,2900.8231,2839.116,0,2839.116,,0,3015704.968294945,0.0,1987.3812,-55502.88120000018,3015704.968294945,-0.018072004214604864,-0.10296784383468527,301.5704968294945,270.18314271626076,SELL
42579,2738.6093,2754.4222,2697.5977,2736.2945,2738.6093,2754.4222,2697.5977,2736.2945,56.82450000000017,46.234496822644694,2900.8231,2734.3911,0,,,0,3015704.968294945,0.0,0.0,0.0,3015704.968294945,0.0,-0.10296784383468527,301.5704968294945,269.20024453659056,
42580,2735.7715,2740.9594,2710.7923,2715.8135,2735.7715,2740.9594,2710.7923,2715.8135,30.16710000000012,44.7042685538214,2900.8231,2697.5977,0,,,0,3015704.968294945,0.0,0.0,0.0,3015704.968294945,0.0,-0.10296784383468527,301.5704968294945,267.18529687348126,
42583,2702.4096,2702.4096,2640.3865,2668.9071,2702.4096,2702.4096,2640.3865,2668.9071,75.42700000000013,47.63024297726699,2900.8231,2697.5977,0,,,0,3015704.968294945,0.0,0.0,0.0,3015704.968294945,0.0,-0.10296784383468527,301.5704968294945,262.57058367271605,
42584,2664.6806,2695.877,2664.6806,2695.877,2664.6806,2695.877,2664.6806,2695.877,31.196399999999812,46.06511507467012,2900.8231,2640.3865,0,,,0,3015704.968294945,0.0,0.0,0.0,3015704.968294945,0.0,-0.10296784383468527,301.5704968294945,265.22391783507595,
42585,2693.3624,2711.352,2693.3624,2711.352,2693.3624,2711.352,2693.3624,2711.352,17.989599999999882,43.3912564961301,2900.8231,2640.3865,0,,,0,3015704.968294945,0.0,0.0,0.0,3015704.968294945,0.0,-0.10296784383468527,301.5704968294945,266.74636864737107,
42586,2708.8201,2734.8987,2703.9748,2732.4119,2708.8201,2734.8987,2703.9748,2732.4119,30.92390000000023,42.203889210784396,2900.8231,2640.3865,0,,,0,3015704.968294945,0.0,0.0,0.0,3015704.968294945,0.0,-0.10296784383468527,301.5704968294945,268.8182692523375,
42587,2728.5377,2732.335,2713.175,2713.175,2728.5377,2732.335,2713.175,2713.175,19.236899999999878,40.0165569049954,2900.8231,2640.3865,0,,,0,3015704.968294945,0.0,0.0,0.0,3015704.968294945,0.0,-0.10296784383468527,301.5704968294945,266.9257177802185,
42590,2703.6587,2733.9687,2682.0515,2733.9687,2703.6587,2733.9687,2682.0515,2733.9687,51.917199999999866,41.149951485472016,2900.8231,2640.3865,0,,,0,3015704.968294945,0.0,0.0,0.0,3015704.968294945,0.0,-0.10296784383468527,301.5704968294945,268.97142927977404,
42591,2731.9471,2766.3894,2731.9471,2766.3894,2731.9471,2766.3894,2731.9471,2766.3894,34.44230000000016,40.511127534474696,2900.8231,2640.3865,0,,,0,3015704.968294945,0.0,0.0,0.0,3015704.968294945,0.0,-0.10296784383468527,301.5704968294945,272.1610203007871,
42592,2765.2915,2775.5694,2760.4256,2761.9508,2765.2915,2775.5694,2760.4256,2761.9508,15.143799999999828,38.09519157881042,2900.8231,2640.3865,0,,,0,3015704.968294945,0.0,0.0,0.0,3015704.968294945,0.0,-0.10296784383468527,301.5704968294945,271.7243450067352,
42593,2753.4191,2757.8494,2717.5326,2717.5326,2753.4191,2757.8494,2717.5326,2717.5326,44.41820000000007,38.69738285701896,2900.8231,2640.3865,0,,,0,3015704.968294945,0.0,0.0,0.0,3015704.968294945,0.0,-0.10296784383468527,301.5704968294945,267.3544241879508,
42594,2711.1016,2739.5097,2708.2989,2739.5097,2711.1016,2739.5097,2708.2989,2739.5097,31.21080000000029,37.98437496587432,2900.8231,2640.3865,0,,,0,3015704.968294945,0.0,0.0,0.0,3015704.968294945,0.0,-0.10296784383468527,301.5704968294945,269.51656013282263,
42597,2740.1227,2799.3907,2732.9358,2795.281,2740.1227,2799.3907,2732.9358,2795.281,66.45489999999972,40.69585354055293,2900.8231,2640.3865,0,,,0,3015704.968294945,0.0,0.0,0.0,3015704.968294945,0.0,-0.10296784383468527,301.5704968294945,275.00341383154677,
42598,2797.712,2826.9978,2797.712,2821.9632,2797.712,2826.9978,2797.712,2821.9632,31.71680000000015,39.840705584309816,2900.8231,2664.6806,0,,,0,3015704.968294945,0.0,0.0,0.0,3015704.968294945,0.0,-0.10296784383468527,301.5704968294945,277.62844369027516,
42599,2819.2029,2838.8517,2814.7434,2837.3088,2819.2029,2838.8517,2814.7434,2837.3088,24.108300000000327,38.342381242947006,2900.8231,2682.0515,0,,,0,3015704.968294945,0.0,0.0,0.0,3015704.968294945,0.0,-0.10296784383468527,301.5704968294945,279.13816396072144,
42600,2829.2291,2847.2977,2829.2291,2841.4115,2829.2291,2847.2977,2829.2291,2841.4115,18.06860000000006,36.41154493409491,2900.8231,2682.0515,0,,,0,3015704.968294945,0.0,0.0,0.0,3015704.968294945,0.0,-0.10296784383468527,301.5704968294945,279.5417929718751,
42601,2838.2023,2850.035,2832.381,2847.1089,2838.2023,2850.035,2832.381,2847.1089,17.653999999999996,34.625112083228736,2892.6315,2682.0515,0,,,0,3015704.968294945,0.0,0.0,0.0,3015704.968294945,0.0,-0.10296784383468527,301.5704968294945,280.10231066221246,
42604,2847.2428,2847.2428,2811.699,2811.699,2847.2428,2847.2428,2811.699,2811.699,35.54379999999992,34.712606170540276,2892.6315,2682.0515,0,,,0,3015704.968294945,0.0,0.0,0.0,3015704.968294945,0.0,-0.10296784383468527,301.5704968294945,276.6186382216122,
42605,2807.1308,2831.1984,2807.028,2823.388,2807.1308,2831.1984,2807.028,2823.388,24.170400000000427,33.70858653525077,2892.6315,2708.2989,0,,,0,3015704.968294945,0.0,0.0,0.0,3015704.968294945,0.0,-0.10296784383468527,301.5704968294945,277.7686173844502,
42606,2826.306,2850.4386,2826.306,2839.1143,2826.306,2850.4386,2826.306,2839.1143,27.05060000000003,33.0744925795126,2891.8484,2708.2989,0,,,0,3015704.968294945,0.0,0.0,0.0,3015704.968294945,0.0,-0.10296784383468527,301.5704968294945,279.31579142059866,
42607,2823.1259,2825.6873,2790.2053,2825.1804,2823.1259,2825.6873,2790.2053,2825.1804,48.909000000000106,34.58254090527332,2850.4386,2708.2989,0,,,0,3015704.968294945,0.0,0.0,0.0,3015704.968294945,0.0,-0.10296784383468527,301.5704968294945,277.94495604913243,
42608,2828.5339,2856.7479,2828.5339,2841.0528,2828.5339,2856.7479,2828.5339,2841.0528,31.567499999999654,34.29539415239011,2850.4386,2708.2989,1,2850.4386,2815.856059094727,1000,164696.28057494498,2841052.8,570.08772,-9955.887720000464,3005749.0805749446,-0.0033013467247856587,-0.10592925800546904,300.5749080574945,279.50650359504994,BUY
42611,2838.9902,2856.0522,2838.9902,2849.9377,2838.9902,2856.0522,2838.9902,2849.9377,17.061999999999898,32.65411851882914,2856.7479,2732.9358,1,,2815.856059094727,1000,164696.28057494498,2849937.6999999997,0.0,8884.899999999907,3014633.9805749445,0.0029559686327178536,-0.10328641293670249,301.4633980574945,280.3806117192606,
42612,2851.3165,2860.67,2849.18,2853.3158,2851.3165,2860.67,2849.18,2853.3158,11.490000000000236,30.638488183702574,2856.7479,2790.2053,1,,2815.856059094727,1000,164696.28057494498,2853315.8,0.0,3378.100000000093,3018012.0805749446,0.001120567213720447,-0.10228158509094165,301.8012080574945,280.7129536313132,
42613,2854.054,2858.829,2838.0644,2858.829,2854.054,2858.829,2838.0644,2858.829,20.764599999999973,29.698117880492802,2860.67,2790.2053,1,,2815.856059094727,1000,164696.28057494498,2858829.0,0.0,5513.200000000186,3023525.280574945,0.0018267653848986765,-0.1006416641651997,302.3525280574945,281.25534948387195,
42614,2857.026,2867.0545,2843.6112,2843.6112,2857.026,2867.0545,2843.6112,2843.6112,23.443300000000363,29.10242093949352,2860.67,2790.2053,1,,2815.856059094727,1000,164696.28057494498,2843611.1999999997,0.0,-15217.80000000028,3008307.4805749445,-0.005033131390621781,-0.10516825283670717,300.8307480574945,279.75820234517437,
42615,2835.2561,2848.0602,2818.8897,2830.1123,2835.2561,2848.0602,2818.8897,2830.1123,29.17049999999972,29.10890465954173,2867.0545,2790.2053,1,,2815.856059094727,1000,164696.28057494498,2830112.3,0.0,-13498.899999999907,2994808.5805749446,-0.004487207536850613,-0.10918354859679147,299.48085805749446,278.4301628446838,
42618,2836.1333,2854.0664,2833.8176,2846.1729,2836.1333,2854.0664,2833.8176,2846.1729,23.95410000000038,28.617970882442552,2867.0545,2790.2053,1,,2815.856059094727,1000,164696.28057494498,2846172.9,0.0,16060.600000000093,3010869.1805749447,0.005362813538124955,-0.10440626607122194,301.0869180574945,280.0102257536304,
42619,2846.0422,2891.6802,2830.2291,2891.6802,2846.0422,2891.6802,2830.2291,2891.6802,61.45109999999977,31.744935560305144,2867.0545,2790.2053,1,,2815.856059094727,1000,164696.28057494498,2891680.1999999997,0.0,45507.299999999814,3056376.4805749445,0.01511433983701349,-0.09086995802072262,305.63764805749446,284.48729365995405,
42620,2891.934,2915.553,2891.934,2898.2621,2891.934,2915.553,2891.934,2898.2621,23.872800000000097,30.995208364085617,2891.6802,2790.2053,1,,2815.856059094727,1000,164696.28057494498,2898262.1,0.0,6581.9000000003725,3062958.380574945,0.002153497791202108,-0.08891214848340467,306.2958380574945,285.13482962127523,
42621,2893.0811,2911.6913,2893.0811,2911.6913,2893.0811,2911.6913,2893.0811,2911.6913,18.610200000000077,29.81568375798223,2915.553,2790.2053,1,,2815.856059094727,1000,164696.28057494498,2911691.3,0.0,13429.19999999972,3076387.5805749446,0.004384388663315475,-0.08491758523593096,307.63875805749444,286.4560119442784,
42622,2910.7983,2917.7919,2895.7324,2895.8747,2910.7983,2917.7919,2895.7324,2895.8747,22.0595000000003,29.07699959055538,2915.553,2818.8897,1,,2815.856059094727,1000,164696.28057494498,2895874.6999999997,0.0,-15816.600000000093,3060570.9805749445,-0.005141289771116608,-0.08962228909468617,306.05709805749444,284.89995407560326,
42625,2838.2752,2854.6431,2810.8674,2811.231,2838.2752,2854.6431,2810.8674,2811.231,85.00729999999976,34.40369486764532,2917.7919,2818.8897,0,2818.8897,,0,2981612.757784945,0.0,1973.22279,-78958.22278999956,2981612.757784945,-0.025798526905971952,-0.113108692964074,298.16127577849454,276.5725957673211,SELL
42626,2828.1723,2846.8504,2822.9975,2846.8504,2828.1723,2846.8504,2822.9975,2846.8504,35.61939999999959,34.51947630882192,2917.7919,2810.8674,0,,,0,2981612.757784945,0.0,0.0,0.0,2981612.757784945,0.0,-0.113108692964074,298.16127577849454,280.07687909290854,
42627,2831.2799,2848.4363,2823.1979,2832.3595,2831.2799,2848.4363,2823.1979,2832.3595,25.23839999999973,33.63556427941028,2917.7919,2810.8674,0,,,0,2981612.757784945,0.0,0.0,0.0,2981612.757784945,0.0,-0.113108692964074,298.16127577849454,278.651245330331,
42632,2838.274,2867.6258,2838.274,2867.6258,2838.274,2867.6258,2838.274,2867.6258,35.266299999999774,33.79087244327595,2917.7919,2810.8674,0,,,0,2981612.757784945,0.0,0.0,0.0,2981612.757784945,0.0,-0.113108692964074,298.16127577849454,282.1207902144437,
42633,2869.3748,2873.9956,2863.5927,2873.9956,2869.3748,2873.9956,2863.5927,2873.9956,10.402900000000045,31.563446496297296,2917.7919,2810.8674,0,,,0,2981612.757784945,0.0,0.0,0.0,2981612.757784945,0.0,-0.113108692964074,298.16127577849454,282.74745949936505,
42634,2872.6565,2892.4888,2872.6565,2884.3092,2872.6565,2892.4888,2872.6565,2884.3092,19.832300000000032,30.44619444903089,2917.7919,2810.8674,0,,,0,2981612.757784945,0.0,0.0,0.0,2981612.757784945,0.0,-0.113108692964074,298.16127577849454,283.76212500486986,
42635,2899.2125,2907.2544,2897.8394,2905.4213,2899.2125,2907.2544,2897.8394,2905.4213,22.94519999999966,29.731814025313632,2917.7919,2810.8674,0,,,0,2981612.757784945,0.0,0.0,0.0,2981612.757784945,0.0,-0.113108692964074,298.16127577849454,285.8391611143533,
42636,2906.9361,2910.3305,2897.947,2897.947,2906.9361,2910.3305,2897.947,2897.947,12.383499999999913,28.079593641950417,2917.7919,2810.8674,0,,,0,2981612.757784945,0.0,0.0,0.0,2981612.757784945,0.0,-0.113108692964074,298.16127577849454,285.1038296696788,
42639,2890.0561,2890.0561,2830.6069,2830.7857,2890.0561,2890.0561,2830.6069,2830.7857,67.3400999999999,31.81868948557418,2917.7919,2810.8674,0,,,0,2981612.757784945,0.0,0.0,0.0,2981612.757784945,0.0,-0.113108692964074,298.16127577849454,278.4964128205804,
42640,2823.9302,2849.2908,2803.7625,2849.2908,2823.9302,2849.2908,2803.7625,2849.2908,45.5283000000004,33.12436667742429,2917.7919,2810.8674,0,,,0,2981612.757784945,0.0,0.0,0.0,2981612.757784945,0.0,-0.113108692964074,298.16127577849454,280.31696884814767,
42641,2847.0288,2849.6162,2838.0443,2844.4159,2847.0288,2849.6162,2838.0443,2844.4159,11.571899999999914,31.071750803383875,2917.7919,2803.7625,0,,,0,2981612.757784945,0.0,0.0,0.0,2981612.757784945,0.0,-0.113108692964074,298.16127577849454,279.8373697874137,
42642,2844.9001,2860.6332,2844.7489,2851.548,2844.9001,2860.6332,2844.7489,2851.548,16.21730000000025,29.657041203061624,2917.7919,2803.7625,0,,,0,2981612.757784945,0.0,0.0,0.0,2981612.757784945,0.0,-0.113108692964074,298.16127577849454,280.5390351469207,
42643,2847.4174,2870.258,2847.4174,2869.2894,2847.4174,2870.258,2847.4174,2869.2894,22.840599999999995,29.007856326579564,2917.7919,2803.7625,0,,,0,2981612.757784945,0.0,0.0,0.0,2981612.757784945,0.0,-0.113108692964074,298.16127577849454,282.28445736606466,
42653,2884.1808,2934.8976,2882.8296,2934.8976,2884.1808,2934.8976,2882.8296,2934.8976,65.60819999999967,32.493603343095764,2917.7919,2803.7625,1,2917.7919,2888.7840436734205,1000,63237.299404944584,2934897.5999999996,583.55838,16522.141619999427,2998134.8994049444,0.005541343884064132,-0.1081941232440008,299.81348994049443,288.739078198583,BUY
42654,2934.7488,2961.7476,2934.7488,2961.7476,2934.7488,2961.7476,2934.7488,2961.7476,26.9988000000003,31.970288738991435,2934.8976,2803.7625,1,,2888.7840436734205,1000,63237.299404944584,2961747.6,0.0,26850.000000000466,3024984.899404945,0.008955567678202048,-0.10020749535889406,302.49848994049444,291.3806164415637,
42655,2954.1276,2968.4976,2953.9136,2968.4976,2954.1276,2968.4976,2953.9136,2968.4976,14.584000000000287,30.314451716230373,2961.7476,2803.7625,1,,2888.7840436734205,1000,63237.299404944584,2968497.6,0.0,6750.0,3031734.899404945,0.0022314160977556785,-0.09819968387939804,303.1734899404945,292.04469030153086,
42656,2971.5199,2989.8977,2969.4798,2982.4341,2971.5199,2989.8977,2969.4798,2982.4341,21.40009999999984,29.465465838494133,2968.4976,2803.7625,1,,2888.7840436734205,1000,63237.299404944584,2982434.1,0.0,13936.5,3045671.399404945,0.004596872900310522,-0.09405422244473183,304.5671399404945,293.41578146440975,
42657,2978.6719,2984.8209,2961.1241,2984.1038,2978.6719,2984.8209,2961.1241,2984.1038,23.696800000000167,28.916069091970897,2989.8977,2803.7625,1,,2888.7840436734205,1000,63237.299404944584,2984103.8,0.0,1669.6999999997206,3047341.0994049446,0.0005482206650153643,-0.0935575642480927,304.7341099404945,293.5800487420375,
42660,2986.1058,2991.018,2945.4908,2954.2289,2986.1058,2991.018,2945.4908,2954.2289,45.52719999999999,30.49808155940224,2989.8977,2803.7625,1,,2888.7840436734205,1000,63237.299404944584,2954228.9,0.0,-29874.899999999907,3017466.1994049447,-0.009803595667657206,-0.10244395938421069,301.7466199404945,290.64091686661027,
42661,2948.7375,3008.9701,2948.7375,3008.9701,2948.7375,3008.9701,2948.7375,3008.9701,60.23259999999982,33.32994045850677,2991.018,2803.7625,1,,2888.7840436734205,1000,63237.299404944584,3008970.1,0.0,54741.200000000186,3072207.399404945,0.01814144596244205,-0.08616099497511598,307.22073994049447,296.0264279752378,
42662,3013.6142,3019.444,3004.7241,3013.5813,3013.6142,3019.444,3004.7241,3013.5813,14.719900000000052,31.5575556529347,3008.9701,2838.0443,1,,2888.7840436734205,1000,63237.299404944584,3013581.3,0.0,4611.199999999721,3076818.5994049446,0.0015009403339412142,-0.08478937715374535,307.68185994049446,296.4800838838423,
42663,3010.4328,3026.1445,3005.9295,3024.3473,3010.4328,3026.1445,3005.9295,3024.3473,20.21499999999969,30.47731225741708,3019.444,2844.7489,1,,2888.7840436734205,1000,63237.299404944584,3024347.3,0.0,10766.0,3087584.5994049446,0.003499068811558148,-0.08158699220733723,308.75845994049445,297.5392570951619,
42664,3020.6032,3022.3323,2982.4281,3011.1364,3020.6032,3022.3323,2982.4281,3011.1364,41.91919999999982,31.567015851948767,3026.1445,2847.4174,1,,2888.7840436734205,1000,63237.299404944584,3011136.4,0.0,-13210.899999999907,3074373.6994049447,-0.004278716768617796,-0.08551662134429638,307.4373699404945,296.2395514126966,
42667,3008.9371,3033.6515,3005.3762,3032.2482,3008.9371,3033.6515,3005.3762,3032.2482,28.27529999999979,31.253519104144104,3026.1445,2882.8296,1,,2888.7840436734205,1000,63237.299404944584,3032248.2,0.0,21111.80000000028,3095485.499404945,0.00686702465744049,-0.07923684143424825,309.5485499404945,298.3165580077863,
42668,3032.3815,3046.0825,3029.9122,3046.0825,3032.3815,3046.0825,3029.9122,3046.0825,16.17029999999977,29.81702204660655,3033.6515,2934.7488,1,,2888.7840436734205,1000,63237.299404944584,3046082.5,0.0,13834.299999999814,3109319.7994049448,0.004469185852319146,-0.07512177975264944,310.93197994049444,299.6775946005188,
42669,3045.0393,3047.925,3026.2031,3037.8604,3045.0393,3047.925,3026.2031,3037.8604,21.721900000000005,29.046058042167832,3046.0825,2945.4908,1,,2888.7840436734205,1000,63237.299404944584,3037860.4,0.0,-8222.100000000093,3101097.6994049447,-0.0026443404121935243,-0.07756747260680719,310.10976994049446,298.86869361029113,
42670,3033.3011,3045.5203,3030.5961,3045.3741,3033.3011,3045.5203,3030.5961,3045.3741,14.924199999999928,27.701119181008984,3047.925,2945.4908,1,,2888.7840436734205,1000,63237.299404944584,3045374.1,0.0,7513.700000000186,3108611.399404945,0.0024229162471862686,-0.07533249584925306,310.86113994049447,299.6079012786816,
42671,3041.6831,3047.2548,3012.324,3012.324,3041.6831,3047.2548,3012.324,3012.324,34.93080000000009,28.38966021138909,3047.925,2945.4908,1,,2888.7840436734205,1000,63237.299404944584,3012324.0,0.0,-33050.10000000009,3075561.2994049448,-0.010631788845117951,-0.0851633655053261,307.5561299404945,296.35638905952584,
42674,2999.9044,3012.0492,2987.6161,3012.0492,2999.9044,3012.0492,2987.6161,3012.0492,24.70789999999988,28.039016381732974,3047.925,2945.4908,1,,2888.7840436734205,1000,63237.299404944584,3012049.1999999997,0.0,-274.8000000002794,3075286.4994049445,-8.934954411521367e-05,-0.08524510574155808,307.52864994049446,296.32935387482667,
42675,3010.5273,3057.6893,3010.5273,3057.6893,3010.5273,3057.6893,3010.5273,3057.6893,47.16199999999981,29.860252916806004,3047.925,2948.7375,1,,2888.7840436734205,1000,63237.299404944584,3057689.3,0.0,45640.10000000009,3120926.5994049446,0.014840926206007632,-0.07166929585928428,312.09265994049446,300.81948681946204,
42676,3050.4171,3062.0708,3048.6357,3048.6357,3050.4171,3062.0708,3048.6357,3048.6357,13.435100000000148,28.29595263901497,3057.6893,2982.4281,1,,2888.7840436734205,1000,63237.299404944584,3048635.6999999997,0.0,-9053.600000000093,3111872.9994049445,-0.0029009333323398723,-0.07436232134236065,311.1872999404944,299.9287817678177,
42677,3036.7199,3091.6835,3036.7199,3071.5662,3036.7199,3091.6835,3036.7199,3071.5662,54.96360000000004,30.835728578156406,3062.0708,2982.4281,1,,2888.7840436734205,1000,63237.299404944584,3071566.2,0.0,22930.500000000466,3134803.499404945,0.007368713313295583,-0.06754156265634803,313.4803499404945,302.1847144561107,
42678,3066.9036,3083.3153,3056.7729,3063.4542,3066.9036,3083.3153,3056.7729,3063.4542,26.54240000000027,30.426840142141536,3091.6835,2982.4281,1,,2888.7840436734205,1000,63237.299404944584,3063454.2,0.0,-8112.0,3126691.499404945,-0.0025877220060331885,-0.06995450587437357,312.6691499404945,301.386645248399,
42681,3058.6325,3072.2728,3054.8106,3066.0158,3058.6325,3072.2728,3054.8106,3066.0158,17.462200000000394,29.192112509556665,3091.6835,2987.6161,1,,2888.7840436734205,1000,63237.299404944584,3066015.8000000003,0.0,2561.600000000093,3129253.099404945,0.000819268546477181,-0.06919254885424364,312.9253099404945,301.6386588187238,
42682,3072.3077,3086.931,3070.6072,3086.4612,3072.3077,3086.931,3070.6072,3086.4612,20.915199999999913,28.403835127694116,3091.6835,2987.6161,1,,2888.7840436734205,1000,63237.299404944584,3086461.2,0.0,20445.399999999907,3149698.499404945,0.0065336357752230345,-0.06311099199159342,314.9698499404945,303.650104107105,
42683,3083.7438,3087.7341,3039.133,3067.3499,3083.7438,3087.7341,3039.133,3067.3499,48.601100000000315,30.327384163151848,3091.6835,2987.6161,1,,2888.7840436734205,1000,63237.299404944584,3067349.9000000004,0.0,-19111.299999999814,3130587.199404945,-0.006067660127980656,-0.06879571606982937,313.05871994049454,301.7699093278471,
42684,3089.1845,3116.6018,3089.1845,3116.6018,3089.1845,3116.6018,3089.1845,3116.6018,49.25189999999975,32.12971900475641,3091.6835,2987.6161,1,,2888.7840436734205,1000,63237.299404944584,3116601.8,0.0,49251.89999999944,3179839.0994049446,0.01573247983936077,-0.05414556344657151,317.98390994049447,306.61537589728675,
42685,3119.6322,3130.3724,3118.7426,3130.3724,3119.6322,3130.3724,3118.7426,3130.3724,13.770600000000286,30.381231480493923,3116.6018,2987.6161,1,,2888.7840436734205,1000,63237.299404944584,3130372.4000000004,0.0,13770.600000000559,3193609.699404945,0.004330596476588289,-0.05004944955626789,319.3609699404945,307.97014560040736,
42688,3125.279,3143.1878,3125.279,3143.1878,3125.279,3143.1878,3125.279,3143.1878,17.908800000000156,29.19338086330404,3130.3724,2987.6161,1,,2888.7840436734205,1000,63237.299404944584,3143187.8000000003,0.0,12815.399999999907,3206425.099404945,0.0040128259888450035,-0.04623746329932954,320.6425099404945,309.23094147374417,
42689,3141.5845,3166.3906,3137.0193,3166.3906,3141.5845,3166.3906,3137.0193,3166.3906,29.371300000000247,29.21032554298939,3143.1878,3010.5273,1,,2888.7840436734205,1000,63237.299404944584,3166390.6,0.0,23202.799999999814,3229627.899404945,0.0072363455501598395,-0.03933570801096653,322.9627899404945,311.5136633934548,
42690,3168.4689,3178.1083,3167.7201,3167.9087,3168.4689,3178.1083,3167.7201,3167.9087,11.717699999999695,27.5443612055618,3166.3906,3036.7199,1,,2888.7840436734205,1000,63237.299404944584,3167908.7,0.0,1518.1000000000931,3231145.999404945,0.0004700541509068401,-0.03888414377288907,323.1145999404945,311.6630160640942,
42691,3161.1111,3161.4926,3139.0446,3157.6116,3161.1111,3161.4926,3139.0446,3157.6116,28.86409999999978,27.670050614555894,3178.1083,3036.7199,1,,2888.7840436734205,1000,63237.299404944584,3157611.6,0.0,-10297.100000000093,3220848.899404945,-0.00318682597502451,-0.04194705274852151,322.08488994049446,310.6499738502471,
42692,3158.8337,3170.7044,3156.8662,3158.8356,3158.8337,3170.7044,3156.8662,3158.8356,13.838200000000143,26.352731508407725,3178.1083,3039.133,1,,2888.7840436734205,1000,63237.299404944584,3158835.6,0.0,1224.0,3222072.899404945,0.00038002403659054274,-0.04158296960023955,322.2072899404945,310.7703925768545,
42695,3155.0922,3176.2618,3155.0922,3176.2618,3155.0922,3176.2618,3155.0922,3176.2618,21.169600000000173,25.859099936178435,3178.1083,3039.133,1,,2888.7840436734205,1000,63237.299404944584,3176261.8000000003,0.0,17426.200000000186,3239499.099404945,0.005408381667347806,-0.0363994845033514,323.94990994049454,312.48480500627085,
42696,3179.722,3208.6359,3135.8387,3208.6359,3179.722,3208.6359,3135.8387,3208.6359,72.79720000000043,30.32939518035196,3178.1083,3039.133,1,,2888.7840436734205,1000,63237.299404944584,3208635.9000000004,0.0,32374.100000000093,3271873.199404945,0.00999355116534728,-0.02676969344878055,327.18731994049455,315.6698114581173,
42697,3210.4029,3212.286,3188.819,3190.9248,3210.4029,3212.286,3188.819,3190.9248,23.4670000000001,29.67583373460416,3208.6359,3039.133,1,,2888.7840436734205,1000,63237.299404944584,3190924.8,0.0,-17711.10000000056,3254162.0994049446,-0.005413137649473043,-0.03203792306278108,325.41620994049447,313.9273701927447,
42698,3187.0446,3195.9501,3167.3103,3176.9512,3187.0446,3195.9501,3167.3103,3176.9512,28.639799999999923,29.577163855118044,3212.286,3089.1845,1,,2888.7840436734205,1000,63237.299404944584,3176951.2,0.0,-13973.599999999627,3240188.499404945,-0.004294070047265008,-0.036194420024245666,324.0188499404945,312.55262908316877,
42699,3173.1171,3175.1271,3108.5541,3174.8196,3173.1171,3175.1271,3108.5541,3174.8196,68.39710000000014,33.2743006308211,3212.286,3118.7426,0,3118.7426,,0,3179796.7795849447,0.0,2183.11982,-60391.71982000023,3179796.7795849447,-0.018638335341012113,-0.054158151627372364,317.97967795849445,312.34291947725677,SELL
42702,3175.6543,3177.6624,3164.0633,3164.3094,3175.6543,3177.6624,3164.0633,3164.3094,13.599100000000362,31.400471999314366,3212.286,3108.5541,0,,,0,3179796.7795849447,0.0,0.0,0.0,3179796.7795849447,0.0,-0.054158151627372364,317.97967795849445,311.3089122056972,
42703,3157.4057,3157.4057,3112.9048,3112.9048,3157.4057,3157.4057,3112.9048,3112.9048,51.4046000000003,33.30562704699874,3212.286,3108.5541,0,,,0,3179796.7795849447,0.0,0.0,0.0,3179796.7795849447,0.0,-0.054158151627372364,317.97967795849445,306.2516601846499,
42704,3102.3078,3113.9171,3091.8819,3104.6508,3102.3078,3113.9171,3091.8819,3104.6508,22.03520000000026,32.23225304252269,3212.286,3108.5541,0,,,0,3179796.7795849447,0.0,0.0,0.0,3179796.7795849447,0.0,-0.054158151627372364,317.97967795849445,305.4396208305508,
42705,3103.9794,3119.3733,3103.9794,3119.3733,3103.9794,3119.3733,3103.9794,3119.3733,15.39390000000003,30.62860037180625,3212.286,3091.8819,0,,,0,3179796.7795849447,0.0,0.0,0.0,3179796.7795849447,0.0,-0.054158151627372364,317.97967795849445,306.8880397051237,
42706,3119.9978,3119.9978,3056.8423,3056.8423,3119.9978,3119.9978,3056.8423,3056.8423,63.1555000000003,33.72640033639616,3212.286,3091.8819,0,,,0,3179796.7795849447,0.0,0.0,0.0,3179796.7795849447,0.0,-0.054158151627372364,317.97967795849445,300.73615784770016,
42709,3020.6653,3053.5622,3020.6653,3038.4518,3020.6653,3053.5622,3020.6653,3038.4518,36.17699999999968,33.95979078054888,3212.286,3056.8423,0,,,0,3179796.7795849447,0.0,0.0,0.0,3179796.7795849447,0.0,-0.054158151627372364,317.97967795849445,298.9268763185555,
42710,3037.2168,3059.2847,3037.2168,3051.8146,3037.2168,3059.2847,3037.2168,3051.8146,22.06790000000001,32.82722975382994,3212.286,3020.6653,0,,,0,3179796.7795849447,0.0,0.0,0.0,3179796.7795849447,0.0,-0.054158151627372364,317.97967795849445,300.2415261224029,
42711,3049.5804,3091.9985,3047.8207,3091.9985,3049.5804,3091.9985,3047.8207,3091.9985,44.177799999999934,33.90823644394136,3212.286,3020.6653,0,,,0,3179796.7795849447,0.0,0.0,0.0,3179796.7795849447,0.0,-0.054158151627372364,317.97967795849445,304.194870949297,
42712,3094.2762,3094.2762,3074.81,3074.81,3094.2762,3094.2762,3074.81,3074.81,19.466199999999844,32.53280440166122,3212.286,3020.6653,0,,,0,3179796.7795849447,0.0,0.0,0.0,3179796.7795849447,0.0,-0.054158151627372364,317.97967795849445,302.50384375788275,
42713,3068.4604,3074.078,3057.7452,3063.0464,3068.4604,3074.078,3057.7452,3063.0464,17.064800000000105,31.05966112531254,3212.286,3020.6653,0,,,0,3179796.7795849447,0.0,0.0,0.0,3179796.7795849447,0.0,-0.054158151627372364,317.97967795849445,301.3465253491258,
42716,3058.412,3058.412,2888.3863,2890.0862,3058.412,3058.412,2888.3863,2890.0862,174.66010000000006,44.735893399092305,3212.286,3020.6653,0,,,0,3179796.7795849447,0.0,0.0,0.0,3179796.7795849447,0.0,-0.054158151627372364,317.97967795849445,284.3304738476892,
42717,2877.0662,2918.038,2851.3367,2908.8256,2877.0662,2918.038,2851.3367,2908.8256,66.70130000000017,46.82783688489305,3212.286,2888.3863,0,,,0,3179796.7795849447,0.0,0.0,0.0,3179796.7795849447,0.0,-0.054158151627372364,317.97967795849445,286.1740806167957,
42718,2904.6174,2934.4664,2898.9053,2901.5106,2904.6174,2934.4664,2898.9053,2901.5106,35.5610999999999,45.75481432442704,3212.286,2851.3367,0,,,0,3179796.7795849447,0.0,0.0,0.0,3179796.7795849447,0.0,-0.054158151627372364,317.97967795849445,285.45442131521645,
42719,2890.2488,2950.9852,2890.2488,2938.2485,2890.2488,2950.9852,2890.2488,2938.2485,60.73640000000023,47.18163200781496,3212.286,2851.3367,0,,,0,3179796.7795849447,0.0,0.0,0.0,3179796.7795849447,0.0,-0.054158151627372364,317.97967795849445,289.0687441389333,
42720,2936.2854,2977.9877,2936.2854,2974.841,2936.2854,2977.9877,2936.2854,2974.841,41.70229999999992,46.65979086421353,3212.286,2851.3367,0,,,0,3179796.7795849447,0.0,0.0,0.0,3179796.7795849447,0.0,-0.054158151627372364,317.97967795849445,292.66876231979984,
42723,2973.077,2980.7085,2967.447,2975.8758,2973.077,2980.7085,2967.447,2975.8758,13.26150000000007,43.47900125809796,3212.286,2851.3367,0,,,0,3179796.7795849447,0.0,0.0,0.0,3179796.7795849447,0.0,-0.054158151627372364,317.97967795849445,292.7705673020656,
42724,2971.4468,2984.1383,2968.5618,2982.0625,2971.4468,2984.1383,2968.5618,2982.0625,15.576500000000124,40.82162018589817,3212.286,2851.3367,0,,,0,3179796.7795849447,0.0,0.0,0.0,3179796.7795849447,0.0,-0.054158151627372364,317.97967795849445,293.3792229686522,
42725,2984.6948,3007.8073,2984.6948,3007.8073,2984.6948,3007.8073,2984.6948,3007.8073,25.74479999999994,39.385732549145956,3212.286,2851.3367,0,,,0,3179796.7795849447,0.0,0.0,0.0,3179796.7795849447,0.0,-0.054158151627372364,317.97967795849445,295.91203018496077,
42726,3004.5383,3004.5383,2990.3641,2999.9406,3004.5383,3004.5383,2990.3641,2999.9406,17.44320000000016,37.295967544465405,3195.9501,2851.3367,0,,,0,3179796.7795849447,0.0,0.0,0.0,3179796.7795849447,0.0,-0.054158151627372364,317.97967795849445,295.1380939132269,
42727,2994.904,2994.904,2959.2809,2960.727,2994.904,2994.904,2959.2809,2960.727,40.6596999999997,37.61632301642105,3177.6624,2851.3367,0,,,0,3179796.7795849447,0.0,0.0,0.0,3179796.7795849447,0.0,-0.054158151627372364,317.97967795849445,291.28020847393657,
42730,2947.2339,2979.9002,2913.2317,2979.9002,2947.2339,2979.9002,2913.2317,2979.9002,66.66850000000022,40.38319701485716,3177.6624,2851.3367,0,,,0,3179796.7795849447,0.0,0.0,0.0,3179796.7795849447,0.0,-0.054158151627372364,317.97967795849445,293.1664930564437,
42731,2980.4693,3003.5495,2980.4693,2996.1047,2980.4693,3003.5495,2980.4693,2996.1047,23.64930000000004,38.789492537251725,3157.4057,2851.3367,0,,,0,3179796.7795849447,0.0,0.0,0.0,3179796.7795849447,0.0,-0.054158151627372364,317.97967795849445,294.76071303627157,
42732,2990.3882,3001.271,2985.4051,2985.7274,2990.3882,3001.271,2985.4051,2985.7274,15.865900000000238,36.60629324798968,3119.9978,2890.2488,0,,,0,3179796.7795849447,0.0,0.0,0.0,3179796.7795849447,0.0,-0.054158151627372364,317.97967795849445,293.739780641155,
42733,2979.0298,2993.4294,2970.7603,2975.3703,2979.0298,2993.4294,2970.7603,2975.3703,22.66910000000007,35.27894151008591,3119.9978,2890.2488,0,,,0,3179796.7795849447,0.0,0.0,0.0,3179796.7795849447,0.0,-0.054158151627372364,317.97967795849445,292.72083554855254,
42734,2973.4866,2985.7917,2968.7899,2975.3394,2973.4866,2985.7917,2968.7899,2975.3394,17.001800000000003,33.5382613662682,3119.9978,2913.2317,0,,,0,3179796.7795849447,0.0,0.0,0.0,3179796.7795849447,0.0,-0.054158151627372364,317.97967795849445,292.7177955659936,
42738,2978.6849,3008.6997,2978.6849,3008.6997,2978.6849,3008.6997,2978.6849,3008.6997,33.36030000000028,33.52131266471888,3094.2762,2913.2317,0,,,0,3179796.7795849447,0.0,0.0,0.0,3179796.7795849447,0.0,-0.054158151627372364,317.97967795849445,295.9998256683141,
42739,3012.6886,3048.6957,3010.1761,3048.6957,3012.6886,3048.6957,3010.1761,3048.6957,39.996000000000095,34.13794955379328,3094.2762,2913.2317,0,,,0,3179796.7795849447,0.0,0.0,0.0,3179796.7795849447,0.0,-0.054158151627372364,317.97967795849445,299.934684646573,
42740,3048.4546,3060.6806,3048.4546,3051.8605,3048.4546,3060.6806,3048.4546,3051.8605,12.226000000000113,32.05109721533678,3094.2762,2913.2317,0,,,0,3179796.7795849447,0.0,0.0,0.0,3179796.7795849447,0.0,-0.054158151627372364,317.97967795849445,300.24604182465066,
42741,3045.4561,3045.4561,3022.2441,3022.7298,3045.4561,3045.4561,3022.2441,3022.7298,29.616399999999885,31.8192212900666,3094.2762,2913.2317,0,,,0,3179796.7795849447,0.0,0.0,0.0,3179796.7795849447,0.0,-0.054158151627372364,317.97967795849445,297.3801253220512,
42744,3013.7657,3032.7676,3009.1171,3032.7676,3013.7657,3032.7676,3009.1171,3032.7676,23.650500000000193,31.041247833869804,3074.078,2913.2317,0,,,0,3179796.7795849447,0.0,0.0,0.0,3179796.7795849447,0.0,-0.054158151627372364,317.97967795849445,298.36765726154437,
42745,3030.2726,3043.7516,3025.1073,3027.4891,3030.2726,3043.7516,3025.1073,3027.4891,18.64429999999993,29.860586135406006,3060.6806,2913.2317,0,,,0,3179796.7795849447,0.0,0.0,0.0,3179796.7795849447,0.0,-0.054158151627372364,317.97967795849445,297.84835150304997,
42746,3020.7293,3027.0572,2988.9448,2988.9448,3020.7293,3027.0572,2988.9448,2988.9448,38.544299999999566,30.687606503462533,3060.6806,2968.7899,0,,,0,3179796.7795849447,0.0,0.0,0.0,3179796.7795849447,0.0,-0.054158151627372364,317.97967795849445,294.05631267627473,
42747,2983.1404,2997.0577,2959.0733,2959.0733,2983.1404,2997.0577,2959.0733,2959.0733,37.98439999999982,31.382539217418465,3060.6806,2968.7899,0,,,0,3179796.7795849447,0.0,0.0,0.0,3179796.7795849447,0.0,-0.054158151627372364,317.97967795849445,291.11751529731026,
42748,2955.981,2958.1736,2896.6392,2899.184,2955.981,2958.1736,2896.6392,2899.184,62.434099999999944,34.33983072052146,3060.6806,2959.0733,0,,,0,3179796.7795849447,0.0,0.0,0.0,3179796.7795849447,0.0,-0.054158151627372364,317.97967795849445,285.2255273533499,
42751,2886.2462,2886.2462,2699.5754,2765.6093,2886.2462,2886.2462,2699.5754,2765.6093,199.60860000000002,50.07971350904323,3060.6806,2896.6392,0,,,0,3179796.7795849447,0.0,0.0,0.0,3179796.7795849447,0.0,-0.054158151627372364,317.97967795849445,272.0842730388374,
42752,2751.4534,2798.9126,2720.2005,2798.9126,2751.4534,2798.9126,2720.2005,2798.9126,78.71210000000019,52.80660746056294,3060.6806,2699.5754,0,,,0,3179796.7795849447,0.0,0.0,0.0,3179796.7795849447,0.0,-0.054158151627372364,317.97967795849445,275.36069540634037,
42753,2790.2819,2798.1811,2782.7674,2785.8348,2790.2819,2798.1811,2782.7674,2785.8348,16.14519999999993,49.315044845271224,3060.6806,2699.5754,0,,,0,3179796.7795849447,0.0,0.0,0.0,3179796.7795849447,0.0,-0.054158151627372364,317.97967795849445,274.07408427658055,
42754,2775.0485,2783.0395,2757.2652,2767.1879,2775.0485,2783.0395,2757.2652,2767.1879,28.569600000000264,47.33928819334066,3060.6806,2699.5754,0,,,0,3179796.7795849447,0.0,0.0,0.0,3179796.7795849447,0.0,-0.054158151627372364,317.97967795849445,272.23957777888836,
42755,2761.9084,2818.9606,2761.9084,2815.5297,2761.9084,2818.9606,2761.9084,2815.5297,57.052200000000084,48.264327413022514,3060.6806,2699.5754,0,,,0,3179796.7795849447,0.0,0.0,0.0,3179796.7795849447,0.0,-0.054158151627372364,317.97967795849445,276.99550751574196,
42758,2818.0454,2849.9435,2818.0454,2847.4429,2818.0454,2849.9435,2818.0454,2847.4429,34.41379999999981,46.945229564163206,3060.6806,2699.5754,0,,,0,3179796.7795849447,0.0,0.0,0.0,3179796.7795849447,0.0,-0.054158151627372364,317.97967795849445,280.1351700206168,
42759,2847.8907,2847.8907,2836.693,2839.5023,2847.8907,2847.8907,2836.693,2839.5023,11.197699999999713,43.54070293900478,3060.6806,2699.5754,0,,,0,3179796.7795849447,0.0,0.0,0.0,3179796.7795849447,0.0,-0.054158151627372364,317.97967795849445,279.35396336988265,
42760,2835.3826,2850.4165,2829.9316,2842.698,2835.3826,2850.4165,2829.9316,2842.698,20.484899999999925,41.34491218290908,3060.6806,2699.5754,0,,,0,3179796.7795849447,0.0,0.0,0.0,3179796.7795849447,0.0,-0.054158151627372364,317.97967795849445,279.66836053051924,
42761,2843.0286,2859.4269,2843.0286,2859.4269,2843.0286,2859.4269,2843.0286,2859.4269,16.728900000000067,39.000530070251074,3060.6806,2699.5754,0,,,0,3179796.7795849447,0.0,0.0,0.0,3179796.7795849447,0.0,-0.054158151627372364,317.97967795849445,281.31417167066814,
42769,2860.2395,2860.2395,2840.135,2850.9149,2860.2395,2860.2395,2840.135,2850.9149,20.104499999999916,37.20090815879858,3060.6806,2699.5754,0,,,0,3179796.7795849447,0.0,0.0,0.0,3179796.7795849447,0.0,-0.054158151627372364,317.97967795849445,280.4767499379214,
42772,2850.5035,2889.1378,2847.2038,2889.1378,2850.5035,2889.1378,2847.2038,2889.1378,41.9340000000002,37.65167881034159,3060.6806,2699.5754,0,,,0,3179796.7795849447,0.0,0.0,0.0,3179796.7795849447,0.0,-0.054158151627372364,317.97967795849445,284.237169010831,
42773,2886.4298,2902.0719,2885.0429,2901.5775,2886.4298,2902.0719,2885.0429,2901.5775,17.028999999999996,35.687614161737635,3060.6806,2720.2005,0,,,0,3179796.7795849447,0.0,0.0,0.0,3179796.7795849447,0.0,-0.054158151627372364,317.97967795849445,285.4610030250286,
42774,2895.7382,2926.6265,2884.7118,2926.6265,2895.7382,2926.6265,2884.7118,2926.6265,41.91469999999981,36.28066995585784,3060.6806,2757.2652,0,,,0,3179796.7795849447,0.0,0.0,0.0,3179796.7795849447,0.0,-0.054158151627372364,317.97967795849445,287.9253565240387,
42775,2925.1676,2956.8856,2925.1676,2956.297,2925.1676,2956.8856,2925.1676,2956.297,31.717999999999847,35.84612996006184,3060.6806,2757.2652,0,,,0,3179796.7795849447,0.0,0.0,0.0,3179796.7795849447,0.0,-0.054158151627372364,317.97967795849445,290.84437925917297,
42776,2954.19,2960.0719,2947.8835,2948.3876,2954.19,2960.0719,2947.8835,2948.3876,12.188400000000001,33.59301282100833,3045.4561,2761.9084,0,,,0,3179796.7795849447,0.0,0.0,0.0,3179796.7795849447,0.0,-0.054158151627372364,317.97967795849445,290.06624210539155,
42779,2941.7193,2966.2801,2940.8812,2965.9532,2941.7193,2966.2801,2940.8812,2965.9532,25.39890000000014,32.81262112376945,3043.7516,2818.0454,0,,,0,3179796.7795849447,0.0,0.0,0.0,3179796.7795849447,0.0,-0.054158151627372364,317.97967795849445,291.7943688897826,
42780,2962.1169,2964.4974,2951.3744,2959.9546,2962.1169,2964.4974,2951.3744,2959.9546,14.578799999999774,31.076066731029485,3043.7516,2829.9316,0,,,0,3179796.7795849447,0.0,0.0,0.0,3179796.7795849447,0.0,-0.054158151627372364,317.97967795849445,291.2042187480938,
42781,2955.4778,2960.7588,2926.0091,2930.7953,2955.4778,2960.7588,2926.0091,2930.7953,34.74969999999985,31.42593656616952,3027.0572,2829.9316,0,,,0,3179796.7795849447,0.0,0.0,0.0,3179796.7795849447,0.0,-0.054158151627372364,317.97967795849445,288.33548853995444,
42782,2926.2434,2950.8332,2926.2248,2950.8332,2926.2434,2950.8332,2926.2248,2950.8332,24.608400000000074,30.776647369391476,2997.0577,2840.135,0,,,0,3179796.7795849447,0.0,0.0,0.0,3179796.7795849447,0.0,-0.054158151627372364,317.97967795849445,290.30684344345616,
42783,2947.7388,2954.6406,2919.0379,2920.9874,2947.7388,2954.6406,2919.0379,2920.9874,35.60270000000037,31.236271429449467,2966.2801,2840.135,0,,,0,3179796.7795849447,0.0,0.0,0.0,3179796.7795849447,0.0,-0.054158151627372364,317.97967795849445,287.37057446422523,
42786,2916.372,2936.0131,2908.4809,2936.0131,2916.372,2936.0131,2908.4809,2936.0131,27.532200000000103,30.883502721882863,2966.2801,2847.2038,0,,,0,3179796.7795849447,0.0,0.0,0.0,3179796.7795849447,0.0,-0.054158151627372364,317.97967795849445,288.84882255277466,
42787,2934.8281,2960.2062,2934.8281,2960.2062,2934.8281,2960.2062,2934.8281,2960.2062,25.378099999999904,30.359178653132105,2966.2801,2884.7118,0,,,0,3179796.7795849447,0.0,0.0,0.0,3179796.7795849447,0.0,-0.054158151627372364,317.97967795849445,291.2289714863409,
42788,2959.2559,2975.1215,2956.8736,2975.1215,2959.2559,2975.1215,2956.8736,2975.1215,18.2479000000003,29.20572354331003,2966.2801,2884.7118,1,2966.2801,2935.920921346868,1000,212923.42356494462,2975121.5,593.25602,8248.143979999702,3188044.9235649444,0.0025939217351733657,-0.05170471189884207,318.80449235649445,292.6963582779807,BUY
42789,2972.0085,2972.0085,2953.9244,2967.5451,2972.0085,2972.0085,2953.9244,2967.5451,21.19710000000032,28.442997491566246,2975.1215,2908.4809,1,,2935.920921346868,1000,212923.42356494462,2967545.0999999996,0.0,-7576.4000000003725,3180468.523564944,-0.0023765035254046385,-0.05395833899413904,318.0468523564944,291.950982101291,
42790,2961.8226,2977.9187,2960.1098,2977.9187,2961.8226,2977.9187,2960.1098,2977.9187,17.808899999999994,27.43022630189327,2975.1215,2908.4809,1,,2935.920921346868,1000,212923.42356494462,2977918.7,0.0,10373.600000000559,3190842.1235649446,0.0032616578102062643,-0.05087267482173885,319.08421235649445,292.9715504855511,
42793,2976.8374,2977.8442,2954.9024,2955.2111,2976.8374,2977.8442,2954.9024,2955.2111,23.01630000000023,27.009852368379647,2977.9187,2908.4809,1,,2935.920921346868,1000,212923.42356494462,2955211.1,0.0,-22707.600000000093,3168134.5235649445,-0.007116491233552513,-0.057627131110895125,316.81345235649445,290.73754699183394,
42794,2951.8479,2966.0792,2950.4175,2966.0792,2951.8479,2966.0792,2950.4175,2966.0792,15.66170000000011,25.929075952343503,2977.9187,2908.4809,1,,2935.920921346868,1000,212923.42356494462,2966079.2,0.0,10868.100000000093,3179002.6235649446,0.003430441453531108,-0.05439437615677489,317.90026235649447,291.8067649351687,
42795,2962.8399,2982.7696,2962.6144,2976.7266,2962.8399,2982.7696,2962.6144,2976.7266,20.15520000000015,25.37918300450128,2977.9187,2908.4809,1,,2935.920921346868,1000,212923.42356494462,2976726.6,0.0,10647.399999999907,3189650.0235649445,0.003349289466159533,-0.05122726920169551,318.96500235649444,292.85427012281525,
42796,2978.0312,2979.0438,2957.469,2957.469,2978.0312,2979.0438,2957.469,2957.469,21.57479999999987,25.016860813596384,2982.7696,2908.4809,1,,2935.920921346868,1000,212923.42356494462,2957469.0,0.0,-19257.600000000093,3170392.4235649444,-0.0060375275838183695,-0.05695551073466487,317.03924235649447,290.95968215752583,
42797,2948.2142,2967.2232,2936.6381,2965.5285,2948.2142,2967.2232,2936.6381,2965.5285,30.585099999999784,25.547169307539566,2982.7696,2908.4809,1,,2935.920921346868,1000,212923.42356494462,2965528.5,0.0,8059.5,3178451.9235649444,0.0025421143263197887,-0.05455818382814659,317.84519235649447,291.7525863463266,
42800,2967.6241,3000.473,2967.6241,3000.473,2967.6241,3000.473,2967.6241,3000.473,34.94450000000006,26.442153183011992,2982.7696,2908.4809,1,,2935.920921346868,1000,212923.42356494462,3000473.0,0.0,34944.5,3213396.4235649444,0.010994188630295998,-0.04416381816218373,321.33964235649444,295.1904721240486,
42801,3000.6099,3012.3036,2995.846,3012.3036,3000.6099,3012.3036,2995.846,3012.3036,16.457600000000184,25.491243356058487,3000.473,2934.8281,1,,2935.920921346868,1000,212923.42356494462,3012303.6,0.0,11830.600000000093,3225227.0235649445,0.0036816497065976783,-0.040644764163764946,322.52270235649445,296.354382080749,
42802,3010.0777,3010.0777,2993.4948,3002.596,3010.0777,3010.0777,2993.4948,3002.596,18.808800000000247,24.854820179291035,3012.3036,2936.6381,1,,2935.920921346868,1000,212923.42356494462,3002596.0,0.0,-9707.600000000093,3215519.4235649444,-0.0030098966457468013,-0.04353232427018805,321.55194235649446,295.39933565067236,
42803,2997.5453,2997.5453,2977.3154,2984.1855,2997.5453,2997.5453,2977.3154,2984.1855,25.28060000000005,24.89537063840618,3012.3036,2936.6381,1,,2935.920921346868,1000,212923.42356494462,2984185.5,0.0,-18410.5,3197108.9235649444,-0.005725513540698501,-0.049008592898819536,319.71089235649447,293.58808649527595,
42804,2981.4882,2995.1197,2981.4882,2985.035,2981.4882,2995.1197,2981.4882,2985.035,13.631500000000415,23.822621053796105,3012.3036,2936.6381,1,,2935.920921346868,1000,212923.42356494462,2985035.0,0.0,849.5,3197958.4235649444,0.0002657088076476466,-0.04875590610595559,319.7958423564944,293.6716614203192,
42807,2981.7524,3001.7312,2965.1985,3001.7312,2981.7524,3001.7312,2965.1985,3001.7312,36.532700000000204,25.033104762958402,3012.3036,2936.6381,1,,2935.920921346868,1000,212923.42356494462,3001731.2,0.0,16696.200000000186,3214654.6235649446,0.005220893391536974,-0.04378956210240559,321.46546235649447,295.3142554915465,
42808,3000.4086,3005.1631,2992.6069,3000.8592,3000.4086,3005.1631,2992.6069,3000.8592,12.55619999999999,23.844828118867124,3012.3036,2936.6381,1,,2935.920921346868,1000,212923.42356494462,3000859.1999999997,0.0,-872.0000000004657,3213782.623564944,-0.00027125775615466363,-0.04404894160020134,321.3782623564944,295.22846698697,
42809,2994.4464,2998.3987,2988.981,2993.4548,2994.4464,2998.3987,2988.981,2993.4548,11.878199999999651,22.705149250403554,3012.3036,2936.6381,1,,2935.920921346868,1000,212923.42356494462,2993454.8,0.0,-7404.399999999907,3206378.223564944,-0.0023039517189828995,-0.046251406684465146,320.63782235649444,294.50001239604535,
42810,2997.2412,3026.9497,2997.2412,3026.9497,2997.2412,3026.9497,2997.2412,3026.9497,33.49490000000014,23.732744559888943,3012.3036,2936.6381,1,,2935.920921346868,1000,212923.42356494462,3026949.7,0.0,33494.90000000037,3239873.1235649446,0.010446334669389046,-0.03628822968823209,323.9873123564945,297.7952846230402,
42811,3027.8629,3038.9804,3008.884,3008.884,3027.8629,3038.9804,3008.884,3008.884,30.096399999999903,24.33880698275665,3026.9497,2936.6381,1,,2935.920921346868,1000,212923.42356494462,3008884.0,0.0,-18065.700000000186,3221807.4235649444,-0.005576051688135797,-0.04166193633195536,322.1807423564945,296.017957344224,
42814,3003.7144,3018.4825,2996.151,3018.4825,3003.7144,3018.4825,2996.151,3018.4825,22.331500000000233,24.147634889160802,3038.9804,2965.1985,1,,2935.920921346868,1000,212923.42356494462,3018482.5,0.0,9598.5,3231405.9235649444,0.0029792283454916912,-0.03880682840811189,323.14059235649444,296.9622703730974,
42815,3016.8928,3026.9775,3012.4166,3026.9775,3016.8928,3026.9775,3012.4166,3026.9775,14.560899999999947,23.234612518764532,3038.9804,2965.1985,1,,2935.920921346868,1000,212923.42356494462,3026977.5,0.0,8495.0,3239900.9235649444,0.0026288866830534996,-0.03627996047947213,323.9900923564945,297.79801962353014,
42816,3012.7005,3018.6143,2993.9381,3008.2252,3012.7005,3018.6143,2993.9381,3008.2252,33.039400000000114,24.16840180269173,3038.9804,2965.1985,1,,2935.920921346868,1000,212923.42356494462,3008225.1999999997,0.0,-18752.30000000028,3221148.623564944,-0.005787923903354031,-0.04185789873235424,322.1148623564944,295.9531437354912,
42817,3009.0887,3021.4459,2983.4841,3007.7995,3009.0887,3021.4459,2983.4841,3007.7995,37.96180000000004,25.48205877386395,3038.9804,2965.1985,1,,2935.920921346868,1000,212923.42356494462,3007799.5,0.0,-425.6999999997206,3220722.9235649444,-0.00013215782621311956,-0.041984524709661075,322.0722923564944,295.9112628107226,
42818,3005.0458,3009.8875,2990.1668,3009.8875,3005.0458,3009.8875,2990.1668,3009.8875,19.72069999999985,24.933357938257846,3038.9804,2965.1985,1,,2935.920921346868,1000,212923.42356494462,3009887.5,0.0,2088.0,3222810.9235649444,0.0006483016544895914,-0.041363441692003566,322.28109235649447,296.1166829914058,
42821,3008.6108,3009.2635,2999.9868,3002.7552,3008.6108,3009.2635,2999.9868,3002.7552,9.900699999999688,23.501676229852308,3038.9804,2965.1985,1,,2935.920921346868,1000,212923.42356494462,3002755.2,0.0,-7132.299999999814,3215678.6235649446,-0.0022130680853316154,-0.04348496966462723,321.56786235649446,295.41499795563635,
42822,2998.5216,3003.324,2992.4475,2994.4693,2998.5216,3003.324,2992.4475,2994.4693,10.87649999999985,22.299278493675885,3038.9804,2983.4841,1,,2935.920921346868,1000,212923.42356494462,2994469.3000000003,0.0,-8285.899999999907,3207392.7235649447,-0.0025767189355552222,-0.04594964005543556,320.7392723564945,294.59982023766565,
42823,2991.5814,2991.5814,2964.1997,2965.4301,2991.5814,2991.5814,2964.1997,2965.4301,30.269600000000082,23.058356732373426,3038.9804,2983.4841,0,2983.4841,,0,3194319.0846949443,0.0,2088.43887,-13073.638870000374,3194319.0846949443,-0.004076095444735306,-0.04983844038165364,319.43190846949443,291.74290562516796,SELL
42824,2956.7911,2956.7911,2887.6724,2887.6724,2956.7911,2956.7911,2887.6724,2887.6724,77.75770000000011,28.26781799595692,3038.9804,2964.1997,0,,,0,3194319.0846949443,0.0,0.0,0.0,3194319.0846949443,0.0,-0.04983844038165364,319.43190846949443,284.0930010353649,
42825,2884.9974,2897.7425,2872.761,2886.0631,2884.9974,2897.7425,2872.761,2886.0631,24.98149999999987,27.954835329675298,3038.9804,2887.6724,0,,,0,3194319.0846949443,0.0,0.0,0.0,3194319.0846949443,0.0,-0.04983844038165364,319.43190846949443,283.9346759890175,
42830,2893.1733,2938.7333,2893.1733,2938.7333,2893.1733,2938.7333,2893.1733,2938.7333,52.67020000000002,30.30867958399194,3038.9804,2872.761,0,,,0,3194319.0846949443,0.0,0.0,0.0,3194319.0846949443,0.0,-0.04983844038165364,319.43190846949443,289.1164393992758,
42831,2941.7378,2955.4175,2941.7378,2952.6872,2941.7378,2955.4175,2941.7378,2952.6872,16.684200000000146,29.011110099802245,3038.9804,2872.761,0,,,0,3194319.0846949443,0.0,0.0,0.0,3194319.0846949443,0.0,-0.04983844038165364,319.43190846949443,290.48924239699375,
42832,2950.6778,2953.6601,2941.4627,2949.3131,2950.6778,2953.6601,2941.4627,2949.3131,12.197400000000016,27.409804376011557,3038.9804,2872.761,0,,,0,3194319.0846949443,0.0,0.0,0.0,3194319.0846949443,0.0,-0.04983844038165364,319.43190846949443,290.1572940101915,
42835,2942.0797,2942.0797,2906.6177,2906.6177,2942.0797,2942.0797,2906.6177,2906.6177,42.69540000000006,28.865575387819987,3038.9804,2872.761,0,,,0,3194319.0846949443,0.0,0.0,0.0,3194319.0846949443,0.0,-0.04983844038165364,319.43190846949443,285.9568645167332,
42836,2901.425,2922.2674,2878.1145,2922.2674,2901.425,2922.2674,2878.1145,2922.2674,44.152900000000045,30.32151106517047,3038.9804,2872.761,0,,,0,3194319.0846949443,0.0,0.0,0.0,3194319.0846949443,0.0,-0.04983844038165364,319.43190846949443,287.4965025443375,
42837,2915.3316,2915.3316,2892.9859,2893.3447,2915.3316,2915.3316,2892.9859,2893.3447,29.28150000000005,30.222462392297096,3038.9804,2872.761,0,,,0,3194319.0846949443,0.0,0.0,0.0,3194319.0846949443,0.0,-0.04983844038165364,319.43190846949443,284.6510493547563,
42838,2886.9868,2907.8006,2886.9868,2898.9159,2886.9868,2907.8006,2886.9868,2898.9159,20.8137999999999,29.32639930731641,3038.9804,2872.761,0,,,0,3194319.0846949443,0.0,0.0,0.0,3194319.0846949443,0.0,-0.04983844038165364,319.43190846949443,285.1991513234451,
42839,2895.1318,2895.1318,2849.1613,2851.9508,2895.1318,2895.1318,2849.1613,2851.9508,49.754599999999755,31.27194223042911,3038.9804,2872.761,0,,,0,3194319.0846949443,0.0,0.0,0.0,3194319.0846949443,0.0,-0.04983844038165364,319.43190846949443,280.57866313963103,
42842,2837.1425,2837.1425,2781.3615,2793.5735,2837.1425,2837.1425,2781.3615,2793.5735,70.5893000000001,35.01645249419778,3038.9804,2849.1613,0,,,0,3194319.0846949443,0.0,0.0,0.0,3194319.0846949443,0.0,-0.04983844038165364,319.43190846949443,274.83542774030326,
42843,2787.6354,2801.3614,2762.5804,2762.5804,2787.6354,2801.3614,2762.5804,2762.5804,38.78099999999995,35.3749808280837,3038.9804,2781.3615,0,,,0,3194319.0846949443,0.0,0.0,0.0,3194319.0846949443,0.0,-0.04983844038165364,319.43190846949443,271.7862858811404,
42844,2747.6483,2747.6483,2689.7872,2720.1226,2747.6483,2747.6483,2689.7872,2720.1226,72.79319999999962,38.93862074921855,3026.9775,2762.5804,0,,,0,3194319.0846949443,0.0,0.0,0.0,3194319.0846949443,0.0,-0.04983844038165364,319.43190846949443,267.60923178755303,
42845,2716.8438,2730.5597,2682.9924,2700.699,2716.8438,2730.5597,2682.9924,2700.699,47.567299999999705,39.760399725483424,3026.9775,2689.7872,0,,,0,3194319.0846949443,0.0,0.0,0.0,3194319.0846949443,0.0,-0.04983844038165364,319.43190846949443,265.698312524374,
42846,2699.1104,2706.4417,2682.2091,2682.2091,2699.1104,2706.4417,2682.2091,2682.2091,24.23259999999982,38.28156165638975,3021.4459,2682.9924,0,,,0,3194319.0846949443,0.0,0.0,0.0,3194319.0846949443,0.0,-0.04983844038165364,319.43190846949443,263.879251892758,
42849,2674.8986,2674.8986,2589.7602,2589.7602,2674.8986,2674.8986,2589.7602,2589.7602,92.44889999999987,43.44035578435262,3021.4459,2682.2091,0,,,0,3194319.0846949443,0.0,0.0,0.0,3194319.0846949443,0.0,-0.04983844038165364,319.43190846949443,254.78400776346612,
42850,2591.0798,2615.2721,2589.3983,2599.3497,2591.0798,2615.2721,2589.3983,2599.3497,25.8738000000003,41.76735047155716,3009.8875,2589.7602,0,,,0,3194319.0846949443,0.0,0.0,0.0,3194319.0846949443,0.0,-0.04983844038165364,319.43190846949443,255.72743536052621,
42851,2597.3004,2609.0895,2597.3004,2609.0895,2597.3004,2609.0895,2597.3004,2609.0895,11.789099999999962,38.91227899807552,3009.2635,2589.3983,0,,,0,3194319.0846949443,0.0,0.0,0.0,3194319.0846949443,0.0,-0.04983844038165364,319.43190846949443,256.68564966886817,
42852,2602.5557,2627.2606,2552.0995,2625.8199,2602.5557,2627.2606,2552.0995,2625.8199,75.16110000000026,42.364547664925496,3003.324,2589.3983,0,,,0,3194319.0846949443,0.0,0.0,0.0,3194319.0846949443,0.0,-0.04983844038165364,319.43190846949443,258.3316083809859,
42853,2618.2716,2647.3779,2618.2716,2647.3779,2618.2716,2647.3779,2618.2716,2647.3779,29.10629999999992,41.10185741112306,2991.5814,2552.0995,0,,,0,3194319.0846949443,0.0,0.0,0.0,3194319.0846949443,0.0,-0.04983844038165364,319.43190846949443,260.45251271775226,
42857,2643.5782,2656.8129,2640.7397,2655.9076,2643.5782,2656.8129,2640.7397,2655.9076,16.073199999999815,38.71817575292085,2956.7911,2552.0995,0,,,0,3194319.0846949443,0.0,0.0,0.0,3194319.0846949443,0.0,-0.04983844038165364,319.43190846949443,261.2916757997318,
42858,2651.9827,2660.2134,2645.5275,2652.9227,2651.9827,2660.2134,2645.5275,2652.9227,14.685899999999947,36.429387585976,2955.4175,2552.0995,0,,,0,3194319.0846949443,0.0,0.0,0.0,3194319.0846949443,0.0,-0.04983844038165364,319.43190846949443,260.99801741978877,
42859,2647.3217,2667.9955,2633.1632,2647.2713,2647.3217,2667.9955,2633.1632,2647.2713,34.83230000000003,36.277284006359245,2955.4175,2552.0995,0,,,0,3194319.0846949443,0.0,0.0,0.0,3194319.0846949443,0.0,-0.04983844038165364,319.43190846949443,260.4420252698304,
42860,2642.2643,2646.0109,2614.2624,2614.7996,2642.2643,2646.0109,2614.2624,2614.7996,33.00889999999981,35.966009339086916,2955.4175,2552.0995,0,,,0,3194319.0846949443,0.0,0.0,0.0,3194319.0846949443,0.0,-0.04983844038165364,319.43190846949443,257.2474168018754,
42863,2606.3826,2606.3826,2553.2795,2553.2795,2606.3826,2606.3826,2553.2795,2553.2795,61.52009999999973,38.39973225917385,2953.6601,2552.0995,0,,,0,3194319.0846949443,0.0,0.0,0.0,3194319.0846949443,0.0,-0.04983844038165364,319.43190846949443,251.19498861334688,
42864,2542.4317,2565.7833,2524.3267,2565.7833,2542.4317,2565.7833,2524.3267,2565.7833,41.45659999999998,38.69086252020492,2942.0797,2552.0995,0,,,0,3194319.0846949443,0.0,0.0,0.0,3194319.0846949443,0.0,-0.04983844038165364,319.43190846949443,252.42512886968137,
42865,2563.9333,2581.9355,2524.1505,2525.041,2563.9333,2581.9355,2524.1505,2525.041,57.784999999999854,40.50935180399491,2922.2674,2524.3267,0,,,0,3194319.0846949443,0.0,0.0,0.0,3194319.0846949443,0.0,-0.04983844038165364,319.43190846949443,248.41684791783823,
42866,2508.566,2508.566,2446.4131,2503.7752,2508.566,2508.566,2446.4131,2503.7752,78.62789999999995,44.13968972742396,2915.3316,2524.1505,0,,,0,3194319.0846949443,0.0,0.0,0.0,3194319.0846949443,0.0,-0.04983844038165364,319.43190846949443,246.32469060061,
42867,2498.3066,2505.176,2479.4695,2497.6904,2498.3066,2505.176,2479.4695,2497.6904,25.706499999999778,42.38414784862166,2907.8006,2446.4131,0,,,0,3194319.0846949443,0.0,0.0,0.0,3194319.0846949443,0.0,-0.04983844038165364,319.43190846949443,245.7260599897762,
42870,2499.0378,2510.9523,2499.0378,2505.2199,2499.0378,2510.9523,2499.0378,2505.2199,13.261899999999969,39.610600434467216,2895.1318,2446.4131,0,,,0,3194319.0846949443,0.0,0.0,0.0,3194319.0846949443,0.0,-0.04983844038165364,319.43190846949443,246.46682208290557,
42871,2500.3628,2559.1177,2486.4602,2559.1177,2500.3628,2559.1177,2486.4602,2559.1177,72.6574999999998,42.757924202613175,2837.1425,2446.4131,0,,,0,3194319.0846949443,0.0,0.0,0.0,3194319.0846949443,0.0,-0.04983844038165364,319.43190846949443,251.7693583924965,
42872,2557.336,2583.2069,2557.336,2572.5433,2557.336,2583.2069,2557.336,2572.5433,25.870900000000347,41.149636183316716,2801.3614,2446.4131,0,,,0,3194319.0846949443,0.0,0.0,0.0,3194319.0846949443,0.0,-0.04983844038165364,319.43190846949443,253.09018654277438,
42873,2551.8119,2574.621,2551.8119,2555.7108,2551.8119,2574.621,2551.8119,2555.7108,22.809099999999944,39.40291845157226,2747.6483,2446.4131,0,,,0,3194319.0846949443,0.0,0.0,0.0,3194319.0846949443,0.0,-0.04983844038165364,319.43190846949443,251.43418309864143,
42874,2554.2155,2561.1128,2538.1962,2549.7117,2554.2155,2561.1128,2538.1962,2549.7117,22.916600000000017,37.832792884755854,2730.5597,2446.4131,0,,,0,3194319.0846949443,0.0,0.0,0.0,3194319.0846949443,0.0,-0.04983844038165364,319.43190846949443,250.84398376629636,
42877,2545.7306,2546.8706,2485.8763,2490.7796,2545.7306,2546.8706,2485.8763,2490.7796,63.835399999999936,40.30923165763624,2706.4417,2446.4131,0,,,0,3194319.0846949443,0.0,0.0,0.0,3194319.0846949443,0.0,-0.04983844038165364,319.43190846949443,245.04616641474487,
42878,2485.5139,2485.5139,2408.9343,2410.3918,2485.5139,2485.5139,2408.9343,2410.3918,81.84529999999995,44.265047690242305,2674.8986,2446.4131,0,,,0,3194319.0846949443,0.0,0.0,0.0,3194319.0846949443,0.0,-0.04983844038165364,319.43190846949443,237.13750913470486,
42879,2397.0748,2420.7195,2371.1001,2420.7195,2397.0748,2420.7195,2371.1001,2420.7195,49.61940000000004,44.77498600545733,2667.9955,2408.9343,0,,,0,3194319.0846949443,0.0,0.0,0.0,3194319.0846949443,0.0,-0.04983844038165364,319.43190846949443,238.1535618167172,
42880,2414.4646,2431.4581,2384.1428,2431.4032,2414.4646,2431.4581,2384.1428,2431.4032,47.31529999999975,45.01692067160423,2667.9955,2371.1001,0,,,0,3194319.0846949443,0.0,0.0,0.0,3194319.0846949443,0.0,-0.04983844038165364,319.43190846949443,239.20463824601072,
42881,2429.6673,2442.9581,2427.0711,2432.453,2429.6673,2442.9581,2427.0711,2432.453,15.886999999999716,42.2426425124038,2667.9955,2371.1001,0,,,0,3194319.0846949443,0.0,0.0,0.0,3194319.0846949443,0.0,-0.04983844038165364,319.43190846949443,239.3079189479653,
42886,2452.8218,2457.9099,2425.0419,2425.3935,2452.8218,2457.9099,2425.0419,2425.3935,32.86799999999994,41.34981941598438,2667.9955,2371.1001,0,,,0,3194319.0846949443,0.0,0.0,0.0,3194319.0846949443,0.0,-0.04983844038165364,319.43190846949443,238.61339607175225,
42887,2417.5107,2417.5107,2353.1215,2353.1215,2417.5107,2417.5107,2353.1215,2353.1215,72.27199999999993,44.294788995414436,2667.9955,2371.1001,0,,,0,3194319.0846949443,0.0,0.0,0.0,3194319.0846949443,0.0,-0.04983844038165364,319.43190846949443,231.5031818484117,
42888,2342.195,2380.3145,2321.9087,2378.0826,2342.195,2380.3145,2321.9087,2378.0826,58.4058,45.63869480537497,2667.9955,2353.1215,0,,,0,3194319.0846949443,0.0,0.0,0.0,3194319.0846949443,0.0,-0.04983844038165364,319.43190846949443,233.95888763004535,
42891,2382.4775,2403.4396,2382.4775,2400.6418,2382.4775,2403.4396,2382.4775,2400.6418,25.35699999999997,43.70710482391068,2667.9955,2321.9087,0,,,0,3194319.0846949443,0.0,0.0,0.0,3194319.0846949443,0.0,-0.04983844038165364,319.43190846949443,236.17829133697447,
42892,2398.5807,2408.1472,2396.6842,2407.1063,2398.5807,2408.1472,2396.6842,2407.1063,11.462999999999738,40.63623769782393,2646.0109,2321.9087,0,,,0,3194319.0846949443,0.0,0.0,0.0,3194319.0846949443,0.0,-0.04983844038165364,319.43190846949443,236.81427733219786,
42893,2407.6163,2464.9721,2407.6163,2464.9721,2407.6163,2464.9721,2407.6163,2464.9721,57.865800000000036,42.27714839326927,2606.3826,2321.9087,0,,,0,3194319.0846949443,0.0,0.0,0.0,3194319.0846949443,0.0,-0.04983844038165364,319.43190846949443,242.50719069013704,
42894,2465.0408,2476.2475,2460.6408,2467.3694,2465.0408,2476.2475,2460.6408,2467.3694,15.606699999999819,39.73710568914837,2583.2069,2321.9087,0,,,0,3194319.0846949443,0.0,0.0,0.0,3194319.0846949443,0.0,-0.04983844038165364,319.43190846949443,242.7430402108036,
42895,2465.6216,2471.4947,2449.6376,2471.4947,2465.6216,2471.4947,2449.6376,2471.4947,21.857100000000173,38.03424800446759,2583.2069,2321.9087,0,,,0,3194319.0846949443,0.0,0.0,0.0,3194319.0846949443,0.0,-0.04983844038165364,319.43190846949443,243.14889263962178,
42898,2455.5187,2455.5187,2420.7766,2420.8904,2455.5187,2455.5187,2420.7766,2420.8904,50.71810000000005,39.24223390880401,2583.2069,2321.9087,0,,,0,3194319.0846949443,0.0,0.0,0.0,3194319.0846949443,0.0,-0.04983844038165364,319.43190846949443,238.17037518303846,
42899,2415.2897,2462.274,2415.2897,2460.7969,2415.2897,2462.274,2415.2897,2460.7969,46.984300000000076,39.97957353653697,2583.2069,2321.9087,0,,,0,3194319.0846949443,0.0,0.0,0.0,3194319.0846949443,0.0,-0.04983844038165364,319.43190846949443,242.0964290338207,
42900,2456.3843,2469.1865,2455.2513,2464.4421,2456.3843,2469.1865,2455.2513,2464.4421,13.935199999999895,37.499157009247725,2583.2069,2321.9087,0,,,0,3194319.0846949443,0.0,0.0,0.0,3194319.0846949443,0.0,-0.04983844038165364,319.43190846949443,242.45504859446555,
42901,2457.6138,2503.4327,2457.6138,2497.8728,2457.6138,2503.4327,2457.6138,2497.8728,45.81889999999976,38.29151348455744,2583.2069,2321.9087,0,,,0,3194319.0846949443,0.0,0.0,0.0,3194319.0846949443,0.0,-0.04983844038165364,319.43190846949443,245.7440047411922,
42902,2493.6898,2496.6053,2486.8717,2490.7201,2493.6898,2496.6053,2486.8717,2490.7201,11.001099999999951,35.692426486028154,2583.2069,2321.9087,0,,,0,3194319.0846949443,0.0,0.0,0.0,3194319.0846949443,0.0,-0.04983844038165364,319.43190846949443,245.04031272664594,
42905,2487.1745,2504.8905,2486.6843,2504.8905,2487.1745,2504.8905,2486.6843,2504.8905,18.20620000000008,34.02707158259691,2574.621,2382.4775,0,,,0,3194319.0846949443,0.0,0.0,0.0,3194319.0846949443,0.0,-0.04983844038165364,319.43190846949443,246.43441527853912,
42906,2506.3622,2515.9227,2502.3155,2506.5543,2506.3622,2515.9227,2502.3155,2506.5543,13.60719999999992,32.08232190806386,2561.1128,2396.6842,0,,,0,3194319.0846949443,0.0,0.0,0.0,3194319.0846949443,0.0,-0.04983844038165364,319.43190846949443,246.59810210642257,
42907,2506.7523,2509.069,2491.6302,2506.6303,2506.7523,2509.069,2491.6302,2506.6303,17.4387999999999,30.68770077396253,2546.8706,2407.6163,0,,,0,3194319.0846949443,0.0,0.0,0.0,3194319.0846949443,0.0,-0.04983844038165364,319.43190846949443,246.60557908617923,
42908,2503.3452,2503.3452,2451.4992,2451.4992,2503.3452,2503.3452,2451.4992,2451.4992,55.131099999999606,33.01564355739463,2515.9227,2415.2897,0,,,0,3194319.0846949443,0.0,0.0,0.0,3194319.0846949443,0.0,-0.04983844038165364,319.43190846949443,241.18170910377378,
42909,2448.2135,2458.7033,2414.4969,2454.4069,2448.2135,2458.7033,2414.4969,2454.4069,44.20640000000003,34.08142988526181,2515.9227,2415.2897,0,,,0,3194319.0846949443,0.0,0.0,0.0,3194319.0846949443,0.0,-0.04983844038165364,319.43190846949443,241.46777244638514,
42912,2452.6944,2483.4994,2449.7514,2483.4994,2452.6944,2483.4994,2449.7514,2483.4994,33.74800000000005,34.04967465809403,2515.9227,2414.4969,0,,,0,3194319.0846949443,0.0,0.0,0.0,3194319.0846949443,0.0,-0.04983844038165364,319.43190846949443,244.32993078284372,
42913,2483.6455,2496.4181,2478.7481,2491.0008,2483.6455,2496.4181,2478.7481,2491.0008,17.670000000000073,32.48970564303746,2515.9227,2414.4969,0,,,0,3194319.0846949443,0.0,0.0,0.0,3194319.0846949443,0.0,-0.04983844038165364,319.43190846949443,245.06792836108932,
42914,2482.6031,2482.6031,2462.6356,2466.1774,2482.6031,2482.6031,2462.6356,2466.1774,28.36519999999973,32.09689558179577,2515.9227,2414.4969,0,,,0,3194319.0846949443,0.0,0.0,0.0,3194319.0846949443,0.0,-0.04983844038165364,319.43190846949443,242.62576968619905,
42915,2466.0025,2479.2113,2466.0025,2474.028,2466.0025,2479.2113,2466.0025,2474.028,13.208799999999883,30.298029335910446,2515.9227,2414.4969,0,,,0,3194319.0846949443,0.0,0.0,0.0,3194319.0846949443,0.0,-0.04983844038165364,319.43190846949443,243.39812201880028,
42916,2466.9809,2478.2236,2458.9259,2478.2236,2466.9809,2478.2236,2458.9259,2478.2236,19.297699999999622,29.250378922966558,2515.9227,2414.4969,0,,,0,3194319.0846949443,0.0,0.0,0.0,3194319.0846949443,0.0,-0.04983844038165364,319.43190846949443,243.81089065389335,
42919,2480.0699,2499.7894,2475.1038,2499.7894,2480.0699,2499.7894,2475.1038,2499.7894,24.68560000000025,28.815638073160244,2515.9227,2414.4969,0,,,0,3194319.0846949443,0.0,0.0,0.0,3194319.0846949443,0.0,-0.04983844038165364,319.43190846949443,245.93256236489785,
42920,2498.7238,2500.2644,2489.9521,2497.3815,2498.7238,2500.2644,2489.9521,2497.3815,10.31230000000005,27.05341539952594,2515.9227,2414.4969,0,,,0,3194319.0846949443,0.0,0.0,0.0,3194319.0846949443,0.0,-0.04983844038165364,319.43190846949443,245.69567000231785,
42921,2495.0625,2516.8504,2490.2701,2516.8504,2495.0625,2516.8504,2490.2701,2516.8504,26.580299999999625,27.00835679004724,2515.9227,2414.4969,1,2515.9227,2488.869284600474,1200,174608.0232469441,3020220.48,603.821448,509.4185519996099,3194828.503246944,0.00015947641374980392,-0.04968691202364284,319.48285032469437,247.61104593895712,BUY
42922,2515.2794,2523.5976,2500.1407,2522.5931,2515.2794,2523.5976,2500.1407,2522.5931,23.456900000000132,26.670122810042756,2516.8504,2414.4969,1,,2488.869284600474,1200,174608.0232469441,3027111.72,0.0,6891.2400000002235,3201719.743246944,0.0021569984094598205,-0.047637088204389055,320.1719743246944,248.17602030275472,
42923,2519.297,2535.8449,2519.297,2535.8449,2519.297,2535.8449,2519.297,2535.8449,16.547900000000027,25.70610159003869,2523.5976,2414.4969,1,,2488.869284600474,1200,174608.0232469441,3043013.88,0.0,15902.159999999683,3217621.903246944,0.0049667557672843365,-0.042906934219680615,321.76219032469436,249.4797497809048,
42926,2529.9093,2531.4567,2512.2236,2516.497,2529.9093,2531.4567,2512.2236,2516.497,23.621300000000247,25.507549057654074,2535.8449,2449.7514,1,,2488.869284600474,1200,174608.0232469441,3019796.4,0.0,-23217.47999999998,3194404.423246944,-0.0072157266136742,-0.04981305612619469,319.44044232469435,247.5762779830886,
42927,2509.8014,2513.1487,2481.7735,2481.7735,2509.8014,2513.1487,2481.7735,2481.7735,34.72350000000006,26.385258671210835,2535.8449,2458.9259,0,2488.869284600474,,0,3159160.5145684485,0.0,2090.6501990643983,-35243.908678495325,3159160.5145684485,-0.011033013985959794,-0.06029648196723081,315.91605145684485,244.16013447544853,SELL
42928,2477.7712,2480.7266,2435.0014,2479.9943,2477.7712,2480.7266,2435.0014,2479.9943,46.77209999999968,28.326862607285964,2535.8449,2458.9259,0,,,0,3159160.5145684485,0.0,0.0,0.0,3159160.5145684485,0.0,-0.06029648196723081,315.91605145684485,243.98509444409245,
42929,2475.1277,2482.8669,2471.7986,2478.8767,2475.1277,2482.8669,2471.7986,2478.8767,11.068299999999908,26.683189978020625,2535.8449,2435.0014,0,,,0,3159160.5145684485,0.0,0.0,0.0,3159160.5145684485,0.0,-0.06029648196723081,315.91605145684485,243.87514348914436,
42930,2474.4044,2474.4044,2456.0109,2463.4727,2474.4044,2474.4044,2456.0109,2463.4727,22.86579999999958,26.319629027732905,2535.8449,2435.0014,0,,,0,3159160.5145684485,0.0,0.0,0.0,3159160.5145684485,0.0,-0.06029648196723081,315.91605145684485,242.35967775004298,
42933,2450.7462,2450.7462,2315.5699,2316.014,2450.7462,2450.7462,2315.5699,2316.014,147.90279999999984,37.89897864413928,2535.8449,2435.0014,0,,,0,3159160.5145684485,0.0,0.0,0.0,3159160.5145684485,0.0,-0.06029648196723081,315.91605145684485,227.85249729156246,
42934,2301.1241,2338.1138,2294.721,2338.1138,2301.1241,2338.1138,2294.721,2338.1138,43.39280000000008,38.422199725649826,2535.8449,2315.5699,0,,,0,3159160.5145684485,0.0,0.0,0.0,3159160.5145684485,0.0,-0.06029648196723081,315.91605145684485,230.02670462348883,
42935,2332.6036,2366.5887,2327.4915,2366.5887,2332.6036,2366.5887,2327.4915,2366.5887,39.0971999999997,38.4864854660641,2535.8449,2294.721,0,,,0,3159160.5145684485,0.0,0.0,0.0,3159160.5145684485,0.0,-0.06029648196723081,315.91605145684485,232.8281026612932,
42936,2362.7419,2386.3574,2362.7419,2374.0322,2362.7419,2386.3574,2362.7419,2374.0322,23.615499999999884,37.070201135962755,2535.8449,2294.721,0,,,0,3159160.5145684485,0.0,0.0,0.0,3159160.5145684485,0.0,-0.06029648196723081,315.91605145684485,233.56040396153998,
42937,2367.0648,2376.9699,2366.5193,2370.3026,2367.0648,2376.9699,2366.5193,2370.3026,10.450600000000122,34.53500102777584,2535.8449,2294.721,0,,,0,3159160.5145684485,0.0,0.0,0.0,3159160.5145684485,0.0,-0.06029648196723081,315.91605145684485,233.19348101811278,
42940,2362.741,2386.8827,2360.3383,2386.8827,2362.741,2386.8827,2360.3383,2386.8827,26.544400000000223,33.77399140608293,2535.8449,2294.721,0,,,0,3159160.5145684485,0.0,0.0,0.0,3159160.5145684485,0.0,-0.06029648196723081,315.91605145684485,234.82465301894862,
42941,2382.628,2387.3651,2369.0844,2381.1916,2382.628,2387.3651,2369.0844,2381.1916,18.280699999999797,32.29843984359882,2535.8449,2294.721,0,,,0,3159160.5145684485,0.0,0.0,0.0,3159160.5145684485,0.0,-0.06029648196723081,315.91605145684485,234.26475513088062,
42942,2380.1414,2384.8062,2370.4004,2382.733,2380.1414,2384.8062,2370.4004,2382.733,14.4058,30.594378906113217,2535.8449,2294.721,0,,,0,3159160.5145684485,0.0,0.0,0.0,3159160.5145684485,0.0,-0.06029648196723081,315.91605145684485,234.41640008610332,
42943,2380.1085,2419.3063,2377.5937,2419.2966,2380.1085,2419.3063,2377.5937,2419.2966,41.71260000000029,31.653257105531033,2535.8449,2294.721,0,,,0,3159160.5145684485,0.0,0.0,0.0,3159160.5145684485,0.0,-0.06029648196723081,315.91605145684485,238.0135750470361,
42944,2415.0036,2423.7531,2414.6767,2417.0967,2415.0036,2423.7531,2414.6767,2417.0967,9.076399999999921,29.503080238337596,2535.8449,2294.721,0,,,0,3159160.5145684485,0.0,0.0,0.0,3159160.5145684485,0.0,-0.06029648196723081,315.91605145684485,237.79714599747436,
42947,2415.2012,2433.117,2411.5845,2432.6859,2415.2012,2433.117,2411.5845,2432.6859,21.532500000000255,28.743977358495943,2535.8449,2294.721,0,,,0,3159160.5145684485,0.0,0.0,0.0,3159160.5145684485,0.0,-0.06029648196723081,315.91605145684485,239.330831955667,
42948,2433.4951,2437.2435,2421.4705,2432.6126,2433.4951,2437.2435,2421.4705,2432.6126,15.773000000000138,27.508646181496342,2535.8449,2294.721,0,,,0,3159160.5145684485,0.0,0.0,0.0,3159160.5145684485,0.0,-0.06029648196723081,315.91605145684485,239.32362060545432,
42949,2429.6576,2429.6576,2407.5028,2407.7147,2429.6576,2429.6576,2407.5028,2407.7147,25.109799999999723,27.280184640401426,2535.8449,2327.4915,0,,,0,3159160.5145684485,0.0,0.0,0.0,3159160.5145684485,0.0,-0.06029648196723081,315.91605145684485,236.87413252277625,
42950,2401.0711,2428.1292,2401.0711,2420.2019,2401.0711,2428.1292,2401.0711,2420.2019,27.05809999999974,27.259033722267933,2535.8449,2360.3383,0,,,0,3159160.5145684485,0.0,0.0,0.0,3159160.5145684485,0.0,-0.06029648196723081,315.91605145684485,238.10263964932176,
42951,2419.7246,2427.9465,2410.4064,2410.4064,2419.7246,2427.9465,2410.4064,2410.4064,17.540100000000166,26.33342098681386,2535.8449,2360.3383,0,,,0,3159160.5145684485,0.0,0.0,0.0,3159160.5145684485,0.0,-0.06029648196723081,315.91605145684485,237.13894550186865,
42954,2406.3355,2428.4522,2406.3355,2428.4522,2406.3355,2428.4522,2406.3355,2428.4522,22.116700000000037,25.93182851187921,2531.4567,2360.3383,0,,,0,3159160.5145684485,0.0,0.0,0.0,3159160.5145684485,0.0,-0.06029648196723081,315.91605145684485,238.91431499256436,
42955,2428.6051,2434.9114,2421.7169,2432.9956,2428.6051,2434.9114,2421.7169,2432.9956,13.194500000000062,24.71874960598596,2513.1487,2369.0844,0,,,0,3159160.5145684485,0.0,0.0,0.0,3159160.5145684485,0.0,-0.06029648196723081,315.91605145684485,239.36130064817544,
42956,2431.0812,2442.883,2424.1069,2442.883,2431.0812,2442.883,2424.1069,2442.883,18.776099999999587,24.1527829768444,2482.8669,2370.4004,0,,,0,3159160.5145684485,0.0,0.0,0.0,3159160.5145684485,0.0,-0.06029648196723081,315.91605145684485,240.33403603825536,
42957,2436.9713,2441.2634,2407.7533,2420.7918,2436.9713,2441.2634,2407.7533,2420.7918,35.12969999999996,25.198203645716358,2482.8669,2377.5937,0,,,0,3159160.5145684485,0.0,0.0,0.0,3159160.5145684485,0.0,-0.06029648196723081,315.91605145684485,238.16067478561726,
42958,2405.6717,2411.174,2385.643,2386.011,2405.6717,2411.174,2385.643,2386.011,35.14879999999994,26.14587948898146,2474.4044,2401.0711,0,,,0,3159160.5145684485,0.0,0.0,0.0,3159160.5145684485,0.0,-0.06029648196723081,315.91605145684485,234.73889402876588,
42961,2384.9695,2428.6018,2384.9695,2428.6018,2384.9695,2428.6018,2384.9695,2428.6018,43.63229999999976,27.811252870983203,2450.7462,2385.643,0,,,0,3159160.5145684485,0.0,0.0,0.0,3159160.5145684485,0.0,-0.06029648196723081,315.91605145684485,238.92903283692743,
42962,2429.3179,2440.1191,2426.5626,2440.1191,2429.3179,2440.1191,2426.5626,2440.1191,13.556499999999687,26.453657359460966,2442.883,2384.9695,0,,,0,3159160.5145684485,0.0,0.0,0.0,3159160.5145684485,0.0,-0.06029648196723081,315.91605145684485,240.06211992839414,
42963,2437.8553,2455.0716,2434.9212,2454.1644,2437.8553,2455.0716,2434.9212,2454.1644,20.15039999999999,25.853347134750397,2442.883,2384.9695,1,2442.883,2416.429342640539,1200,227114.62264844892,2944997.2800000003,586.29192,12951.388080000412,3172111.902648449,0.0040996296390369835,-0.05644404557279625,317.2111902648449,241.44391497808263,BUY
42964,2454.1769,2471.356,2452.0563,2471.356,2454.1769,2471.356,2452.0563,2471.356,19.29970000000003,25.22919026477417,2455.0716,2384.9695,1,,2416.429342640539,1200,227114.62264844892,2965627.2,0.0,20629.919999999925,3192741.822648449,0.006503528448279505,-0.05030760258063549,319.27418226484485,243.13524715156584,
42965,2457.1588,2468.3376,2456.1359,2464.9668,2457.1588,2468.3376,2456.1359,2464.9668,15.220100000000002,24.27594357289092,2471.356,2384.9695,1,,2416.429342640539,1200,227114.62264844892,2957960.16,0.0,-7667.040000000037,3185074.782648449,-0.0024013968012108755,-0.05258819086593258,318.5074782648449,242.50666926918032,
42968,2465.5312,2484.35,2465.5312,2484.35,2465.5312,2484.35,2465.5312,2484.35,19.38319999999976,23.80996799452033,2471.356,2384.9695,1,,2416.429342640539,1200,227114.62264844892,2981220.0,0.0,23259.83999999985,3208334.6226484487,0.007302761029886584,-0.0456694688269339,320.83346226484485,244.41361392733083,
42969,2482.8155,2482.8155,2465.4802,2468.6372,2482.8155,2482.8155,2465.4802,2468.6372,18.86979999999994,23.339475804566007,2484.35,2384.9695,1,,2416.429342640539,1200,227114.62264844892,2962364.64,0.0,-18855.359999999404,3189479.2626484493,-0.005876992962920546,-0.051278062642938216,318.9479262648449,242.86776803890234,
42970,2465.5419,2470.0581,2451.3489,2459.7292,2465.5419,2470.0581,2451.3489,2459.7292,18.709200000000237,22.898497156512125,2484.35,2384.9695,1,,2416.429342640539,1200,227114.62264844892,2951675.04,0.0,-10689.600000000559,3178789.6626484487,-0.0033515188906180216,-0.054457722137934095,317.87896626484485,241.99138730637083,
42971,2458.2038,2458.9178,2440.4461,2444.2871,2458.2038,2458.9178,2440.4461,2444.2871,19.283100000000104,22.554173617796696,2484.35,2384.9695,1,,2416.429342640539,1200,227114.62264844892,2933144.52,0.0,-18530.519999999553,3160259.142648449,-0.005829426280618,-0.05996969114193862,316.0259142648449,240.4721732392598,
42972,2440.8301,2468.4205,2440.8301,2467.3886,2440.8301,2468.4205,2440.8301,2467.3886,27.590400000000045,23.033814225625584,2484.35,2384.9695,1,,2416.429342640539,1200,227114.62264844892,2960866.3200000003,0.0,27721.799999999814,3187980.942648449,0.008772002151939962,-0.051723743249747045,318.7980942648449,242.74492913200532,
42975,2467.8899,2497.2623,2467.8899,2495.0166,2467.8899,2497.2623,2467.8899,2495.0166,29.873699999999644,23.685231918423113,2484.35,2384.9695,1,,2416.429342640539,1200,227114.62264844892,2994019.92,0.0,33153.59999999963,3221134.5426484486,0.010399560284841902,-0.04186208715098849,322.11345426484485,245.46300803617913,
42976,2493.4977,2501.4281,2492.4598,2496.8135,2493.4977,2501.4281,2492.4598,2496.8135,8.9683,22.28361935476377,2497.2623,2426.5626,1,,2416.429342640539,1200,227114.62264844892,2996176.2,0.0,2156.2800000002608,3223290.822648449,0.0006694163101388373,-0.041220694004765135,322.3290822648449,245.63978941676802,
42977,2494.6353,2503.1671,2492.9266,2502.397,2494.6353,2503.1671,2492.9266,2502.397,10.240500000000338,21.13665560669106,2501.4281,2434.9212,1,,2416.429342640539,1200,227114.62264844892,3002876.4,0.0,6700.200000000186,3229991.022648449,0.002078683050539931,-0.03922769571218432,322.9991022648449,246.1891014756016,
42978,2500.9208,2513.9406,2499.1966,2513.9406,2500.9208,2513.9406,2499.1966,2513.9406,14.743999999999687,20.527831263196646,2503.1671,2440.4461,1,,2416.429342640539,1200,227114.62264844892,3016728.7199999997,0.0,13852.319999999367,3243843.3426484484,0.004288655882591641,-0.03510727391756929,324.3843342648448,247.32477599558936,
42979,2514.7666,2528.6422,2511.6845,2528.6422,2514.7666,2528.6422,2511.6845,2528.6422,16.95769999999993,20.187818761939816,2513.9406,2440.4461,1,,2416.429342640539,1200,227114.62264844892,3034370.6399999997,0.0,17641.919999999925,3261485.2626484483,0.0054385856949541456,-0.02985962214033222,326.1485262648448,248.77113870072913,
42982,2528.9824,2541.5655,2525.4356,2541.5655,2528.9824,2541.5655,2525.4356,2541.5655,16.12990000000036,19.801350308421775,2528.6422,2440.4461,1,,2416.429342640539,1200,227114.62264844892,3049878.6,0.0,15507.960000000894,3276993.2226484492,0.004754876613303427,-0.02524672434602593,327.6993222648449,250.0425499176942,
42983,2539.5934,2543.6445,2530.4987,2542.5453,2539.5934,2543.6445,2530.4987,2542.5453,13.145799999999781,19.167488374286346,2541.5655,2440.4461,1,,2416.429342640539,1200,227114.62264844892,3051054.3600000003,0.0,1175.7599999997765,3278168.982648449,0.0003587923197014842,-0.024896990357117454,327.8168982648449,250.13894392776766,
42984,2536.3846,2548.5335,2528.3952,2548.5335,2536.3846,2548.5335,2528.3952,2548.5335,20.138300000000072,19.25994662435432,2543.6445,2440.4461,1,,2416.429342640539,1200,227114.62264844892,3058240.2,0.0,7185.839999999851,3285354.822648449,0.002192028549484526,-0.02275953672129205,328.53548226484486,250.7280709038055,
42985,2547.5243,2562.6938,2544.1634,2544.1634,2547.5243,2562.6938,2544.1634,2544.1634,18.5304000000001,19.19046599346344,2548.5335,2440.4461,1,,2416.429342640539,1200,227114.62264844892,3052996.08,0.0,-5244.120000000112,3280110.7026484488,-0.0015962111501164333,-0.024319418845122454,328.0110702648449,250.29813472966583,
42986,2541.5897,2553.8423,2536.9582,2551.5939,2541.5897,2553.8423,2536.9582,2551.5939,16.884099999999762,18.970812089324042,2562.6938,2440.8301,1,,2416.429342640539,1200,227114.62264844892,3061912.6799999997,0.0,8916.599999999627,3289027.3026484484,0.0027183838621056555,-0.021667144498741076,328.9027302648448,251.029157072849,
42989,2550.7459,2575.4777,2548.7458,2575.4777,2550.7459,2575.4777,2548.7458,2575.4777,26.73189999999977,19.709963318912205,2562.6938,2467.8899,1,,2416.429342640539,1200,227114.62264844892,3090573.2399999998,0.0,28660.56000000052,3317687.862648449,0.008713992728768716,-0.013141959109587598,331.7687862648449,253.37887666643186,
42990,2577.6003,2582.7744,2561.9752,2565.529,2577.6003,2582.7744,2561.9752,2565.529,20.799199999999928,19.813700145682464,2575.4777,2492.4598,1,,2416.429342640539,1200,227114.62264844892,3078634.8,0.0,-11938.44000000041,3305749.4226484485,-0.0035984217003676155,-0.01669309049910994,330.5749422648448,252.4001105018903,
42991,2562.0159,2578.3062,2558.9821,2578.3062,2562.0159,2578.3062,2558.9821,2578.3062,19.324099999999817,19.767071560379353,2582.7744,2492.9266,1,,2416.429342640539,1200,227114.62264844892,3093967.44,0.0,15332.640000000596,3321082.062648449,0.00463817369064734,-0.01213234226163118,332.1082062648449,253.65714820908627,
42992,2578.5891,2585.9039,2571.0336,2577.3946,2578.5891,2585.9039,2571.0336,2577.3946,14.870299999999588,19.30071236415271,2582.7744,2499.1966,1,,2416.429342640539,1200,227114.62264844892,3092873.52,0.0,-1093.9199999999255,3319988.142648449,-0.0003293866213975871,-0.0124577326518015,331.9988142648449,253.5674638045313,
42993,2573.9997,2573.9997,2556.6837,2563.1512,2573.9997,2573.9997,2556.6837,2563.1512,20.710900000000038,19.43501594851912,2585.9039,2511.6845,1,,2416.429342640539,1200,227114.62264844892,3075781.44,0.0,-17092.080000000075,3302896.062648449,-0.005148235254348044,-0.017541832567722238,330.2896062648449,252.16617941681915,
42996,2559.5847,2581.6557,2558.0798,2581.6557,2559.5847,2581.6557,2558.0798,2581.6557,23.57589999999982,19.829385858183947,2585.9039,2525.4356,1,,2416.429342640539,1200,227114.62264844892,3097986.84,0.0,22205.39999999944,3325101.4626484485,0.006723009013548609,-0.010936757452640666,332.5101462648449,253.98667641559882,
42997,2581.6447,2585.1853,2570.5005,2574.3377,2581.6447,2585.1853,2570.5005,2574.3377,14.684799999999996,19.339425300261667,2585.9039,2528.3952,1,,2416.429342640539,1200,227114.62264844892,3089205.24,0.0,-8781.599999999627,3316319.862648449,-0.0026410021163699726,-0.013548875569432073,331.63198626484484,253.26672197008185,
42998,2571.2189,2595.7366,2567.1223,2595.7366,2571.2189,2595.7366,2567.1223,2595.7366,28.614300000000185,20.222746700236765,2585.9039,2528.3952,1,,2416.429342640539,1200,227114.62264844892,3114883.9200000004,0.0,25678.680000000633,3341998.5426484495,0.00774312523023446,-0.005910660979460691,334.19985426484493,255.3719738400155,
42999,2595.2766,2598.7719,2571.6979,2571.6979,2595.2766,2598.7719,2571.6979,2571.6979,27.07400000000007,20.875247014499934,2595.7366,2536.9582,1,,2416.429342640539,1200,227114.62264844892,3086037.48,0.0,-28846.44000000041,3313152.102648449,-0.008631493889623365,-0.014491137034956192,331.3152102648449,253.00701498111277,
43000,2565.6867,2569.3439,2550.4657,2564.0857,2565.6867,2569.3439,2550.4657,2564.0857,21.23219999999992,20.909242536928502,2598.7719,2536.9582,1,,2416.429342640539,1200,227114.62264844892,3076902.8400000003,0.0,-9134.639999999665,3304017.4626484495,-0.0027570844069301215,-0.01720826815392862,330.4017462648449,252.25811675343243,
43003,2561.9595,2564.3905,2530.5855,2530.5855,2561.9595,2564.3905,2530.5855,2530.5855,33.804999999999836,22.137409914363868,2598.7719,2548.7458,0,2548.7458,,0,3283468.636176449,0.0,2140.946472,-20548.826472000685,3283468.636176449,-0.006219345601015447,-0.023320589588099683,328.3468636176449,248.9623231054809,SELL
43004,2528.1284,2533.0618,2517.0175,2528.5275,2528.1284,2533.0618,2517.0175,2528.5275,16.04430000000002,21.557113732043504,2598.7719,2530.5855,0,,,0,3283468.636176449,0.0,0.0,0.0,3283468.636176449,0.0,-0.023320589588099683,328.3468636176449,248.75985436417537,
43005,2528.6728,2551.0411,2527.995,2549.5839,2528.6728,2551.0411,2527.995,2549.5839,23.046100000000024,21.698921948039363,2598.7719,2517.0175,0,,,0,3283468.636176449,0.0,0.0,0.0,3283468.636176449,0.0,-0.023320589588099683,328.3468636176449,250.8314106345477,
43006,2547.2149,2553.4605,2536.214,2536.2375,2547.2149,2553.4605,2536.214,2536.2375,17.246500000000196,21.274881762511825,2598.7719,2517.0175,0,,,0,3283468.636176449,0.0,0.0,0.0,3283468.636176449,0.0,-0.023320589588099683,328.3468636176449,249.51837428422675,
43007,2537.2144,2560.1559,2537.2144,2560.1559,2537.2144,2560.1559,2537.2144,2560.1559,23.91840000000002,21.526645404177366,2598.7719,2517.0175,0,,,0,3283468.636176449,0.0,0.0,0.0,3283468.636176449,0.0,-0.023320589588099683,328.3468636176449,251.8714978712252,
43017,2583.8095,2588.3877,2577.9846,2588.2523,2583.8095,2588.3877,2577.9846,2588.2523,28.23180000000002,22.165231556160474,2598.7719,2517.0175,0,,,0,3283468.636176449,0.0,0.0,0.0,3283468.636176449,0.0,-0.023320589588099683,328.3468636176449,254.63565858221511,
43018,2588.251,2611.0635,2587.716,2611.0635,2588.251,2611.0635,2587.716,2611.0635,23.34750000000031,22.277828550811886,2598.7719,2517.0175,1,2598.7719,2576.6066684438397,1200,164318.65092044853,3133276.2,623.7052560000001,14126.214743999764,3297594.8509204485,0.004302223139383887,-0.0191186968288658,329.7594850920448,256.87985437991637,BUY
43019,2610.3713,2612.6215,2602.7656,2605.5688,2610.3713,2612.6215,2602.7656,2605.5688,9.85590000000002,21.094787736448854,2611.0635,2517.0175,1,,2576.6066684438397,1200,164318.65092044853,3126682.56,0.0,-6593.64000000013,3291001.2109204484,-0.001999530050867171,-0.02107999847089015,329.10012109204484,256.33927858164054,
43020,2603.4126,2605.9639,2584.3972,2602.0604,2603.4126,2605.9639,2584.3972,2602.0604,21.56670000000031,21.139731761548994,2612.6215,2517.0175,1,,2576.6066684438397,1200,164318.65092044853,3122472.48,0.0,-4210.0800000000745,3286791.1309204483,-0.001279270267671051,-0.02233230172327494,328.6791130920448,255.99411758455776,
43021,2598.5296,2610.7901,2595.267,2610.5,2598.5296,2610.7901,2595.267,2610.5,15.52310000000034,20.604814450925314,2612.6215,2517.0175,1,,2576.6066684438397,1200,164318.65092044853,3132600.0,0.0,10127.520000000019,3296918.6509204484,0.003081278851194913,-0.01931983492107847,329.69186509204485,256.8244165102731,
43024,2605.5856,2605.5856,2551.2032,2551.2032,2605.5856,2605.5856,2551.2032,2551.2032,59.296800000000076,24.289765455599102,2612.6215,2517.0175,0,2576.6066684438397,,0,3254082.303451563,0.0,2164.3496014928255,-42836.34746888513,3254082.303451563,-0.012992843319602598,-0.03206165865259092,325.4082303451563,250.99071949402094,SELL
43025,2545.267,2559.6851,2540.9961,2552.8096,2545.267,2559.6851,2540.9961,2552.8096,18.689000000000306,23.756359221732552,2612.6215,2517.0175,0,,,0,3254082.303451563,0.0,0.0,0.0,3254082.303451563,0.0,-0.03206165865259092,325.4082303451563,251.1487592345619,
43026,2552.8654,2560.3585,2525.5551,2525.6025,2552.8654,2560.3585,2525.5551,2525.6025,34.80339999999978,24.808458343472285,2612.6215,2527.995,0,,,0,3254082.303451563,0.0,0.0,0.0,3254082.303451563,0.0,-0.03206165865259092,325.4082303451563,248.47208902485622,
43027,2521.0308,2522.7369,2491.3391,2494.8731,2521.0308,2522.7369,2491.3391,2494.8731,34.26339999999982,25.708928977427288,2612.6215,2525.5551,0,,,0,3254082.303451563,0.0,0.0,0.0,3254082.303451563,0.0,-0.03206165865259092,325.4082303451563,245.4488903178228,
43028,2492.6657,2526.3516,2492.6657,2526.3049,2492.6657,2526.3516,2492.6657,2526.3049,33.68589999999995,26.468640503386588,2612.6215,2491.3391,0,,,0,3254082.303451563,0.0,0.0,0.0,3254082.303451563,0.0,-0.03206165865259092,325.4082303451563,248.54119205881787,
43031,2523.9172,2543.2775,2523.9172,2543.2775,2523.9172,2543.2775,2523.9172,2543.2775,19.36030000000028,25.791655693540275,2612.6215,2491.3391,0,,,0,3254082.303451563,0.0,0.0,0.0,3254082.303451563,0.0,-0.03206165865259092,325.4082303451563,250.2109787248444,
43032,2539.2116,2539.2116,2508.3233,2522.5942,2539.2116,2539.2116,2508.3233,2522.5942,34.95420000000013,26.664278960822166,2612.6215,2491.3391,0,,,0,3254082.303451563,0.0,0.0,0.0,3254082.303451563,0.0,-0.03206165865259092,325.4082303451563,248.17612852219858,
43033,2520.9463,2541.4827,2520.9463,2541.4827,2520.9463,2541.4827,2520.9463,2541.4827,20.536399999999958,26.08067144074386,2612.6215,2491.3391,0,,,0,3254082.303451563,0.0,0.0,0.0,3254082.303451563,0.0,-0.03206165865259092,325.4082303451563,250.03440394501192,
43034,2540.6079,2555.1508,2537.6986,2553.9907,2540.6079,2555.1508,2537.6986,2553.9907,17.45219999999972,25.258912255911085,2612.6215,2491.3391,0,,,0,3254082.303451563,0.0,0.0,0.0,3254082.303451563,0.0,-0.03206165865259092,325.4082303451563,251.26495740285924,
43035,2551.0779,2551.3115,2534.2321,2535.3623,2551.0779,2551.3115,2534.2321,2535.3623,19.75859999999966,24.73507299344333,2612.6215,2491.3391,0,,,0,3254082.303451563,0.0,0.0,0.0,3254082.303451563,0.0,-0.03206165865259092,325.4082303451563,249.43227095944997,
43038,2529.2064,2529.2064,2456.039,2470.0113,2529.2064,2529.2064,2456.039,2470.0113,79.32329999999956,29.933951755972497,2612.6215,2491.3391,0,,,0,3254082.303451563,0.0,0.0,0.0,3254082.303451563,0.0,-0.03206165865259092,325.4082303451563,243.00295380052913,
43039,2466.9863,2491.8698,2466.9863,2491.8698,2466.9863,2491.8698,2466.9863,2491.8698,24.883499999999913,29.452956350641777,2612.6215,2456.039,0,,,0,3254082.303451563,0.0,0.0,0.0,3254082.303451563,0.0,-0.03206165865259092,325.4082303451563,245.15342172172808,
43040,2491.1349,2498.4376,2489.1038,2493.4992,2491.1349,2498.4376,2489.1038,2493.4992,9.333800000000338,27.53684622200926,2612.6215,2456.039,0,,,0,3254082.303451563,0.0,0.0,0.0,3254082.303451563,0.0,-0.03206165865259092,325.4082303451563,245.31372423245853,
43041,2490.1195,2490.1195,2462.2303,2462.2571,2490.1195,2490.1195,2462.2303,2462.2571,31.26890000000003,27.892279915151235,2612.6215,2456.039,0,,,0,3254082.303451563,0.0,0.0,0.0,3254082.303451563,0.0,-0.03206165865259092,325.4082303451563,242.24008542646135,
43042,2459.0571,2461.8162,2430.4022,2442.1385,2459.0571,2461.8162,2430.4022,2442.1385,31.854899999999816,28.269672304184432,2612.6215,2456.039,0,,,0,3254082.303451563,0.0,0.0,0.0,3254082.303451563,0.0,-0.03206165865259092,325.4082303451563,240.2607911510338,
43045,2441.9243,2463.8268,2434.6927,2463.8268,2441.9243,2463.8268,2434.6927,2463.8268,29.134099999999762,28.35199875140494,2612.6215,2430.4022,0,,,0,3254082.303451563,0.0,0.0,0.0,3254082.303451563,0.0,-0.03206165865259092,325.4082303451563,242.3945145728303,
43046,2461.617,2470.049,2453.8949,2470.049,2461.617,2470.049,2453.8949,2470.049,16.1541000000002,27.19029410841401,2612.6215,2430.4022,0,,,0,3254082.303451563,0.0,0.0,0.0,3254082.303451563,0.0,-0.03206165865259092,325.4082303451563,243.00666277601368,
43047,2468.3059,2488.5565,2468.3059,2479.0605,2468.3059,2488.5565,2468.3059,2479.0605,20.250600000000304,26.52937085999366,2612.6215,2430.4022,0,,,0,3254082.303451563,0.0,0.0,0.0,3254082.303451563,0.0,-0.03206165865259092,325.4082303451563,243.89322597439804,
43048,2477.9538,2494.746,2477.9538,2494.746,2477.9538,2494.746,2477.9538,2494.746,16.79220000000032,25.602021254280007,2610.7901,2430.4022,0,,,0,3254082.303451563,0.0,0.0,0.0,3254082.303451563,0.0,-0.03206165865259092,325.4082303451563,245.4363860529929,
43049,2492.6436,2499.4143,2487.0021,2496.9955,2492.6436,2499.4143,2487.0021,2496.9955,12.412199999999757,24.345847801491413,2610.7901,2430.4022,0,,,0,3254082.303451563,0.0,0.0,0.0,3254082.303451563,0.0,-0.03206165865259092,325.4082303451563,245.65769481565897,
43052,2496.877,2496.877,2489.6797,2493.2562,2496.877,2496.877,2489.6797,2493.2562,7.315799999999854,22.723938487063645,2605.5856,2430.4022,0,,,0,3254082.303451563,0.0,0.0,0.0,3254082.303451563,0.0,-0.03206165865259092,325.4082303451563,245.28981757349965,
43053,2491.9678,2491.9678,2468.0804,2473.5444,2491.9678,2491.9678,2468.0804,2473.5444,25.17579999999998,22.957449107343294,2560.3585,2430.4022,0,,,0,3254082.303451563,0.0,0.0,0.0,3254082.303451563,0.0,-0.03206165865259092,325.4082303451563,243.35054481603288,
43054,2468.4395,2470.6791,2450.6542,2455.5895,2468.4395,2470.6791,2450.6542,2455.5895,22.890200000000277,22.951044430453482,2560.3585,2430.4022,0,,,0,3254082.303451563,0.0,0.0,0.0,3254082.303451563,0.0,-0.03206165865259092,325.4082303451563,241.58411818665138,
43055,2452.1469,2459.5517,2446.4184,2446.5601,2452.1469,2459.5517,2446.4184,2446.5601,13.133299999999963,22.016021151362672,2555.1508,2430.4022,0,,,0,3254082.303451563,0.0,0.0,0.0,3254082.303451563,0.0,-0.03206165865259092,325.4082303451563,240.69579396277172,
43056,2442.0516,2442.0516,2347.0044,2347.5954,2442.0516,2442.0516,2347.0044,2347.5954,99.55570000000034,29.400752470280544,2555.1508,2430.4022,0,,,0,3254082.303451563,0.0,0.0,0.0,3254082.303451563,0.0,-0.03206165865259092,325.4082303451563,230.95951687692065,
43059,2333.7629,2348.0651,2287.4887,2348.0651,2333.7629,2348.0651,2287.4887,2348.0651,60.57639999999992,32.369861758825245,2555.1508,2347.0044,0,,,0,3254082.303451563,0.0,0.0,0.0,3254082.303451563,0.0,-0.03206165865259092,325.4082303451563,231.0057265794431,
43060,2341.7925,2359.1766,2330.5209,2343.4824,2341.7925,2359.1766,2330.5209,2343.4824,28.655699999999797,32.016132067508536,2555.1508,2287.4887,0,,,0,3254082.303451563,0.0,0.0,0.0,3254082.303451563,0.0,-0.03206165865259092,325.4082303451563,230.5548745382473,
43061,2343.1298,2348.2682,2325.4021,2338.9194,2343.1298,2348.2682,2325.4021,2338.9194,22.866100000000188,31.14470044203155,2555.1508,2287.4887,0,,,0,3254082.303451563,0.0,0.0,0.0,3254082.303451563,0.0,-0.03206165865259092,325.4082303451563,230.1059606089095,
43062,2337.4101,2337.4101,2290.903,2290.903,2337.4101,2337.4101,2290.903,2290.903,48.01640000000043,32.75152897136192,2555.1508,2287.4887,0,,,0,3254082.303451563,0.0,0.0,0.0,3254082.303451563,0.0,-0.03206165865259092,325.4082303451563,225.3820441511719,
43063,2284.1701,2298.7395,2282.5385,2296.676,2284.1701,2298.7395,2282.5385,2296.676,16.201000000000022,31.1752881169465,2551.3115,2287.4887,0,,,0,3254082.303451563,0.0,0.0,0.0,3254082.303451563,0.0,-0.03206165865259092,325.4082303451563,225.94999946874088,
43066,2292.154,2295.0294,2272.0821,2273.1642,2292.154,2295.0294,2272.0821,2273.1642,24.59389999999985,30.548489248665867,2529.2064,2282.5385,0,,,0,3254082.303451563,0.0,0.0,0.0,3254082.303451563,0.0,-0.03206165865259092,325.4082303451563,223.63687772344068,
43067,2270.5134,2304.0648,2270.5134,2304.0648,2270.5134,2304.0648,2270.5134,2304.0648,33.551400000000285,30.834480748792952,2499.4143,2272.0821,0,,,0,3254082.303451563,0.0,0.0,0.0,3254082.303451563,0.0,-0.03206165865259092,325.4082303451563,226.67691931118915,
43068,2305.1921,2309.9929,2289.4333,2309.9929,2305.1921,2309.9929,2289.4333,2309.9929,20.559600000000046,29.855920677479343,2499.4143,2270.5134,0,,,0,3254082.303451563,0.0,0.0,0.0,3254082.303451563,0.0,-0.03206165865259092,325.4082303451563,227.26013357034049,
43069,2307.6813,2314.0019,2298.4946,2303.687,2307.6813,2314.0019,2298.4946,2303.687,15.507300000000214,28.489385374862284,2499.4143,2270.5134,0,,,0,3254082.303451563,0.0,0.0,0.0,3254082.303451563,0.0,-0.03206165865259092,325.4082303451563,226.63975085129348,
43070,2301.0564,2326.2506,2301.0564,2326.2506,2301.0564,2326.2506,2301.0564,2326.2506,25.19419999999991,28.175558196303964,2499.4143,2270.5134,0,,,0,3254082.303451563,0.0,0.0,0.0,3254082.303451563,0.0,-0.03206165865259092,325.4082303451563,228.85958743599804,
43073,2322.2548,2322.2548,2293.1406,2293.6832,2322.2548,2322.2548,2293.1406,2293.6832,33.10999999999967,28.645505034751174,2499.4143,2270.5134,0,,,0,3254082.303451563,0.0,0.0,0.0,3254082.303451563,0.0,-0.03206165865259092,325.4082303451563,225.65556387642835,
43074,2287.1452,2287.7113,2219.3527,2230.3162,2287.1452,2287.7113,2219.3527,2230.3162,74.33050000000003,32.996456936203444,2499.4143,2270.5134,0,,,0,3254082.303451563,0.0,0.0,0.0,3254082.303451563,0.0,-0.03206165865259092,325.4082303451563,219.4214352416816,
43075,2224.0481,2249.5767,2206.7991,2249.5767,2224.0481,2249.5767,2206.7991,2249.5767,42.77759999999989,33.927994370850726,2499.4143,2219.3527,0,,,0,3254082.303451563,0.0,0.0,0.0,3254082.303451563,0.0,-0.03206165865259092,325.4082303451563,221.31630851277757,
43076,2244.5518,2258.427,2240.6523,2248.6461,2244.5518,2258.427,2240.6523,2248.6461,17.77469999999994,32.38958538315065,2499.4143,2206.7991,0,,,0,3254082.303451563,0.0,0.0,0.0,3254082.303451563,0.0,-0.03206165865259092,325.4082303451563,221.22475486328338,
43077,2245.1591,2273.5412,2245.1591,2272.4058,2245.1591,2273.5412,2245.1591,2272.4058,28.382100000000264,32.0079201085649,2499.4143,2206.7991,0,,,0,3254082.303451563,0.0,0.0,0.0,3254082.303451563,0.0,-0.03206165865259092,325.4082303451563,223.56226533597413,
43080,2272.5832,2291.185,2272.5832,2291.185,2272.5832,2291.185,2272.5832,2291.185,18.779199999999946,30.74804200298729,2496.877,2206.7991,0,,,0,3254082.303451563,0.0,0.0,0.0,3254082.303451563,0.0,-0.03206165865259092,325.4082303451563,225.40978768132166,
43081,2289.6275,2289.6275,2265.0319,2265.0319,2289.6275,2289.6275,2265.0319,2265.0319,26.153099999999995,30.31042847889326,2491.9678,2206.7991,0,,,0,3254082.303451563,0.0,0.0,0.0,3254082.303451563,0.0,-0.03206165865259092,325.4082303451563,222.83681137508347,
43082,2261.3565,2280.3806,2261.3565,2280.3806,2261.3565,2280.3806,2261.3565,2280.3806,19.02410000000009,29.23554005233201,2470.6791,2206.7991,0,,,0,3254082.303451563,0.0,0.0,0.0,3254082.303451563,0.0,-0.03206165865259092,325.4082303451563,224.34683662759878,
43083,2278.5649,2283.6894,2272.4432,2283.6754,2278.5649,2283.6894,2272.4432,2283.6754,11.246200000000044,27.522269571157537,2459.5517,2206.7991,0,,,0,3254082.303451563,0.0,0.0,0.0,3254082.303451563,0.0,-0.03206165865259092,325.4082303451563,224.67098337631285,
43084,2280.8129,2285.8379,2272.1865,2282.3468,2280.8129,2285.8379,2272.1865,2282.3468,13.651400000000194,26.20123437390446,2442.0516,2206.7991,0,,,0,3254082.303451563,0.0,0.0,0.0,3254082.303451563,0.0,-0.03206165865259092,325.4082303451563,224.54027396440875,
43087,2279.2944,2280.4957,2260.851,2268.1122,2279.2944,2280.4957,2260.851,2268.1122,21.49579999999969,25.753097766865906,2359.1766,2206.7991,0,,,0,3254082.303451563,0.0,0.0,0.0,3254082.303451563,0.0,-0.03206165865259092,325.4082303451563,223.13985533224746,
43088,2266.4346,2281.409,2266.4346,2281.409,2266.4346,2281.409,2266.4346,2281.409,14.97440000000006,24.726555122402495,2359.1766,2206.7991,0,,,0,3254082.303451563,0.0,0.0,0.0,3254082.303451563,0.0,-0.03206165865259092,325.4082303451563,224.44801196946403,
43089,2279.9083,2279.9083,2255.5405,2256.9855,2279.9083,2279.9083,2255.5405,2256.9855,25.86850000000004,24.835311777411782,2348.2682,2206.7991,0,,,0,3254082.303451563,0.0,0.0,0.0,3254082.303451563,0.0,-0.03206165865259092,325.4082303451563,222.04519598147755,
43090,2253.9064,2261.8659,2233.1166,2257.5592,2253.9064,2261.8659,2233.1166,2257.5592,28.74929999999995,25.208072560515415,2337.4101,2240.6523,0,,,0,3254082.303451563,0.0,0.0,0.0,3254082.303451563,0.0,-0.03206165865259092,325.4082303451563,222.10163734050914,
43091,2253.9115,2258.9549,2251.772,2253.3887,2253.9115,2258.9549,2251.772,2253.3887,7.182900000000245,23.491389459513968,2326.2506,2233.1166,0,,,0,3254082.303451563,0.0,0.0,0.0,3254082.303451563,0.0,-0.03206165865259092,325.4082303451563,221.691338076362,
43094,2249.8978,2249.8978,2217.7771,2222.8432,2249.8978,2249.8978,2217.7771,2222.8432,35.61160000000018,24.64569522527456,2326.2506,2233.1166,0,,,0,3254082.303451563,0.0,0.0,0.0,3254082.303451563,0.0,-0.03206165865259092,325.4082303451563,218.68623169271345,
43095,2218.8032,2242.6851,2215.7837,2242.6851,2218.8032,2242.6851,2215.7837,2242.6851,26.901400000000194,24.86052425143891,2326.2506,2217.7771,0,,,0,3254082.303451563,0.0,0.0,0.0,3254082.303451563,0.0,-0.03206165865259092,325.4082303451563,220.63830385894798,
43096,2240.6211,2243.8785,2232.9895,2233.1968,2240.6211,2243.8785,2232.9895,2233.1968,10.888999999999669,23.529902894158983,2326.2506,2215.7837,0,,,0,3254082.303451563,0.0,0.0,0.0,3254082.303451563,0.0,-0.03206165865259092,325.4082303451563,219.70483245072182,
43097,2229.6221,2245.6382,2227.098,2242.0631,2229.6221,2245.6382,2227.098,2242.0631,18.540199999999913,23.054693094715265,2326.2506,2215.7837,0,,,0,3254082.303451563,0.0,0.0,0.0,3254082.303451563,0.0,-0.03206165865259092,325.4082303451563,220.57711068251837,
43098,2240.8375,2258.2814,2240.8375,2258.2814,2240.8375,2258.2814,2240.8375,2258.2814,17.443899999999758,22.520331847599504,2326.2506,2215.7837,0,,,0,3254082.303451563,0.0,0.0,0.0,3254082.303451563,0.0,-0.03206165865259092,325.4082303451563,222.17268832445995,
43102,2259.2819,2277.1313,2257.1831,2277.1313,2259.2819,2277.1313,2257.1831,2277.1313,19.948199999999815,22.275366909732867,2322.2548,2215.7837,0,,,0,3254082.303451563,0.0,0.0,0.0,3254082.303451563,0.0,-0.03206165865259092,325.4082303451563,224.02716622860748,
43103,2275.5227,2295.8034,2275.5227,2295.8034,2275.5227,2295.8034,2275.5227,2295.8034,20.280699999999797,22.085398632615433,2291.185,2215.7837,1,2291.185,2268.909633090267,1400,45781.771651563235,3214124.76,641.5318,5824.2281999997795,3259906.531651563,0.001789822031797339,-0.03032922128382587,325.99065316515635,225.86415193537684,BUY
43104,2292.5805,2297.0866,2292.0251,2296.329,2292.5805,2297.0866,2292.0251,2296.329,5.061500000000251,20.464074953318747,2295.8034,2215.7837,1,,2268.909633090267,1400,45781.771651563235,3214860.6,0.0,735.8400000003166,3260642.3716515633,0.00022572426321310068,-0.030110343061740985,326.0642371651563,225.91586115327294,
43105,2292.8547,2299.2696,2290.8174,2296.9573,2292.8547,2299.2696,2290.8174,2296.9573,8.452200000000175,19.3200868625265,2297.0866,2215.7837,1,,2268.909633090267,1400,45781.771651563235,3215740.22,0.0,879.6200000001118,3261521.9916515634,0.00026976892886132475,-0.029848696967875177,326.1521991651564,225.97767413197184,
43108,2293.9001,2296.607,2282.7109,2296.607,2293.9001,2296.607,2282.7109,2296.607,14.246399999999994,18.83687858990493,2299.2696,2215.7837,1,,2268.909633090267,1400,45781.771651563235,3215249.8,0.0,-490.42000000039116,3261031.571651563,-0.00015036538194612703,-0.029994574139101116,326.1031571651563,225.94321115817232,
43109,2294.9759,2295.6192,2288.7757,2293.1949,2294.9759,2295.6192,2288.7757,2293.1949,7.831299999999828,17.788728248009207,2299.2696,2215.7837,1,,2268.909633090267,1400,45781.771651563235,3210472.86,0.0,-4776.939999999944,3256254.631651563,-0.001464855489755501,-0.031415491912266114,325.6254631651563,225.60752428149175,
43110,2291.973,2291.973,2259.3374,2273.82,2291.973,2291.973,2259.3374,2273.82,33.85750000000007,19.31908746248453,2299.2696,2215.7837,0,2268.909633090267,,0,3220031.726537509,0.0,2223.531440428462,-36222.905114054214,3220031.726537509,-0.011124100910892887,-0.042190123720961537,322.0031726537509,223.70139618823575,SELL
43111,2269.2994,2286.5856,2263.218,2285.9868,2269.2994,2286.5856,2263.218,2285.9868,23.36760000000004,19.704660085105054,2299.2696,2227.098,0,,,0,3220031.726537509,0.0,0.0,0.0,3220031.726537509,0.0,-0.042190123720961537,322.0031726537509,224.89838194222816,
43112,2282.6046,2284.7889,2272.8019,2275.195,2282.6046,2284.7889,2272.8019,2275.195,13.184900000000198,19.083730553190307,2299.2696,2227.098,0,,,0,3220031.726537509,0.0,0.0,0.0,3220031.726537509,0.0,-0.042190123720961537,322.0031726537509,223.83667049304387,
43115,2268.7708,2268.7708,2215.0828,2218.6253,2268.7708,2268.7708,2215.0828,2218.6253,60.11220000000003,22.991203833838853,2299.2696,2240.8375,0,,,0,3220031.726537509,0.0,0.0,0.0,3220031.726537509,0.0,-0.042190123720961537,322.0031726537509,218.27126915434968,
43116,2215.0291,2231.8418,2215.0291,2231.8418,2215.0291,2231.8418,2215.0291,2231.8418,16.81269999999995,22.402774897282768,2299.2696,2215.0828,0,,,0,3220031.726537509,0.0,0.0,0.0,3220031.726537509,0.0,-0.042190123720961537,322.0031726537509,219.57152577216542,
43117,2228.5017,2232.9933,2204.4282,2232.6946,2228.5017,2232.9933,2204.4282,2232.6946,28.565100000000257,22.989663002303484,2299.2696,2215.0291,0,,,0,3220031.726537509,0.0,0.0,0.0,3220031.726537509,0.0,-0.042190123720961537,322.0031726537509,219.6554253555402,
43118,2229.61,2240.9775,2229.61,2240.1871,2229.61,2240.9775,2229.61,2240.1871,11.367499999999836,21.882790335417425,2299.2696,2204.4282,0,,,0,3220031.726537509,0.0,0.0,0.0,3220031.726537509,0.0,-0.042190123720961537,322.0031726537509,220.3925473401038,
43119,2237.888,2246.3026,2232.0358,2234.6561,2237.888,2246.3026,2232.0358,2234.6561,14.266799999999876,21.157457922520518,2299.2696,2204.4282,0,,,0,3220031.726537509,0.0,0.0,0.0,3220031.726537509,0.0,-0.042190123720961537,322.0031726537509,219.84840030018105,
43122,2229.0051,2245.2286,2216.8833,2245.2286,2229.0051,2245.2286,2216.8833,2245.2286,28.345299999999952,21.84201431085189,2299.2696,2204.4282,0,,,0,3220031.726537509,0.0,0.0,0.0,3220031.726537509,0.0,-0.042190123720961537,322.0031726537509,220.88853672751486,
43123,2242.5696,2250.1009,2242.5686,2248.2147,2242.5696,2250.1009,2242.5686,2248.2147,7.53229999999985,20.47918437648503,2299.2696,2204.4282,0,,,0,3220031.726537509,0.0,0.0,0.0,3220031.726537509,0.0,-0.042190123720961537,322.0031726537509,221.18231316503307,
43124,2245.5939,2256.7031,2234.0206,2256.7031,2245.5939,2256.7031,2234.0206,2256.7031,22.682500000000346,20.689023959676966,2299.2696,2204.4282,0,,,0,3220031.726537509,0.0,0.0,0.0,3220031.726537509,0.0,-0.042190123720961537,322.0031726537509,222.01741309880282,
43125,2253.5746,2267.6003,2253.5746,2254.0013,2253.5746,2267.6003,2253.5746,2254.0013,14.025700000000143,20.05442167780298,2299.2696,2204.4282,0,,,0,3220031.726537509,0.0,0.0,0.0,3220031.726537509,0.0,-0.042190123720961537,322.0031726537509,221.75160646845322,
43126,2248.5591,2253.3809,2242.9608,2244.9544,2248.5591,2253.3809,2242.9608,2244.9544,11.040500000000065,19.195952946583656,2299.2696,2204.4282,0,,,0,3220031.726537509,0.0,0.0,0.0,3220031.726537509,0.0,-0.042190123720961537,322.0031726537509,220.8615605716033,
43129,2240.9544,2241.4788,2212.4133,2215.2614,2240.9544,2241.4788,2212.4133,2215.2614,32.541099999999915,20.4669193326233,2299.2696,2204.4282,0,,,0,3220031.726537509,0.0,0.0,0.0,3220031.726537509,0.0,-0.042190123720961537,322.0031726537509,217.94032425693578,
43130,2212.1679,2217.0257,2207.9101,2211.811,2212.1679,2217.0257,2207.9101,2211.811,9.115600000000086,19.385841300944897,2299.2696,2204.4282,0,,,0,3220031.726537509,0.0,0.0,0.0,3220031.726537509,0.0,-0.042190123720961537,322.0031726537509,217.60086937598308,
43131,2202.3279,2202.3279,2150.3623,2155.0307,2202.3279,2202.3279,2150.3623,2155.0307,61.44870000000037,23.391827843712086,2299.2696,2204.4282,0,,,0,3220031.726537509,0.0,0.0,0.0,3220031.726537509,0.0,-0.042190123720961537,322.0031726537509,212.01474893285788,
43132,2148.55,2150.4417,2061.5949,2061.5949,2148.55,2150.4417,2061.5949,2061.5949,93.43579999999974,30.0626823347871,2299.2696,2150.3623,0,,,0,3220031.726537509,0.0,0.0,0.0,3220031.726537509,0.0,-0.042190123720961537,322.0031726537509,202.82241228617312,
43133,2041.5559,2043.5039,2000.0441,2038.2384,2041.5559,2043.5039,2000.0441,2038.2384,61.55079999999998,33.061550683854996,2299.2696,2061.5949,0,,,0,3220031.726537509,0.0,0.0,0.0,3220031.726537509,0.0,-0.042190123720961537,322.0031726537509,200.52456915871778,
43136,2013.0092,2031.7372,2013.0092,2025.862,2013.0092,2031.7372,2013.0092,2025.862,25.22919999999999,32.31561252348786,2296.607,2000.0441,0,,,0,3220031.726537509,0.0,0.0,0.0,3220031.726537509,0.0,-0.042190123720961537,322.0031726537509,199.306962681607,
43137,1994.3568,1996.85,1921.8729,1922.2608,1994.3568,1996.85,1921.8729,1922.2608,103.98910000000001,39.14165894982235,2295.6192,2000.0441,0,,,0,3220031.726537509,0.0,0.0,0.0,3220031.726537509,0.0,-0.042190123720961537,322.0031726537509,189.11454063994287,
43138,1948.9867,1952.9307,1903.9503,1931.8606,1948.9867,1952.9307,1903.9503,1931.8606,48.98039999999992,40.07868190698212,2291.973,1921.8729,0,,,0,3220031.726537509,0.0,0.0,0.0,3220031.726537509,0.0,-0.042190123720961537,322.0031726537509,190.05898156452258,
43139,1926.1712,1957.6042,1926.1712,1957.6042,1926.1712,1957.6042,1926.1712,1957.6042,31.432999999999993,39.255283630126684,2286.5856,1903.9503,0,,,0,3220031.726537509,0.0,0.0,0.0,3220031.726537509,0.0,-0.042190123720961537,322.0031726537509,192.5916707232561,
43140,1916.6855,1927.353,1885.9142,1904.0358,1916.6855,1927.353,1885.9142,1904.0358,71.69000000000005,42.34430423678129,2284.7889,1903.9503,0,,,0,3220031.726537509,0.0,0.0,0.0,3220031.726537509,0.0,-0.042190123720961537,322.0031726537509,187.32154121803148,
43143,1911.3098,1954.3532,1911.3098,1950.9103,1911.3098,1954.3532,1911.3098,1950.9103,50.31739999999991,43.10364669042116,2268.7708,1885.9142,0,,,0,3220031.726537509,0.0,0.0,0.0,3220031.726537509,0.0,-0.042190123720961537,322.0031726537509,191.93311605492508,
43144,1955.7658,1965.9284,1950.2554,1951.0635,1955.7658,1965.9284,1950.2554,1951.0635,15.673000000000002,40.491204148476285,2267.6003,1885.9142,0,,,0,3220031.726537509,0.0,0.0,0.0,3220031.726537509,0.0,-0.042190123720961537,322.0031726537509,191.94818807201355,
43145,1948.3415,1957.7108,1944.6688,1957.7108,1948.3415,1957.7108,1944.6688,1957.7108,13.042000000000144,37.876994229573796,2267.6003,1885.9142,0,,,0,3220031.726537509,0.0,0.0,0.0,3220031.726537509,0.0,-0.042190123720961537,322.0031726537509,192.602158171178,
43153,1964.6719,1987.2453,1964.6719,1987.2453,1964.6719,1987.2453,1964.6719,1987.2453,29.53449999999998,37.082470969614384,2267.6003,1885.9142,0,,,0,3220031.726537509,0.0,0.0,0.0,3220031.726537509,0.0,-0.042190123720961537,322.0031726537509,195.5078010478003,
43154,1987.3194,1994.6636,1982.0131,1994.6636,1987.3194,1994.6636,1982.0131,1994.6636,12.650500000000193,34.75561659155589,2267.6003,1885.9142,0,,,0,3220031.726537509,0.0,0.0,0.0,3220031.726537509,0.0,-0.042190123720961537,322.0031726537509,196.2376231389699,
43157,2001.2596,2036.704,2001.2596,2036.704,2001.2596,2036.704,2001.2596,2036.704,42.04039999999986,35.44940548759818,2267.6003,1885.9142,0,,,0,3220031.726537509,0.0,0.0,0.0,3220031.726537509,0.0,-0.042190123720961537,322.0031726537509,200.37361287268314,
43158,2034.6673,2042.6014,2034.6673,2041.175,2034.6673,2042.6014,2034.6673,2041.175,7.934099999999944,32.82890020306501,2267.6003,1885.9142,0,,,0,3220031.726537509,0.0,0.0,0.0,3220031.726537509,0.0,-0.042190123720961537,322.0031726537509,200.8134757212629,
43159,2030.6131,2048.26,2019.6282,2045.3037,2030.6131,2048.26,2019.6282,2045.3037,28.631800000000112,32.42917637420169,2267.6003,1885.9142,0,,,0,3220031.726537509,0.0,0.0,0.0,3220031.726537509,0.0,-0.042190123720961537,322.0031726537509,201.21966264654384,
43160,2035.963,2072.5311,2035.963,2072.5311,2035.963,2072.5311,2035.963,2072.5311,36.568100000000186,32.82335957665869,2267.6003,1885.9142,0,,,0,3220031.726537509,0.0,0.0,0.0,3220031.726537509,0.0,-0.042190123720961537,322.0031726537509,203.8983299968951,
43161,2061.7433,2075.0425,2061.7433,2063.8806,2061.7433,2075.0425,2061.7433,2063.8806,13.299199999999928,30.96391580745309,2253.3809,1885.9142,0,,,0,3220031.726537509,0.0,0.0,0.0,3220031.726537509,0.0,-0.042190123720961537,322.0031726537509,203.0472824523549,
43164,2064.3117,2075.9158,2062.9595,2075.9158,2064.3117,2075.9158,2062.9595,2075.9158,12.956300000000283,29.248904778171873,2241.4788,1911.3098,0,,,0,3220031.726537509,0.0,0.0,0.0,3220031.726537509,0.0,-0.042190123720961537,322.0031726537509,204.23132122561077,
43165,2077.2969,2099.0133,2077.2969,2099.0133,2077.2969,2099.0133,2077.2969,2099.0133,23.097499999999854,28.663056704060253,2217.0257,1944.6688,0,,,0,3220031.726537509,0.0,0.0,0.0,3220031.726537509,0.0,-0.042190123720961537,322.0031726537509,206.5036835931059,
43166,2096.0702,2100.2939,2087.648,2089.2046,2096.0702,2100.2939,2087.648,2089.2046,12.645899999999983,27.137613208435464,2202.3279,1944.6688,0,,,0,3220031.726537509,0.0,0.0,0.0,3220031.726537509,0.0,-0.042190123720961537,322.0031726537509,205.53869081232662,
43167,2086.6601,2110.053,2086.6601,2110.053,2086.6601,2110.053,2086.6601,2110.053,23.392899999999827,26.78097385525112,2150.4417,1964.6719,0,,,0,3220031.726537509,0.0,0.0,0.0,3220031.726537509,0.0,-0.042190123720961537,322.0031726537509,207.58978376968068,
43168,2110.6828,2142.066,2110.6828,2142.066,2110.6828,2142.066,2110.6828,2142.066,32.01299999999992,27.27926205951291,2110.053,1982.0131,1,2110.6828,2083.901826144749,1500,53374.321697508705,3213098.9999999995,633.2048400000001,46441.59515999956,3266473.3216975085,0.01442271353330371,-0.028375906256020045,326.6473321697509,210.7392647295517,BUY
43171,2147.5224,2174.5323,2147.5224,2174.5323,2147.5224,2174.5323,2147.5224,2174.5323,32.46630000000005,27.773265672892634,2142.066,2001.2596,1,,2083.901826144749,1500,53374.321697508705,3261798.4499999997,0.0,48699.450000000186,3315172.7716975086,0.014908877313191127,-0.013890081847850455,331.51727716975086,213.9333419384188,
43172,2171.4448,2179.7413,2162.8491,2165.2186,2171.4448,2179.7413,2162.8491,2165.2186,16.89220000000023,26.73697370404574,2174.5323,2019.6282,1,,2083.901826144749,1500,53374.321697508705,3247827.9000000004,0.0,-13970.549999999348,3301202.2216975093,-0.004214124259003804,-0.018045671575979694,330.12022216975095,213.01704790737043,
43173,2159.1761,2164.102,2145.3011,2145.3011,2159.1761,2164.102,2145.3011,2145.3011,19.917500000000018,26.087500017946148,2179.7413,2019.6282,1,,2083.901826144749,1500,53374.321697508705,3217951.6500000004,0.0,-29876.25,3271325.9716975093,-0.009050112048160863,-0.02693246827439366,327.1325971697509,211.05753811390434,
43174,2134.722,2134.722,2102.343,2124.9591,2134.722,2134.722,2102.343,2124.9591,42.958100000000286,27.69422382576083,2179.7413,2035.963,1,,2083.901826144749,1500,53374.321697508705,3187438.65,0.0,-30513.000000000466,3240812.971697509,-0.00932741043356411,-0.0360086685223735,324.0812971697509,209.05626545324466,
43175,2124.1174,2138.8747,2124.1174,2126.1714,2124.1174,2138.8747,2124.1174,2126.1714,14.75729999999976,26.462135842355014,2179.7413,2061.7433,1,,2083.901826144749,1500,53374.321697508705,3189257.1,0.0,1818.4500000001863,3242631.421697509,0.000561109208053967,-0.03546776410979713,324.2631421697509,209.1755331184948,
43178,2124.1949,2140.0476,2118.502,2135.0281,2124.1949,2140.0476,2118.502,2135.0281,21.545599999999922,25.99389433355929,2179.7413,2062.9595,1,,2083.901826144749,1500,53374.321697508705,3202542.15,0.0,13285.049999999814,3255916.471697509,0.004096996627833027,-0.03151607879191887,325.59164716975084,210.04686688969053,
43179,2122.0739,2143.3796,2118.2408,2143.3796,2122.0739,2143.3796,2118.2408,2143.3796,25.138800000000174,25.91245677798223,2179.7413,2077.2969,1,,2083.901826144749,1500,53374.321697508705,3215069.4000000004,0.0,12527.250000000466,3268443.7216975093,0.0038475342070030116,-0.027789803776138378,326.84437216975095,210.868498421767,
43180,2144.902,2162.4608,2132.1662,2132.5815,2144.902,2162.4608,2132.1662,2132.5815,30.29459999999972,26.329803751507704,2179.7413,2086.6601,1,,2083.901826144749,1500,53374.321697508705,3198872.2499999995,0.0,-16197.150000000838,3252246.5716975085,-0.004955615387371215,-0.03260770358430454,325.22465716975086,209.80616717031336,
43181,2130.4343,2146.8119,2122.1365,2137.787,2130.4343,2146.8119,2122.1365,2137.787,24.67540000000008,26.172241489459356,2179.7413,2086.6601,1,,2083.901826144749,1500,53374.321697508705,3206680.4999999995,0.0,7808.25,3260054.8216975085,0.002400878847240717,-0.03028511188285632,326.00548216975085,210.31829109298883,
43182,2080.185,2092.0811,2000.7996,2020.3138,2080.185,2092.0811,2000.7996,2020.3138,136.98739999999975,36.726066109510825,2179.7413,2102.343,0,2080.185,,0,3171467.6274475087,0.0,2184.19425,-88587.19424999971,3171467.6274475087,-0.027173529003378105,-0.05663568752011505,317.1467627447509,198.7611234831077,SELL
43185,1988.8707,2045.8471,1960.2389,2045.8431,1988.8707,2045.8471,1960.2389,2045.8431,85.6081999999999,41.381507432414544,2179.7413,2000.7996,0,,,0,3171467.6274475087,0.0,0.0,0.0,3171467.6274475087,0.0,-0.05663568752011505,317.1467627447509,201.2727295265537,
43186,2060.9236,2101.6416,2060.9236,2099.6312,2060.9236,2101.6416,2060.9236,2099.6312,55.798499999999876,42.75455434361315,2179.7413,1960.2389,0,,,0,3171467.6274475087,0.0,0.0,0.0,3171467.6274475087,0.0,-0.05663568752011505,317.1467627447509,206.56447340615384,
43187,2078.5706,2104.2749,2078.5706,2093.5014,2078.5706,2104.2749,2078.5706,2093.5014,25.704299999999876,41.13072059660236,2179.7413,1960.2389,0,,,0,3171467.6274475087,0.0,0.0,0.0,3171467.6274475087,0.0,-0.05663568752011505,317.1467627447509,205.9614156362536,
43188,2098.3032,2113.7373,2095.5383,2113.5676,2098.3032,2113.7373,2095.5383,2113.5676,20.235899999999674,39.1407376826402,2179.7413,1960.2389,0,,,0,3171467.6274475087,0.0,0.0,0.0,3171467.6274475087,0.0,-0.05663568752011505,317.1467627447509,207.93555473090152,
43189,2117.687,2145.2594,2117.687,2145.2594,2117.687,2145.2594,2117.687,2145.2594,31.691800000000057,38.43131504619828,2179.7413,1960.2389,0,,,0,3171467.6274475087,0.0,0.0,0.0,3171467.6274475087,0.0,-0.05663568752011505,317.1467627447509,211.05343561316937,
43192,2150.4043,2164.6372,2149.5706,2153.0987,2150.4043,2164.6372,2149.5706,2153.0987,19.377800000000207,36.616694565607986,2179.7413,1960.2389,0,,,0,3171467.6274475087,0.0,0.0,0.0,3171467.6274475087,0.0,-0.05663568752011505,317.1467627447509,211.82467623693842,
43193,2124.7261,2133.9745,2122.1969,2133.5803,2124.7261,2133.9745,2122.1969,2133.5803,30.901800000000094,36.072418892692944,2179.7413,1960.2389,0,,,0,3171467.6274475087,0.0,0.0,0.0,3171467.6274475087,0.0,-0.05663568752011505,317.1467627447509,209.904430425326,
43194,2141.4687,2150.2268,2127.2925,2129.4182,2141.4687,2150.2268,2127.2925,2129.4182,22.934299999999894,34.821169474341225,2179.7413,1960.2389,0,,,0,3171467.6274475087,0.0,0.0,0.0,3171467.6274475087,0.0,-0.05663568752011505,317.1467627447509,209.4949575642046,
43199,2119.7855,2139.3645,2104.279,2136.3576,2119.7855,2139.3645,2104.279,2136.3576,35.08550000000014,34.84634381011826,2179.7413,1960.2389,0,,,0,3171467.6274475087,0.0,0.0,0.0,3171467.6274475087,0.0,-0.05663568752011505,317.1467627447509,210.1776648447759,
43200,2134.7442,2137.2083,2112.6669,2136.5448,2134.7442,2137.2083,2112.6669,2136.5448,24.541399999999612,33.86492059010696,2179.7413,1960.2389,0,,,0,3171467.6274475087,0.0,0.0,0.0,3171467.6274475087,0.0,-0.05663568752011505,317.1467627447509,210.19608182649233,
43201,2140.2719,2158.8427,2140.2719,2155.5378,2140.2719,2158.8427,2140.2719,2155.5378,22.297900000000027,32.763299581525345,2179.7413,1960.2389,0,,,0,3171467.6274475087,0.0,0.0,0.0,3171467.6274475087,0.0,-0.05663568752011505,317.1467627447509,212.06463809647116,
43202,2151.6668,2158.0373,2141.0186,2146.0345,2151.6668,2158.0373,2141.0186,2146.0345,17.01870000000008,31.263813907094367,2179.7413,2060.9236,0,,,0,3171467.6274475087,0.0,0.0,0.0,3171467.6274475087,0.0,-0.05663568752011505,317.1467627447509,211.1296909685562,
43203,2150.6026,2154.5001,2134.9935,2137.1713,2150.6026,2154.5001,2134.9935,2137.1713,19.506600000000162,30.14407924927587,2164.6372,2078.5706,0,,,0,3171467.6274475087,0.0,0.0,0.0,3171467.6274475087,0.0,-0.05663568752011505,317.1467627447509,210.25771771882856,
43206,2131.5994,2135.0391,2108.1543,2121.9771,2131.5994,2135.0391,2108.1543,2121.9771,29.016999999999825,30.036738368392438,2164.6372,2095.5383,0,,,0,3171467.6274475087,0.0,0.0,0.0,3171467.6274475087,0.0,-0.05663568752011505,317.1467627447509,208.76289237910805,
43207,2124.2414,2127.4013,2072.8078,2072.8078,2124.2414,2127.4013,2072.8078,2072.8078,54.59349999999995,32.375477571402676,2164.6372,2104.279,0,,,0,3171467.6274475087,0.0,0.0,0.0,3171467.6274475087,0.0,-0.05663568752011505,317.1467627447509,203.9255521060881,
43208,2079.5527,2094.7952,2041.9327,2092.3126,2079.5527,2094.7952,2041.9327,2092.3126,52.862499999999955,34.32662256460242,2164.6372,2072.8078,0,,,0,3171467.6274475087,0.0,0.0,0.0,3171467.6274475087,0.0,-0.05663568752011505,317.1467627447509,205.84445993184931,
43209,2087.5679,2105.3081,2087.5679,2095.8156,2087.5679,2105.3081,2087.5679,2095.8156,17.740200000000186,32.746963272735535,2164.6372,2041.9327,0,,,0,3171467.6274475087,0.0,0.0,0.0,3171467.6274475087,0.0,-0.05663568752011505,317.1467627447509,206.1890896698441,
43210,2086.3259,2088.5594,2047.5281,2047.5281,2086.3259,2088.5594,2047.5281,2047.5281,48.28749999999991,34.22701438961786,2164.6372,2041.9327,0,,,0,3171467.6274475087,0.0,0.0,0.0,3171467.6274475087,0.0,-0.05663568752011505,317.1467627447509,201.43850203826403,
43213,2043.7659,2053.7646,2014.361,2032.8761,2043.7659,2053.7646,2014.361,2032.8761,39.40359999999987,34.72002254298757,2164.6372,2041.9327,0,,,0,3171467.6274475087,0.0,0.0,0.0,3171467.6274475087,0.0,-0.05663568752011505,317.1467627447509,199.9970190462286,
43214,2031.8819,2080.1912,2031.8819,2080.1912,2031.8819,2080.1912,2031.8819,2080.1912,48.30930000000012,36.014239443655434,2164.6372,2014.361,0,,,0,3171467.6274475087,0.0,0.0,0.0,3171467.6274475087,0.0,-0.05663568752011505,317.1467627447509,204.6519406894484,
43215,2072.4328,2092.0637,2072.4328,2091.5789,2072.4328,2092.0637,2072.4328,2091.5789,19.63090000000011,34.453921401402546,2164.6372,2014.361,0,,,0,3171467.6274475087,0.0,0.0,0.0,3171467.6274475087,0.0,-0.05663568752011505,317.1467627447509,205.77227756280365,
43216,2086.5117,2086.5117,2049.9765,2049.9765,2086.5117,2086.5117,2049.9765,2049.9765,41.60239999999976,35.13472888698323,2164.6372,2014.361,0,,,0,3171467.6274475087,0.0,0.0,0.0,3171467.6274475087,0.0,-0.05663568752011505,317.1467627447509,201.67937884400385,
43217,2052.9411,2057.8768,2043.7659,2051.6167,2052.9411,2057.8768,2043.7659,2051.6167,14.110899999999901,33.132459469175295,2164.6372,2014.361,0,,,0,3171467.6274475087,0.0,0.0,0.0,3171467.6274475087,0.0,-0.05663568752011505,317.1467627447509,201.84074387291022,
43222,2048.2939,2056.7648,2029.0681,2040.4381,2048.2939,2056.7648,2029.0681,2040.4381,27.696699999999964,32.614768091158595,2164.6372,2014.361,0,,,0,3171467.6274475087,0.0,0.0,0.0,3171467.6274475087,0.0,-0.05663568752011505,317.1467627447509,200.740978532017,
43223,2035.9913,2061.0534,2014.4731,2061.0534,2035.9913,2061.0534,2014.4731,2061.0534,46.58029999999985,33.94481874914348,2164.6372,2014.361,0,,,0,3171467.6274475087,0.0,0.0,0.0,3171467.6274475087,0.0,-0.05663568752011505,317.1467627447509,202.76913880540684,
43224,2056.8148,2070.6585,2056.8148,2061.5184,2056.8148,2070.6585,2056.8148,2061.5184,13.843699999999899,32.030426487320284,2164.6372,2014.361,0,,,0,3171467.6274475087,0.0,0.0,0.0,3171467.6274475087,0.0,-0.05663568752011505,317.1467627447509,202.81488611576015,
43227,2062.3796,2102.4074,2062.3796,2102.4074,2062.3796,2102.4074,2062.3796,2102.4074,40.889000000000124,32.874100155194554,2158.8427,2014.361,0,,,0,3171467.6274475087,0.0,0.0,0.0,3171467.6274475087,0.0,-0.05663568752011505,317.1467627447509,206.8375996061599,
43228,2104.1721,2118.9199,2104.1721,2118.9199,2104.1721,2118.9199,2104.1721,2118.9199,16.512499999999818,31.315852521366487,2158.8427,2014.361,0,,,0,3171467.6274475087,0.0,0.0,0.0,3171467.6274475087,0.0,-0.05663568752011505,317.1467627447509,208.46212103026485,
43229,2115.9603,2122.968,2111.1859,2121.3569,2115.9603,2122.968,2111.1859,2121.3569,11.7820999999999,29.45549513837919,2158.8427,2014.361,0,,,0,3171467.6274475087,0.0,0.0,0.0,3171467.6274475087,0.0,-0.05663568752011505,317.1467627447509,208.70187628904117,
43230,2122.4476,2137.0189,2122.4476,2137.0189,2122.4476,2137.0189,2122.4476,2137.0189,15.661999999999807,28.14182893472401,2158.8427,2014.4731,0,,,0,3171467.6274475087,0.0,0.0,0.0,3171467.6274475087,0.0,-0.05663568752011505,317.1467627447509,210.2427244067902,
43231,2136.6851,2136.6851,2110.165,2110.165,2136.6851,2136.6851,2110.165,2110.165,26.853900000000067,28.019169036178873,2158.8427,2014.4731,0,,,0,3171467.6274475087,0.0,0.0,0.0,3171467.6274475087,0.0,-0.05663568752011505,317.1467627447509,207.6008024766905,
43234,2103.3034,2107.5118,2089.1271,2093.487,2103.3034,2107.5118,2089.1271,2093.487,21.03789999999981,27.354286270828485,2158.0373,2014.4731,0,,,0,3171467.6274475087,0.0,0.0,0.0,3171467.6274475087,0.0,-0.05663568752011505,317.1467627447509,205.9599989453523,
43235,2092.325,2118.7231,2088.7138,2118.7231,2092.325,2118.7231,2088.7138,2118.7231,30.009300000000167,27.607144721225787,2154.5001,2014.4731,0,,,0,3171467.6274475087,0.0,0.0,0.0,3171467.6274475087,0.0,-0.05663568752011505,317.1467627447509,208.4427595879476,
43236,2112.4907,2123.5113,2109.3082,2109.6924,2112.4907,2123.5113,2109.3082,2109.6924,14.203100000000177,26.330569033490015,2137.0189,2014.4731,0,,,0,3171467.6274475087,0.0,0.0,0.0,3171467.6274475087,0.0,-0.05663568752011505,317.1467627447509,207.55430746836154,
43237,2107.123,2111.969,2103.5254,2107.4277,2107.123,2111.969,2103.5254,2107.4277,8.44360000000006,24.62704817315764,2137.0189,2014.4731,0,,,0,3171467.6274475087,0.0,0.0,0.0,3171467.6274475087,0.0,-0.05663568752011505,317.1467627447509,207.33150330974414,
43238,2104.7408,2118.0711,2097.1287,2118.0711,2104.7408,2118.0711,2097.1287,2118.0711,20.942399999999907,24.27612929952357,2137.0189,2056.8148,0,,,0,3171467.6274475087,0.0,0.0,0.0,3171467.6274475087,0.0,-0.05663568752011505,317.1467627447509,208.37861497214035,
43241,2124.9432,2149.5593,2124.9432,2148.3589,2124.9432,2149.5593,2124.9432,2148.3589,31.48819999999978,24.9629931757594,2137.0189,2062.3796,1,2137.0189,2112.7427707004763,1400,179042.80215550878,3007702.4600000004,598.3652920000001,15277.634708000347,3186745.262155509,0.004817212881436994,-0.052091300802149076,318.6745262155509,211.3583684915351,BUY
43242,2145.4972,2159.375,2142.2073,2159.375,2145.4972,2159.375,2142.2073,2159.375,17.167699999999968,24.22058430187755,2149.5593,2088.7138,1,,2112.7427707004763,1400,179042.80215550878,3023125.0,0.0,15422.539999999572,3202167.8021555087,0.004839589842072112,-0.04750381149029925,320.21678021555084,212.44214686913278,
43243,2152.3679,2156.1486,2138.1346,2138.1346,2152.3679,2156.1486,2138.1346,2138.1346,21.240400000000136,23.936757225508273,2159.375,2088.7138,1,,2112.7427707004763,1400,179042.80215550878,2993388.44,0.0,-29736.560000000056,3172431.2421555086,-0.009286384048950547,-0.056349056901962014,317.24312421555084,210.3524884372443,
43244,2134.6786,2144.9712,2134.6786,2139.1343,2134.6786,2144.9712,2134.6786,2139.1343,10.292599999999766,22.637313680221748,2159.375,2088.7138,1,,2112.7427707004763,1400,179042.80215550878,2994788.02,0.0,1399.5800000000745,3173830.8221555087,0.0004411695299813001,-0.055932746858928906,317.38308221555087,210.45084023543828,
43245,2136.6452,2138.2671,2121.0624,2123.5955,2136.6452,2138.2671,2121.0624,2123.5955,18.07190000000037,22.202512377343524,2159.375,2088.7138,1,,2112.7427707004763,1400,179042.80215550878,2973033.6999999997,0.0,-21754.320000000298,3152076.5021555084,-0.0068542783843865696,-0.06240364662554099,315.2076502155508,208.92211269540005,
43248,2121.1147,2121.6343,2102.4154,2106.408,2121.1147,2121.6343,2102.4154,2106.408,21.18010000000004,22.10513976997748,2159.375,2088.7138,0,2112.7427707004763,,0,3134812.193220889,0.0,2070.487915286467,-17264.308934619185,3134812.193220889,-0.005477122437483106,-0.06753897664991049,313.4812193220889,207.2311838852984,SELL
43249,2099.8199,2113.8516,2086.1307,2086.3639,2099.8199,2113.8516,2086.1307,2086.3639,27.7208999999998,22.639974077598655,2159.375,2088.7138,0,,,0,3134812.193220889,0.0,0.0,0.0,3134812.193220889,0.0,-0.06753897664991049,313.4812193220889,205.2592190176586,
43250,2055.3606,2055.3606,2002.9989,2003.4203,2055.3606,2055.3606,2002.9989,2003.4203,83.36499999999978,28.423309879732095,2159.375,2086.1307,0,,,0,3134812.193220889,0.0,0.0,0.0,3134812.193220889,0.0,-0.06753897664991049,313.4812193220889,197.0991187789069,
43251,2016.3105,2041.5568,2012.053,2041.5568,2016.3105,2041.5568,2012.053,2041.5568,38.13650000000007,29.3483756054719,2159.375,2002.9989,0,,,0,3134812.193220889,0.0,0.0,0.0,3134812.193220889,0.0,-0.06753897664991049,313.4812193220889,200.8510377064089,
43252,2033.377,2047.7842,2009.7243,2021.7347,2033.377,2047.7842,2009.7243,2021.7347,38.05989999999997,30.178044595426954,2159.375,2002.9989,0,,,0,3134812.193220889,0.0,0.0,0.0,3134812.193220889,0.0,-0.06753897664991049,313.4812193220889,198.90091349016365,
43255,2023.9946,2025.8581,2010.0094,2016.9925,2023.9946,2025.8581,2010.0094,2016.9925,15.848700000000008,28.813345110148195,2159.375,2002.9989,0,,,0,3134812.193220889,0.0,0.0,0.0,3134812.193220889,0.0,-0.06753897664991049,313.4812193220889,198.4343696296101,
43256,2016.3756,2049.4635,2016.3756,2049.4635,2016.3756,2049.4635,2016.3756,2049.4635,33.08789999999976,29.220445575848345,2159.375,2002.9989,0,,,0,3134812.193220889,0.0,0.0,0.0,3134812.193220889,0.0,-0.06753897664991049,313.4812193220889,201.6289092306463,
43257,2048.2077,2056.9908,2047.1176,2056.9908,2048.2077,2056.9908,2047.1176,2056.9908,9.873199999999997,27.377850759100884,2159.375,2002.9989,0,,,0,3134812.193220889,0.0,0.0,0.0,3134812.193220889,0.0,-0.06753897664991049,313.4812193220889,202.36945488488794,
43258,2058.6291,2058.6291,2037.6699,2038.1016,2058.6291,2058.6291,2037.6699,2038.1016,20.95920000000001,26.766550686805566,2159.375,2002.9989,0,,,0,3134812.193220889,0.0,0.0,0.0,3134812.193220889,0.0,-0.06753897664991049,313.4812193220889,200.51111059515577,
43259,2033.7683,2033.7683,2002.1303,2017.4704,2033.7683,2033.7683,2002.1303,2017.4704,35.97129999999993,27.64319347853836,2159.375,2002.9989,0,,,0,3134812.193220889,0.0,0.0,0.0,3134812.193220889,0.0,-0.06753897664991049,313.4812193220889,198.48138605889577,
43262,2010.4439,2014.0281,1995.046,1999.6659,2010.4439,2014.0281,1995.046,1999.6659,22.424399999999878,27.14616552820136,2159.375,2002.1303,0,,,0,3134812.193220889,0.0,0.0,0.0,3134812.193220889,0.0,-0.06753897664991049,313.4812193220889,196.7297559789275,
43263,1997.0385,2010.2768,1971.301,2010.2768,1997.0385,2010.2768,1971.301,2010.2768,38.97580000000016,28.27279738265839,2159.375,1995.046,0,,,0,3134812.193220889,0.0,0.0,0.0,3134812.193220889,0.0,-0.06753897664991049,313.4812193220889,197.77367024866467,
43264,2004.7357,2004.7357,1972.3926,1972.3971,2004.7357,2004.7357,1972.3926,1972.3971,37.88420000000019,29.188169060500467,2159.375,1971.301,0,,,0,3134812.193220889,0.0,0.0,0.0,3134812.193220889,0.0,-0.06753897664991049,313.4812193220889,194.04701564223515,
43265,1963.4546,1984.3766,1961.5942,1966.8809,1963.4546,1984.3766,1961.5942,1966.8809,22.782400000000052,28.578095816643284,2159.375,1971.301,0,,,0,3134812.193220889,0.0,0.0,0.0,3134812.193220889,0.0,-0.06753897664991049,313.4812193220889,193.50432464573873,
43266,1964.0664,1968.1808,1906.1017,1910.9345,1964.0664,1968.1808,1906.1017,1910.9345,62.07910000000015,31.768667643629655,2159.375,1961.5942,0,,,0,3134812.193220889,0.0,0.0,0.0,3134812.193220889,0.0,-0.06753897664991049,313.4812193220889,188.00024437918046,
43270,1877.6457,1877.6457,1756.6095,1771.6842,1877.6457,1877.6457,1756.6095,1771.6842,154.32500000000005,43.44069929661731,2159.375,1906.1017,0,,,0,3134812.193220889,0.0,0.0,0.0,3134812.193220889,0.0,-0.06753897664991049,313.4812193220889,174.30061708694507,
43271,1755.6963,1805.1491,1752.795,1797.3388,1755.6963,1805.1491,1752.795,1797.3388,52.35410000000002,44.289594601701374,2159.375,1756.6095,0,,,0,3134812.193220889,0.0,0.0,0.0,3134812.193220889,0.0,-0.06753897664991049,313.4812193220889,176.82455030885828,
43272,1793.0186,1802.91,1746.8432,1746.8432,1793.0186,1802.91,1746.8432,1746.8432,56.06680000000006,45.411233211063156,2156.1486,1752.795,0,,,0,3134812.193220889,0.0,0.0,0.0,3134812.193220889,0.0,-0.06753897664991049,313.4812193220889,171.85672690095325,
43273,1732.1751,1774.4624,1732.1751,1773.1569,1732.1751,1774.4624,1732.1751,1773.1569,42.28729999999996,45.11371576239047,2144.9712,1746.8432,0,,,0,3134812.193220889,0.0,0.0,0.0,3134812.193220889,0.0,-0.06753897664991049,313.4812193220889,174.44550324599302,
43276,1786.5707,1794.1665,1774.681,1774.8261,1786.5707,1794.1665,1774.681,1774.8261,21.00960000000009,42.81808568978186,2138.2671,1732.1751,0,,,0,3134812.193220889,0.0,0.0,0.0,3134812.193220889,0.0,-0.06753897664991049,313.4812193220889,174.60972133296445,
43277,1752.5632,1797.7564,1752.5632,1797.7564,1752.5632,1797.7564,1752.5632,1797.7564,45.19319999999993,43.04428705265977,2121.6343,1732.1751,0,,,0,3134812.193220889,0.0,0.0,0.0,3134812.193220889,0.0,-0.06753897664991049,313.4812193220889,176.8656343449949,
43278,1797.4145,1809.9423,1787.8883,1792.0036,1797.4145,1809.9423,1787.8883,1792.0036,22.05399999999986,41.04521209526359,2113.8516,1732.1751,0,,,0,3134812.193220889,0.0,0.0,0.0,3134812.193220889,0.0,-0.06753897664991049,313.4812193220889,176.29966632994024,
43279,1788.7418,1802.271,1771.9353,1772.0106,1788.7418,1802.271,1771.9353,1772.0106,30.33569999999986,40.025258562381325,2058.6291,1732.1751,0,,,0,3134812.193220889,0.0,0.0,0.0,3134812.193220889,0.0,-0.06753897664991049,313.4812193220889,174.33272874737372,
43280,1770.0546,1822.8095,1769.5102,1822.8095,1770.0546,1822.8095,1769.5102,1822.8095,53.29930000000013,41.289452985011685,2058.6291,1732.1751,0,,,0,3134812.193220889,0.0,0.0,0.0,3134812.193220889,0.0,-0.06753897664991049,313.4812193220889,179.33039120738664,
43283,1820.5185,1827.7553,1793.0211,1802.5032,1820.5185,1827.7553,1793.0211,1802.5032,34.7342000000001,40.66514317691534,2058.6291,1732.1751,0,,,0,3134812.193220889,0.0,0.0,0.0,3134812.193220889,0.0,-0.06753897664991049,313.4812193220889,177.33263075958638,
43284,1802.0584,1834.2705,1787.2346,1834.2705,1802.0584,1834.2705,1787.2346,1834.2705,47.03590000000008,41.27188192197103,2058.6291,1732.1751,0,,,0,3134812.193220889,0.0,0.0,0.0,3134812.193220889,0.0,-0.06753897664991049,313.4812193220889,180.45793943095464,
43285,1825.6344,1825.6344,1785.4481,1794.8928,1825.6344,1825.6344,1785.4481,1794.8928,48.822400000000016,41.99097888178332,2058.6291,1732.1751,0,,,0,3134812.193220889,0.0,0.0,0.0,3134812.193220889,0.0,-0.06753897664991049,313.4812193220889,176.5839096182687,
43286,1787.3371,1791.6501,1740.8687,1740.8687,1787.3371,1791.6501,1740.8687,1740.8687,54.02410000000009,43.13699041685158,2058.6291,1732.1751,0,,,0,3134812.193220889,0.0,0.0,0.0,3134812.193220889,0.0,-0.06753897664991049,313.4812193220889,171.26894774889783,
43287,1739.3434,1765.7135,1711.6848,1746.113,1739.3434,1765.7135,1711.6848,1746.113,54.02870000000007,44.17429609143716,2058.6291,1732.1751,0,,,0,3134812.193220889,0.0,0.0,0.0,3134812.193220889,0.0,-0.06753897664991049,313.4812193220889,171.78488886650166,
43290,1745.8963,1786.1221,1745.8963,1786.1221,1745.8963,1786.1221,1745.8963,1786.1221,40.225799999999936,43.79824884463361,2033.7683,1711.6848,0,,,0,3134812.193220889,0.0,0.0,0.0,3134812.193220889,0.0,-0.06753897664991049,313.4812193220889,175.72103663995549,
43291,1787.9249,1806.4265,1785.3383,1806.4265,1787.9249,1806.4265,1785.3383,1806.4265,21.088200000000143,41.63538704990662,2014.0281,1711.6848,0,,,0,3134812.193220889,0.0,0.0,0.0,3134812.193220889,0.0,-0.06753897664991049,313.4812193220889,177.71861016326181,
43292,1782.2767,1782.2767,1742.6593,1764.8144,1782.2767,1782.2767,1742.6593,1764.8144,63.7672,43.743178759439324,2010.2768,1711.6848,0,,,0,3134812.193220889,0.0,0.0,0.0,3134812.193220889,0.0,-0.06753897664991049,313.4812193220889,173.62475714572986,
43293,1761.4427,1813.3081,1761.4427,1809.3729,1761.4427,1813.3081,1761.4427,1809.3729,51.86539999999991,44.51672363949271,2004.7357,1711.6848,0,,,0,3134812.193220889,0.0,0.0,0.0,3134812.193220889,0.0,-0.06753897664991049,313.4812193220889,178.00848086267032,
43294,1807.6629,1816.2193,1805.4373,1813.5862,1807.6629,1816.2193,1805.4373,1813.5862,10.781999999999925,41.30389281668388,1984.3766,1711.6848,0,,,0,3134812.193220889,0.0,0.0,0.0,3134812.193220889,0.0,-0.06753897664991049,313.4812193220889,178.42299084699619,
43297,1809.3892,1815.4061,1803.0523,1815.4061,1809.3892,1815.4061,1803.0523,1815.4061,12.353799999999865,38.546741119856826,1968.1808,1711.6848,0,,,0,3134812.193220889,0.0,0.0,0.0,3134812.193220889,0.0,-0.06753897664991049,313.4812193220889,178.6020349977746,
43298,1813.0553,1822.4762,1801.5772,1822.4762,1813.0553,1822.4762,1801.5772,1822.4762,20.899000000000115,36.86600387034666,1877.6457,1711.6848,0,,,0,3134812.193220889,0.0,0.0,0.0,3134812.193220889,0.0,-0.06753897664991049,313.4812193220889,179.29760071590113,
43299,1823.5454,1833.3771,1813.9649,1813.9649,1823.5454,1833.3771,1813.9649,1813.9649,19.412199999999984,35.203736835075546,1834.2705,1711.6848,0,,,0,3134812.193220889,0.0,0.0,0.0,3134812.193220889,0.0,-0.06753897664991049,313.4812193220889,178.46024785007316,
43300,1809.9046,1815.7028,1785.3219,1791.5991,1809.9046,1815.7028,1785.3219,1791.5991,30.38090000000011,34.74441904125884,1834.2705,1711.6848,0,,,0,3134812.193220889,0.0,0.0,0.0,3134812.193220889,0.0,-0.06753897664991049,313.4812193220889,176.25987108899847,
43301,1787.4596,1810.1363,1780.8233,1808.7843,1787.4596,1810.1363,1780.8233,1808.7843,29.312999999999874,34.22714103732941,1834.2705,1711.6848,0,,,0,3134812.193220889,0.0,0.0,0.0,3134812.193220889,0.0,-0.06753897664991049,313.4812193220889,177.95057362208118,
43304,1801.0315,1818.3029,1800.4367,1818.3029,1801.0315,1818.3029,1800.4367,1818.3029,17.866199999999935,32.66895617663137,1834.2705,1742.6593,0,,,0,3134812.193220889,0.0,0.0,0.0,3134812.193220889,0.0,-0.06753897664991049,313.4812193220889,178.88702598407872,
43305,1817.681,1847.2455,1815.994,1847.2455,1817.681,1847.2455,1815.994,1847.2455,31.251500000000078,32.53396035028553,1834.2705,1742.6593,1,1834.2705,1801.6015438233687,1700,15928.691250889102,3140317.35,623.65197,21433.848029999994,3156246.041250889,0.00683736272187252,-0.06116340240925755,315.6246041250889,181.73443696178043,BUY
43306,1846.7372,1855.6155,1845.7305,1850.1833,1846.7372,1855.6155,1845.7305,1850.1833,9.885000000000218,30.376916507401216,1847.2455,1742.6593,1,,1801.6015438233687,1700,15928.691250889102,3145311.61,0.0,4994.2599999997765,3161240.301250889,0.0015823417866436262,-0.059677842030059325,316.1240301250889,182.02346158190065,
43307,1848.8916,1854.6912,1842.7703,1846.2873,1848.8916,1854.6912,1842.7703,1846.2873,11.920900000000074,28.61920064955349,1855.6155,1761.4427,1,,1801.6015438233687,1700,15928.691250889102,3138688.41,0.0,-6623.199999999721,3154617.1012508892,-0.0020951270289003565,-0.06164793639909605,315.4617101250889,181.64016798805886,
43308,1843.629,1845.1001,1834.3084,1834.3084,1843.629,1845.1001,1834.3084,1834.3084,11.978900000000067,27.034410111500787,1855.6155,1780.8233,1,,1801.6015438233687,1700,15928.691250889102,3118324.28,0.0,-20364.130000000354,3134252.971250889,-0.006455341281173421,-0.06770531921153322,313.4252971250889,180.46166808270166,
43311,1829.661,1829.661,1795.7981,1803.5016,1829.661,1829.661,1795.7981,1803.5016,38.510299999999916,28.12735200564356,1855.6155,1780.8233,0,1801.6015438233687,,0,3076507.4099134663,0.0,2143.905837149809,-57745.56133742258,3076507.4099134663,-0.018424026990513154,-0.08488194157349183,307.6507409913466,177.43085466207395,SELL
43312,1799.2291,1807.6108,1796.621,1804.5519,1799.2291,1807.6108,1796.621,1804.5519,10.989799999999832,26.495204195582254,1855.6155,1780.8233,0,,,0,3076507.4099134663,0.0,0.0,0.0,3076507.4099134663,0.0,-0.08488194157349183,307.6507409913466,177.53418455468483,
43313,1805.8971,1814.9497,1777.6486,1777.6486,1805.8971,1814.9497,1777.6486,1777.6486,37.301099999999906,27.524337129336317,1855.6155,1780.8233,0,,,0,3076507.4099134663,0.0,0.0,0.0,3076507.4099134663,0.0,-0.08488194157349183,307.6507409913466,174.88740258774334,
43314,1770.1257,1770.1257,1687.8325,1729.5572,1770.1257,1770.1257,1687.8325,1729.5572,89.8161,33.45688597416143,1855.6155,1777.6486,0,,,0,3076507.4099134663,0.0,0.0,0.0,3076507.4099134663,0.0,-0.08488194157349183,307.6507409913466,170.1561075315617,
43315,1725.0174,1733.601,1708.6954,1708.6954,1725.0174,1733.601,1708.6954,1708.6954,24.90560000000005,32.64247778614606,1855.6155,1687.8325,0,,,0,3076507.4099134663,0.0,0.0,0.0,3076507.4099134663,0.0,-0.08488194157349183,307.6507409913466,168.10369626461897,
43318,1701.7911,1709.6428,1672.6471,1676.1254,1701.7911,1709.6428,1672.6471,1676.1254,36.99570000000017,33.057070377941685,1855.6155,1687.8325,0,,,0,3076507.4099134663,0.0,0.0,0.0,3076507.4099134663,0.0,-0.08488194157349183,307.6507409913466,164.89941691363654,
43319,1676.1217,1721.2106,1675.4778,1721.2106,1676.1217,1721.2106,1675.4778,1721.2106,45.732800000000225,34.26428272289964,1855.6155,1672.6471,0,,,0,3076507.4099134663,0.0,0.0,0.0,3076507.4099134663,0.0,-0.08488194157349183,307.6507409913466,169.33495806791697,
43320,1718.6968,1720.5087,1694.4047,1694.4047,1718.6968,1720.5087,1694.4047,1694.4047,26.805900000000065,33.55396055881396,1855.6155,1672.6471,0,,,0,3076507.4099134663,0.0,0.0,0.0,3076507.4099134663,0.0,-0.08488194157349183,307.6507409913466,166.69775844082147,
43321,1687.4326,1738.6105,1687.4326,1732.9577,1687.4326,1738.6105,1687.4326,1732.9577,51.17789999999991,35.23243098178405,1855.6155,1672.6471,0,,,0,3076507.4099134663,0.0,0.0,0.0,3076507.4099134663,0.0,-0.08488194157349183,307.6507409913466,170.49065318501627,
43322,1730.9216,1743.9717,1728.7885,1743.4665,1730.9216,1743.9717,1728.7885,1743.4665,15.183199999999943,33.322980412090324,1855.6155,1672.6471,0,,,0,3076507.4099134663,0.0,0.0,0.0,3076507.4099134663,0.0,-0.08488194157349183,307.6507409913466,171.52452272273823,
43325,1722.956,1747.1366,1717.423,1747.1366,1722.956,1747.1366,1717.423,1747.1366,29.713600000000042,32.97922989665315,1855.6155,1672.6471,0,,,0,3076507.4099134663,0.0,0.0,0.0,3076507.4099134663,0.0,-0.08488194157349183,307.6507409913466,171.8855919780665,
43326,1744.574,1754.2283,1741.9563,1748.0401,1744.574,1754.2283,1741.9563,1748.0401,12.271999999999935,31.00711276363856,1855.6155,1672.6471,0,,,0,3076507.4099134663,0.0,0.0,0.0,3076507.4099134663,0.0,-0.08488194157349183,307.6507409913466,171.97447949398946,
43327,1746.8982,1746.8982,1717.1102,1717.1102,1746.8982,1746.8982,1717.1102,1717.1102,30.92989999999986,30.99975916710154,1855.6155,1672.6471,0,,,0,3076507.4099134663,0.0,0.0,0.0,3076507.4099134663,0.0,-0.08488194157349183,307.6507409913466,168.9315553337822,
43328,1698.0824,1717.8992,1691.244,1700.393,1698.0824,1717.8992,1691.244,1700.393,26.65520000000015,30.5859916273776,1855.6155,1672.6471,0,,,0,3076507.4099134663,0.0,0.0,0.0,3076507.4099134663,0.0,-0.08488194157349183,307.6507409913466,167.28689525499058,
43329,1710.1409,1712.4421,1666.6021,1667.4307,1710.1409,1712.4421,1666.6021,1667.4307,45.83999999999992,32.038754329532104,1855.6155,1672.6471,0,,,0,3076507.4099134663,0.0,0.0,0.0,3076507.4099134663,0.0,-0.08488194157349183,307.6507409913466,164.04402091507998,
43332,1663.5523,1677.4154,1642.8646,1677.4154,1663.5523,1677.4154,1642.8646,1677.4154,34.55079999999998,32.27799677433857,1855.6155,1666.6021,0,,,0,3076507.4099134663,0.0,0.0,0.0,3076507.4099134663,0.0,-0.08488194157349183,307.6507409913466,165.02632880687474,
43333,1675.5867,1696.1144,1673.547,1695.4536,1675.5867,1696.1144,1673.547,1695.4536,22.567399999999907,31.353178033925364,1855.6155,1642.8646,0,,,0,3076507.4099134663,0.0,0.0,0.0,3076507.4099134663,0.0,-0.08488194157349183,307.6507409913466,166.80095059959476,
43334,1691.6361,1691.6361,1675.035,1675.0582,1691.6361,1691.6361,1675.035,1675.0582,20.41859999999997,30.311789649741993,1855.6155,1642.8646,0,,,0,3076507.4099134663,0.0,0.0,0.0,3076507.4099134663,0.0,-0.08488194157349183,307.6507409913466,164.7944243768429,
43335,1672.9879,1693.0069,1672.9879,1687.8379,1672.9879,1693.0069,1672.9879,1687.8379,20.019000000000005,29.331523968814185,1854.6912,1642.8646,0,,,0,3076507.4099134663,0.0,0.0,0.0,3076507.4099134663,0.0,-0.08488194157349183,307.6507409913466,166.05170803732034,
43336,1685.3464,1692.5225,1678.972,1681.8189,1685.3464,1692.5225,1678.972,1681.8189,13.550500000000056,27.8285693051176,1845.1001,1642.8646,0,,,0,3076507.4099134663,0.0,0.0,0.0,3076507.4099134663,0.0,-0.08488194157349183,307.6507409913466,165.4595509168548,
43339,1682.4965,1714.3212,1682.4965,1714.3212,1682.4965,1714.3212,1682.4965,1714.3212,32.502300000000105,28.27368651415403,1829.661,1642.8646,0,,,0,3076507.4099134663,0.0,0.0,0.0,3076507.4099134663,0.0,-0.08488194157349183,307.6507409913466,168.65716985297502,
43340,1714.3755,1719.2529,1711.4642,1717.4373,1714.3755,1719.2529,1711.4642,1717.4373,7.788700000000063,26.322735417567937,1814.9497,1642.8646,0,,,0,3076507.4099134663,0.0,0.0,0.0,3076507.4099134663,0.0,-0.08488194157349183,307.6507409913466,168.96373586112963,
43341,1715.0185,1715.0185,1703.0838,1707.7308,1715.0185,1715.0185,1703.0838,1707.7308,14.35349999999994,25.182808234942414,1814.9497,1642.8646,0,,,0,3076507.4099134663,0.0,0.0,0.0,3076507.4099134663,0.0,-0.08488194157349183,307.6507409913466,168.00879765049683,
43342,1706.3876,1706.3876,1681.2003,1681.2003,1706.3876,1706.3876,1681.2003,1681.2003,26.530500000000075,25.31115983161457,1770.1257,1642.8646,0,,,0,3076507.4099134663,0.0,0.0,0.0,3076507.4099134663,0.0,-0.08488194157349183,307.6507409913466,165.39869223688802,
43343,1677.4095,1678.8009,1661.5908,1662.5401,1677.4095,1678.8009,1661.5908,1662.5401,19.609500000000025,24.768144609556042,1754.2283,1642.8646,0,,,0,3076507.4099134663,0.0,0.0,0.0,3076507.4099134663,0.0,-0.08488194157349183,307.6507409913466,163.56287726773843,
43346,1659.6336,1659.6336,1635.4851,1658.8959,1659.6336,1659.6336,1635.4851,1658.8959,27.054999999999836,24.98594036102688,1754.2283,1642.8646,0,,,0,3076507.4099134663,0.0,0.0,0.0,3076507.4099134663,0.0,-0.08488194157349183,307.6507409913466,163.20435608840623,
43347,1657.1499,1681.1846,1657.1499,1679.7067,1657.1499,1681.1846,1657.1499,1679.7067,24.034700000000157,24.8953460409291,1754.2283,1635.4851,0,,,0,3076507.4099134663,0.0,0.0,0.0,3076507.4099134663,0.0,-0.08488194157349183,307.6507409913466,165.251749908407,
43348,1676.5072,1683.9827,1656.5863,1656.5863,1676.5072,1683.9827,1656.5863,1656.5863,27.396400000000085,25.133541656078716,1754.2283,1635.4851,0,,,0,3076507.4099134663,0.0,0.0,0.0,3076507.4099134663,0.0,-0.08488194157349183,307.6507409913466,162.9771346088536,
43349,1651.8873,1666.8819,1647.0838,1651.4459,1651.8873,1666.8819,1647.0838,1651.4459,19.798099999999977,24.62540435549979,1754.2283,1635.4851,0,,,0,3076507.4099134663,0.0,0.0,0.0,3076507.4099134663,0.0,-0.08488194157349183,307.6507409913466,162.47141530962764,
43350,1651.4659,1669.9151,1646.7622,1654.929,1651.4659,1669.9151,1646.7622,1654.929,23.152900000000045,24.485165845452194,1754.2283,1635.4851,0,,,0,3076507.4099134663,0.0,0.0,0.0,3076507.4099134663,0.0,-0.08488194157349183,307.6507409913466,162.81408725950197,
43353,1653.4416,1653.4416,1622.2075,1622.2262,1653.4416,1653.4416,1622.2075,1622.2262,32.721500000000106,25.269578622075805,1754.2283,1635.4851,0,,,0,3076507.4099134663,0.0,0.0,0.0,3076507.4099134663,0.0,-0.08488194157349183,307.6507409913466,159.5967428702079,
43354,1621.7885,1634.5474,1616.9872,1628.6685,1621.7885,1634.5474,1616.9872,1628.6685,17.560199999999895,24.535352086640003,1754.2283,1622.2075,0,,,0,3076507.4099134663,0.0,0.0,0.0,3076507.4099134663,0.0,-0.08488194157349183,307.6507409913466,160.23054480029185,
43355,1627.8314,1638.8347,1625.2709,1629.7946,1627.8314,1638.8347,1625.2709,1629.7946,13.563800000000128,23.490442364102872,1746.8982,1616.9872,0,,,0,3076507.4099134663,0.0,0.0,0.0,3076507.4099134663,0.0,-0.08488194157349183,307.6507409913466,160.34133199639686,
43356,1638.6223,1644.4721,1623.3661,1644.4721,1638.6223,1644.4721,1623.3661,1644.4721,21.105999999999995,23.263352615140697,1719.2529,1616.9872,0,,,0,3076507.4099134663,0.0,0.0,0.0,3076507.4099134663,0.0,-0.08488194157349183,307.6507409913466,161.78532371190332,
43357,1645.5124,1645.9495,1626.2016,1626.2016,1645.5124,1645.9495,1626.2016,1626.2016,19.747899999999845,22.928547604174902,1719.2529,1616.9872,0,,,0,3076507.4099134663,0.0,0.0,0.0,3076507.4099134663,0.0,-0.08488194157349183,307.6507409913466,159.98784794026918,
43360,1619.5068,1619.5068,1597.3594,1599.1885,1619.5068,1619.5068,1597.3594,1599.1885,28.842200000000048,23.491752594253487,1719.2529,1616.9872,0,,,0,3076507.4099134663,0.0,0.0,0.0,3076507.4099134663,0.0,-0.08488194157349183,307.6507409913466,157.3302637052055,
43361,1594.6983,1625.3538,1594.6983,1625.3538,1594.6983,1625.3538,1594.6983,1625.3538,30.655500000000075,24.17401425194364,1719.2529,1597.3594,0,,,0,3076507.4099134663,0.0,0.0,0.0,3076507.4099134663,0.0,-0.08488194157349183,307.6507409913466,159.9044402634573,
43362,1622.6698,1651.2816,1622.6698,1643.8094,1622.6698,1651.2816,1622.6698,1643.8094,28.61180000000013,24.596660513663306,1719.2529,1594.6983,0,,,0,3076507.4099134663,0.0,0.0,0.0,3076507.4099134663,0.0,-0.08488194157349183,307.6507409913466,161.72012641605141,
43363,1641.6266,1647.7195,1637.3117,1638.632,1641.6266,1647.7195,1637.3117,1638.632,10.407799999999952,23.245340464742988,1719.2529,1594.6983,0,,,0,3076507.4099134663,0.0,0.0,0.0,3076507.4099134663,0.0,-0.08488194157349183,307.6507409913466,161.2107670082597,
43364,1641.3184,1656.8457,1637.1058,1656.8457,1641.3184,1656.8457,1637.1058,1656.8457,19.739900000000034,22.911488991910325,1719.2529,1594.6983,0,,,0,3076507.4099134663,0.0,0.0,0.0,3076507.4099134663,0.0,-0.08488194157349183,307.6507409913466,163.00265472133887,
43368,1650.0958,1655.4067,1648.1325,1652.0741,1650.0958,1655.4067,1648.1325,1652.0741,8.713200000000143,21.559270992680784,1719.2529,1594.6983,0,,,0,3076507.4099134663,0.0,0.0,0.0,3076507.4099134663,0.0,-0.08488194157349183,307.6507409913466,162.53321845019525,
43369,1652.1279,1664.1302,1651.2804,1657.6801,1652.1279,1664.1302,1651.2804,1657.6801,12.84979999999996,20.72979756480642,1719.2529,1594.6983,0,,,0,3076507.4099134663,0.0,0.0,0.0,3076507.4099134663,0.0,-0.08488194157349183,307.6507409913466,163.08474408856205,
43370,1656.9267,1656.9267,1626.2849,1626.2849,1656.9267,1656.9267,1626.2849,1626.2849,31.39519999999993,21.74555017768199,1715.0185,1594.6983,0,,,0,3076507.4099134663,0.0,0.0,0.0,3076507.4099134663,0.0,-0.08488194157349183,307.6507409913466,159.99604310360775,
43371,1626.4474,1641.9765,1626.4474,1641.9765,1626.4474,1641.9765,1626.4474,1641.9765,15.69159999999988,21.16898349409322,1706.3876,1594.6983,0,,,0,3076507.4099134663,0.0,0.0,0.0,3076507.4099134663,0.0,-0.08488194157349183,307.6507409913466,161.53980330820937,
43381,1618.6568,1618.9765,1586.9777,1586.9777,1618.6568,1618.9765,1586.9777,1586.9777,54.998800000000074,24.39087078037006,1683.9827,1594.6983,0,,,0,3076507.4099134663,0.0,0.0,0.0,3076507.4099134663,0.0,-0.08488194157349183,307.6507409913466,156.12894917345923,
43382,1589.476,1603.0497,1585.9027,1594.3771,1589.476,1603.0497,1585.9027,1594.3771,17.146999999999935,23.700978325096717,1683.9827,1586.9777,0,,,0,3076507.4099134663,0.0,0.0,0.0,3076507.4099134663,0.0,-0.08488194157349183,307.6507409913466,156.8569118578209,
43383,1595.6865,1604.2233,1592.2023,1604.0011,1595.6865,1604.2233,1592.2023,1604.0011,12.021000000000186,22.588599436992283,1683.9827,1585.9027,0,,,0,3076507.4099134663,0.0,0.0,0.0,3076507.4099134663,0.0,-0.08488194157349183,307.6507409913466,157.8037336101652,
43384,1556.4341,1556.4341,1475.8113,1483.2619,1556.4341,1556.4341,1475.8113,1483.2619,128.18979999999988,32.645856633469194,1683.9827,1585.9027,0,,,0,3076507.4099134663,0.0,0.0,0.0,3076507.4099134663,0.0,-0.08488194157349183,307.6507409913466,145.9252526333726,
43385,1468.0174,1480.3434,1414.2093,1474.4786,1468.0174,1480.3434,1414.2093,1474.4786,69.05259999999998,36.11316552551975,1669.9151,1475.8113,0,,,0,3076507.4099134663,0.0,0.0,0.0,3076507.4099134663,0.0,-0.08488194157349183,307.6507409913466,145.06114005052075,
43388,1477.7412,1492.6543,1458.8221,1459.2199,1477.7412,1492.6543,1458.8221,1459.2199,33.83219999999983,35.89593071356547,1669.9151,1414.2093,0,,,0,3076507.4099134663,0.0,0.0,0.0,3076507.4099134663,0.0,-0.08488194157349183,307.6507409913466,143.55996911613835,
43389,1458.1508,1470.6957,1423.7635,1431.509,1458.1508,1470.6957,1423.7635,1431.509,46.932199999999966,36.94700397894018,1664.1302,1414.2093,0,,,0,3076507.4099134663,0.0,0.0,0.0,3076507.4099134663,0.0,-0.08488194157349183,307.6507409913466,140.833734401151,
43390,1446.5225,1448.3992,1415.6177,1442.1566,1446.5225,1448.3992,1415.6177,1442.1566,32.78150000000005,36.55028931427921,1664.1302,1414.2093,0,,,0,3076507.4099134663,0.0,0.0,0.0,3076507.4099134663,0.0,-0.08488194157349183,307.6507409913466,141.8812592650601,
43391,1433.7639,1433.7639,1395.2787,1395.9257,1433.7639,1433.7639,1395.2787,1395.9257,46.877899999999954,37.53387128434785,1664.1302,1414.2093,0,,,0,3076507.4099134663,0.0,0.0,0.0,3076507.4099134663,0.0,-0.08488194157349183,307.6507409913466,137.33300264094794,
43392,1373.9609,1424.5472,1373.9609,1423.8359,1373.9609,1424.5472,1373.9609,1423.8359,50.58629999999994,38.77695973345758,1664.1302,1395.2787,0,,,0,3076507.4099134663,0.0,0.0,0.0,3076507.4099134663,0.0,-0.08488194157349183,307.6507409913466,140.07884475153404,
43395,1437.7104,1502.0113,1437.7104,1493.4151,1437.7104,1502.0113,1437.7104,1493.4151,78.17539999999985,42.529192139794944,1664.1302,1373.9609,0,,,0,3076507.4099134663,0.0,0.0,0.0,3076507.4099134663,0.0,-0.08488194157349183,307.6507409913466,146.92413777633834,
43396,1492.1927,1495.5394,1469.4858,1476.0018,1492.1927,1495.5394,1469.4858,1476.0018,26.05359999999996,40.96008812648114,1664.1302,1373.9609,0,,,0,3076507.4099134663,0.0,0.0,0.0,3076507.4099134663,0.0,-0.08488194157349183,307.6507409913466,145.21099446585438,
43397,1470.1181,1488.8856,1469.0078,1477.8508,1470.1181,1488.8856,1469.0078,1477.8508,19.87779999999998,38.95225116205436,1664.1302,1373.9609,0,,,0,3076507.4099134663,0.0,0.0,0.0,3076507.4099134663,0.0,-0.08488194157349183,307.6507409913466,145.3929015128291,
43398,1432.6625,1464.7793,1432.6625,1464.7793,1432.6625,1464.7793,1432.6625,1464.7793,45.18830000000003,39.54616057519205,1664.1302,1373.9609,0,,,0,3076507.4099134663,0.0,0.0,0.0,3076507.4099134663,0.0,-0.08488194157349183,307.6507409913466,144.10691018533856,
43399,1473.0247,1486.7932,1468.2273,1472.2415,1473.0247,1486.7932,1468.2273,1472.2415,22.01390000000015,37.87642147279282,1664.1302,1373.9609,0,,,0,3076507.4099134663,0.0,0.0,0.0,3076507.4099134663,0.0,-0.08488194157349183,307.6507409913466,144.84105121613075,
43402,1468.2999,1468.2999,1448.793,1451.5853,1468.2999,1468.2999,1448.793,1451.5853,23.448500000000195,36.50233371347924,1664.1302,1373.9609,0,,,0,3076507.4099134663,0.0,0.0,0.0,3076507.4099134663,0.0,-0.08488194157349183,307.6507409913466,142.80886714705605,
43403,1448.8595,1473.0217,1433.5134,1470.0456,1448.8595,1473.0217,1433.5134,1470.0456,39.50829999999996,36.7886162169574,1664.1302,1373.9609,0,,,0,3076507.4099134663,0.0,0.0,0.0,3076507.4099134663,0.0,-0.08488194157349183,307.6507409913466,144.62501569181933,
43404,1471.2404,1499.8808,1471.2404,1492.4929,1471.2404,1499.8808,1471.2404,1492.4929,29.835199999999986,36.126386101056696,1664.1302,1373.9609,0,,,0,3076507.4099134663,0.0,0.0,0.0,3076507.4099134663,0.0,-0.08488194157349183,307.6507409913466,146.83341052986992,
43405,1499.1928,1519.7995,1499.1928,1500.024,1499.1928,1519.7995,1499.1928,1500.024,27.306600000000117,35.28640647238464,1656.9267,1373.9609,0,,,0,3076507.4099134663,0.0,0.0,0.0,3076507.4099134663,0.0,-0.08488194157349183,307.6507409913466,147.5743300330994,
43406,1515.4659,1538.7293,1515.3979,1538.7293,1515.4659,1538.7293,1515.3979,1538.7293,38.70530000000008,35.61201537977659,1641.9765,1373.9609,0,,,0,3076507.4099134663,0.0,0.0,0.0,3076507.4099134663,0.0,-0.08488194157349183,307.6507409913466,151.38220825120132,
43409,1538.0886,1558.1374,1532.5586,1553.8359,1538.0886,1558.1374,1532.5586,1553.8359,25.5788,34.65647105789311,1618.9765,1432.6625,0,,,0,3076507.4099134663,0.0,0.0,0.0,3076507.4099134663,0.0,-0.08488194157349183,307.6507409913466,152.86841538793917,
43410,1549.6942,1551.1963,1531.3322,1550.6611,1549.6942,1551.1963,1531.3322,1550.6611,22.50369999999998,33.49906429047471,1604.2233,1432.6625,0,,,0,3076507.4099134663,0.0,0.0,0.0,3076507.4099134663,0.0,-0.08488194157349183,307.6507409913466,152.55607439673562,
43411,1550.31,1564.7493,1548.0862,1548.9683,1550.31,1564.7493,1548.0862,1548.9683,16.663099999999986,31.895639119953312,1604.2233,1432.6625,0,,,0,3076507.4099134663,0.0,0.0,0.0,3076507.4099134663,0.0,-0.08488194157349183,307.6507409913466,152.38953451078712,
43412,1556.2234,1562.5376,1547.2879,1548.7976,1556.2234,1562.5376,1547.2879,1548.7976,15.249700000000075,30.31031158471967,1564.7493,1432.6625,0,,,0,3076507.4099134663,0.0,0.0,0.0,3076507.4099134663,0.0,-0.08488194157349183,307.6507409913466,152.3727408207284,
43413,1544.1741,1554.1932,1544.1741,1547.2104,1544.1741,1554.1932,1544.1741,1547.2104,10.01909999999998,28.377815243317794,1564.7493,1433.5134,0,,,0,3076507.4099134663,0.0,0.0,0.0,3076507.4099134663,0.0,-0.08488194157349183,307.6507409913466,152.21659000138914,
43416,1547.0095,1592.613,1547.0095,1592.613,1547.0095,1592.613,1547.0095,1592.613,45.60350000000017,30.018356648716118,1564.7493,1433.5134,1,1564.7493,1536.371484756682,1900,102889.1351794664,3025964.7,594.604734,52346.42526600044,3128853.8351794668,0.017014886782760197,-0.06931131141650548,312.8853835179467,156.6833573842849,BUY
43417,1577.2588,1630.1191,1577.2588,1621.7103,1577.2588,1630.1191,1577.2588,1621.7103,52.860299999999825,32.19377982502885,1592.613,1433.5134,1,,1536.371484756682,1900,102889.1351794664,3081249.57,0.0,55284.869999999646,3184138.7051794664,0.017669368053694567,-0.05286663043451334,318.41387051794663,159.54598795104386,
43418,1622.5067,1640.3474,1619.2722,1621.9019,1622.5067,1640.3474,1619.2722,1621.9019,21.075199999999995,31.134867460740388,1630.1191,1471.2404,1,,1536.371484756682,1900,102889.1351794664,3081613.6100000003,0.0,364.0400000005029,3184502.745179467,0.00011432919031073574,-0.05275834544325464,318.4502745179467,159.5648378105357,
43419,1625.8563,1657.1455,1625.2855,1657.1455,1625.8563,1657.1455,1625.2855,1657.1455,35.243600000000015,31.526175321622258,1640.3474,1499.1928,1,,1536.371484756682,1900,102889.1351794664,3148576.45,0.0,66962.83999999985,3251465.5851794668,0.021027722491797185,-0.03284001079856469,325.1465585179467,163.03214943885266,
43420,1659.6795,1681.8444,1657.0053,1674.5611,1659.6795,1681.8444,1657.0053,1674.5611,24.839099999999917,30.88931100527727,1657.1455,1515.3979,1,,1536.371484756682,1900,102889.1351794664,3181666.09,0.0,33089.639999999665,3284555.2251794664,0.010176838454273085,-0.022997379829025166,328.45552251794663,164.74551902635554,
43423,1674.2335,1683.0041,1660.3547,1683.0041,1674.2335,1683.0041,1660.3547,1683.0041,22.649400000000014,30.10455757620325,1681.8444,1531.3322,1,,1536.371484756682,1900,102889.1351794664,3197707.79,0.0,16041.700000000186,3300596.9251794666,0.004883979382360293,-0.018225719175598232,330.05969251794664,165.57615244853378,
43424,1669.9143,1674.528,1636.8727,1636.8727,1669.9143,1674.528,1636.8727,1636.8727,46.13140000000021,31.630923521326768,1683.0041,1531.3322,1,,1536.371484756682,1900,102889.1351794664,3110058.13,0.0,-87649.66000000015,3212947.2651794665,-0.026555699464948845,-0.0442974219195873,321.2947265179467,161.0376847650241,
43425,1617.6524,1649.8045,1617.6524,1649.8045,1617.6524,1649.8045,1617.6524,1649.8045,32.15210000000002,31.680559376438506,1683.0041,1544.1741,1,,1536.371484756682,1900,102889.1351794664,3134628.55,0.0,24570.419999999925,3237517.6851794664,0.007647315057512261,-0.03698886320372963,323.75176851794663,162.30993222314612,
43426,1654.1415,1659.7368,1647.8638,1652.9187,1654.1415,1659.7368,1647.8638,1652.9187,11.87299999999982,29.79412515011101,1683.0041,1544.1741,1,,1536.371484756682,1900,102889.1351794664,3140545.53,0.0,5916.979999999981,3243434.6651794664,0.001827628626427824,-0.03522883648255204,324.34346651794664,162.61631130680684,
43427,1650.0129,1650.0129,1575.9301,1577.1721,1650.0129,1650.0129,1575.9301,1577.1721,76.9885999999999,34.28883704057662,1683.0041,1544.1741,1,,1536.371484756682,1900,102889.1351794664,2996626.99,0.0,-143918.53999999957,3099516.125179467,-0.04437226423737328,-0.07803791747874633,309.95161251794667,155.16426137474897,
43430,1572.9223,1585.8198,1565.371,1573.5999,1572.9223,1585.8198,1565.371,1573.5999,20.448799999999892,32.9707382748074,1683.0041,1547.0095,1,,1536.371484756682,1900,102889.1351794664,2989839.81,0.0,-6787.180000000168,3092728.9451794666,-0.0021897546990845562,-0.08005678828132501,309.27289451794667,154.81282364992308,
43431,1582.4151,1591.3393,1575.3343,1586.8327,1582.4151,1591.3393,1575.3343,1586.8327,17.73940000000016,31.520134629587666,1683.0041,1565.371,1,,1536.371484756682,1900,102889.1351794664,3014982.13,0.0,25142.319999999832,3117871.2651794665,0.008129493546205735,-0.07257811587878238,311.78712651794666,156.114683883134,
43432,1586.7647,1603.9027,1565.0407,1603.9027,1586.7647,1603.9027,1565.0407,1603.9027,38.86200000000008,32.21935990296028,1683.0041,1565.371,0,1565.371,,0,3075012.091749467,0.0,2081.9434300000003,-42859.1734299995,3075012.091749467,-0.01374629347550449,-0.08532672927351803,307.50120917494667,157.79405288900662,SELL
43433,1608.3909,1610.4072,1561.8337,1561.8337,1608.3909,1610.4072,1561.8337,1561.8337,48.573500000000195,33.776897055059315,1683.0041,1565.0407,0,,,0,3075012.091749467,0.0,0.0,0.0,3075012.091749467,0.0,-0.08532672927351803,307.50120917494667,153.6552494497533,
43434,1555.9402,1572.6753,1536.875,1570.6489,1555.9402,1572.6753,1536.875,1570.6489,35.80030000000011,33.96960209743463,1683.0041,1561.8337,0,,,0,3075012.091749467,0.0,0.0,0.0,3075012.091749467,0.0,-0.08532672927351803,307.50120917494667,154.5225003964767,
43437,1601.9792,1625.5828,1599.9957,1619.756,1601.9792,1625.5828,1599.9957,1619.756,54.933899999999994,35.96620189767895,1683.0041,1536.875,0,,,0,3075012.091749467,0.0,0.0,0.0,3075012.091749467,0.0,-0.08532672927351803,307.50120917494667,159.3537213518537,
43438,1617.5861,1635.432,1617.5861,1635.432,1617.5861,1635.432,1617.5861,1635.432,17.84590000000003,34.24045885980477,1683.0041,1536.875,0,,,0,3075012.091749467,0.0,0.0,0.0,3075012.091749467,0.0,-0.08532672927351803,307.50120917494667,160.89594680797896,
43439,1603.2143,1629.2641,1601.1145,1620.4208,1603.2143,1629.2641,1601.1145,1620.4208,34.31750000000011,34.247796111251944,1683.0041,1536.875,0,,,0,3075012.091749467,0.0,0.0,0.0,3075012.091749467,0.0,-0.08532672927351803,307.50120917494667,159.419125248462,
43440,1615.3355,1615.529,1592.113,1592.113,1615.3355,1615.529,1592.113,1592.113,28.307800000000043,33.682082195894615,1683.0041,1536.875,0,,,0,3075012.091749467,0.0,0.0,0.0,3075012.091749467,0.0,-0.08532672927351803,307.50120917494667,156.63416672799102,
43441,1594.1871,1597.8249,1585.7296,1593.4439,1594.1871,1597.8249,1585.7296,1593.4439,12.09530000000018,31.626198177238003,1683.0041,1536.875,0,,,0,3075012.091749467,0.0,0.0,0.0,3075012.091749467,0.0,-0.08532672927351803,307.50120917494667,156.765102416914,
43444,1583.4469,1583.6172,1567.8451,1573.2503,1583.4469,1583.6172,1567.8451,1573.2503,25.598799999999983,31.052160255596288,1683.0041,1536.875,0,,,0,3075012.091749467,0.0,0.0,0.0,3075012.091749467,0.0,-0.08532672927351803,307.50120917494667,154.7784295430424,
43445,1575.6207,1588.9285,1575.6207,1588.9285,1575.6207,1588.9285,1575.6207,1588.9285,15.67820000000006,29.587973564587124,1683.0041,1536.875,0,,,0,3075012.091749467,0.0,0.0,0.0,3075012.091749467,0.0,-0.08532672927351803,307.50120917494667,156.32087143805538,
43446,1591.8691,1595.0568,1587.125,1588.9865,1591.8691,1595.0568,1587.125,1588.9865,7.931800000000067,27.52548084415026,1683.0041,1536.875,0,,,0,3075012.091749467,0.0,0.0,0.0,3075012.091749467,0.0,-0.08532672927351803,307.50120917494667,156.32657755418546,
43447,1590.9172,1608.5488,1584.2969,1602.1188,1590.9172,1608.5488,1584.2969,1602.1188,24.251899999999978,27.213711239945468,1683.0041,1536.875,0,,,0,3075012.091749467,0.0,0.0,0.0,3075012.091749467,0.0,-0.08532672927351803,307.50120917494667,157.61855046548135,
43448,1599.4331,1599.4331,1558.746,1560.0499,1599.4331,1599.4331,1558.746,1560.0499,43.37279999999987,28.752672074236365,1683.0041,1536.875,0,,,0,3075012.091749467,0.0,0.0,0.0,3075012.091749467,0.0,-0.08532672927351803,307.50120917494667,153.4797568643593,
43451,1553.0218,1563.2634,1540.6962,1563.2634,1553.0218,1563.2634,1540.6962,1563.2634,22.567199999999957,28.163579495737658,1683.0041,1558.746,0,,,0,3075012.091749467,0.0,0.0,0.0,3075012.091749467,0.0,-0.08532672927351803,307.50120917494667,153.79590521236,
43452,1555.8685,1564.4358,1539.0251,1552.616,1555.8685,1564.4358,1539.0251,1552.616,25.410699999999906,27.901400496143584,1674.528,1540.6962,0,,,0,3075012.091749467,0.0,0.0,0.0,3075012.091749467,0.0,-0.08532672927351803,307.50120917494667,152.74840002471336,
43453,1552.5805,1552.5805,1532.3236,1533.132,1552.5805,1552.5805,1532.3236,1533.132,20.292400000000043,27.176733782225153,1659.7368,1539.0251,0,,,0,3075012.091749467,0.0,0.0,0.0,3075012.091749467,0.0,-0.08532672927351803,307.50120917494667,150.83153853025402,
43454,1528.934,1543.3916,1528.934,1543.2735,1528.934,1543.3916,1528.934,1543.2735,14.457599999999957,25.965387707727515,1659.7368,1532.3236,0,,,0,3075012.091749467,0.0,0.0,0.0,3075012.091749467,0.0,-0.08532672927351803,307.50120917494667,151.8292726118625,
43455,1538.2557,1540.712,1521.5319,1532.3191,1538.2557,1540.712,1521.5319,1532.3191,21.741600000000062,25.563122211753473,1650.0129,1528.934,0,,,0,3075012.091749467,0.0,0.0,0.0,3075012.091749467,0.0,-0.08532672927351803,307.50120917494667,150.75156436125147,
43458,1530.8862,1548.2824,1530.8862,1548.2824,1530.8862,1548.2824,1530.8862,1548.2824,17.396200000000135,24.785320096348396,1635.432,1521.5319,0,,,0,3075012.091749467,0.0,0.0,0.0,3075012.091749467,0.0,-0.08532672927351803,307.50120917494667,152.32205476848318,
43459,1534.0938,1534.1525,1491.6685,1532.3683,1534.0938,1534.1525,1491.6685,1532.3683,56.61390000000006,27.816613420505696,1635.432,1521.5319,0,,,0,3075012.091749467,0.0,0.0,0.0,3075012.091749467,0.0,-0.08532672927351803,307.50120917494667,150.7564047218308,
43460,1531.4449,1539.4392,1531.3178,1532.1098,1531.4449,1539.4392,1531.3178,1532.1098,8.121399999999994,25.940878809028966,1635.432,1491.6685,0,,,0,3075012.091749467,0.0,0.0,0.0,3075012.091749467,0.0,-0.08532672927351803,307.50120917494667,150.73097315252684,
43461,1550.5423,1550.5423,1504.9658,1504.9658,1550.5423,1550.5423,1504.9658,1504.9658,45.576500000000124,27.810937970073837,1635.432,1491.6685,0,,,0,3075012.091749467,0.0,0.0,0.0,3075012.091749467,0.0,-0.08532672927351803,307.50120917494667,148.06051080364543,
43462,1506.0597,1514.4884,1499.0527,1505.3141,1506.0597,1514.4884,1499.0527,1505.3141,15.435699999999997,26.632343877685855,1635.432,1491.6685,0,,,0,3075012.091749467,0.0,0.0,0.0,3075012.091749467,0.0,-0.08532672927351803,307.50120917494667,148.09477701481975,
43467,1509.799,1511.001,1503.4219,1506.3926,1509.799,1511.001,1503.4219,1506.3926,7.579099999999926,24.817749222668148,1635.432,1491.6685,0,,,0,3075012.091749467,0.0,0.0,0.0,3075012.091749467,0.0,-0.08532672927351803,307.50120917494667,148.2008812604456,
43468,1505.6624,1515.3423,1497.079,1497.079,1505.6624,1515.3423,1497.079,1497.079,18.263300000000072,24.193515963366426,1635.432,1491.6685,0,,,0,3075012.091749467,0.0,0.0,0.0,3075012.091749467,0.0,-0.08532672927351803,307.50120917494667,147.28459706752852,
43469,1481.3218,1533.0329,1481.3218,1533.0329,1481.3218,1533.0329,1481.3218,1533.0329,51.71109999999999,26.814238252569623,1629.2641,1491.6685,0,,,0,3075012.091749467,0.0,0.0,0.0,3075012.091749467,0.0,-0.08532672927351803,307.50120917494667,150.82178894217657,
43472,1541.1246,1568.1138,1541.1246,1566.9547,1541.1246,1568.1138,1541.1246,1566.9547,35.080900000000156,27.60153937137253,1615.529,1481.3218,0,,,0,3075012.091749467,0.0,0.0,0.0,3075012.091749467,0.0,-0.08532672927351803,307.50120917494667,154.1590601515151,
43473,1566.3575,1569.43,1560.7515,1566.6349,1566.3575,1569.43,1560.7515,1566.6349,8.678499999999985,25.79934514552753,1608.5488,1481.3218,0,,,0,3075012.091749467,0.0,0.0,0.0,3075012.091749467,0.0,-0.08532672927351803,307.50120917494667,154.12759780774954,
43474,1568.285,1590.7477,1567.4594,1572.0278,1568.285,1590.7477,1567.4594,1572.0278,24.11279999999988,25.63872179833442,1608.5488,1481.3218,0,,,0,3075012.091749467,0.0,0.0,0.0,3075012.091749467,0.0,-0.08532672927351803,307.50120917494667,154.6581583884039,
43475,1570.9554,1581.0114,1568.2448,1570.9128,1570.9554,1581.0114,1568.2448,1570.9128,12.766600000000153,24.4128054365883,1608.5488,1481.3218,0,,,0,3075012.091749467,0.0,0.0,0.0,3075012.091749467,0.0,-0.08532672927351803,307.50120917494667,154.54846322486858,
43476,1569.8953,1584.1178,1567.2123,1584.1178,1569.8953,1584.1178,1567.2123,1584.1178,16.905500000000075,23.697823966437042,1608.5488,1481.3218,0,,,0,3075012.091749467,0.0,0.0,0.0,3075012.091749467,0.0,-0.08532672927351803,307.50120917494667,155.84758845758958,
43479,1583.0791,1583.0791,1573.0717,1576.7495,1583.0791,1583.0791,1573.0717,1576.7495,11.046100000000024,22.49289787439542,1608.5488,1481.3218,0,,,0,3075012.091749467,0.0,0.0,0.0,3075012.091749467,0.0,-0.08532672927351803,307.50120917494667,155.1226854320494,
43480,1573.7064,1594.0373,1571.6974,1594.0373,1573.7064,1594.0373,1571.6974,1594.0373,22.339899999999943,22.478326648262517,1599.4331,1481.3218,0,,,0,3075012.091749467,0.0,0.0,0.0,3075012.091749467,0.0,-0.08532672927351803,307.50120917494667,156.82348188780358,
43481,1593.77,1597.6829,1588.9319,1589.5107,1593.77,1597.6829,1588.9319,1589.5107,8.750999999999976,21.17096220557085,1594.0373,1481.3218,1,1594.0373,1571.5589733517374,1900,45735.48757546685,3020070.33,605.734174,-9206.274174000137,3065805.817575467,-0.0029938985276517505,-0.08806516823202848,306.5805817575467,156.37814903824398,BUY
43482,1586.7574,1586.7574,1567.9012,1569.1565,1586.7574,1586.7574,1567.9012,1569.1565,21.609500000000025,21.2127277098022,1597.6829,1481.3218,0,1571.5589733517374,,0,3029607.36350921,0.0,2090.1734345578107,-36198.45406625699,3029607.36350921,-0.011807158124216732,-0.0988325269896938,302.96073635092097,154.37567612557075,SELL
43483,1569.1123,1575.5308,1560.0072,1572.8042,1569.1123,1575.5308,1560.0072,1572.8042,15.523599999999988,20.67090602315437,1597.6829,1481.3218,0,,,0,3029607.36350921,0.0,0.0,0.0,3029607.36350921,0.0,-0.0988325269896938,302.96073635092097,154.73454163949702,
43486,1575.3424,1587.9757,1575.3424,1583.551,1575.3424,1587.9757,1575.3424,1583.551,15.171499999999924,20.147153068568233,1597.6829,1541.1246,0,,,0,3029607.36350921,0.0,0.0,0.0,3029607.36350921,0.0,-0.0988325269896938,302.96073635092097,155.79182592961484,
43487,1574.8559,1574.8559,1570.3727,1571.9874,1574.8559,1574.8559,1570.3727,1571.9874,13.178300000000036,19.483452776323645,1597.6829,1560.0072,0,,,0,3029607.36350921,0.0,0.0,0.0,3029607.36350921,0.0,-0.0988325269896938,302.96073635092097,154.65418378337537,
43488,1568.1555,1576.3286,1564.4251,1576.3286,1568.1555,1576.3286,1564.4251,1576.3286,11.903500000000122,18.76155251191188,1597.6829,1560.0072,0,,,0,3029607.36350921,0.0,0.0,0.0,3029607.36350921,0.0,-0.0988325269896938,302.96073635092097,155.08127673758122,
43489,1576.8958,1586.0319,1572.6376,1582.3135,1576.8958,1586.0319,1572.6376,1582.3135,13.39429999999993,18.250385606015502,1597.6829,1560.0072,0,,,0,3029607.36350921,0.0,0.0,0.0,3029607.36350921,0.0,-0.0988325269896938,302.96073635092097,155.67007905528754,
43490,1581.2534,1583.6185,1568.0572,1568.0572,1581.2534,1583.6185,1568.0572,1568.0572,15.561300000000074,17.994282214966415,1597.6829,1560.0072,0,,,0,3029607.36350921,0.0,0.0,0.0,3029607.36350921,0.0,-0.0988325269896938,302.96073635092097,154.26752554864305,
43493,1575.3671,1578.2591,1554.6612,1555.1136,1575.3671,1578.2591,1554.6612,1555.1136,23.59789999999998,18.527960099255328,1597.6829,1560.0072,0,,,0,3029607.36350921,0.0,0.0,0.0,3029607.36350921,0.0,-0.0988325269896938,302.96073635092097,152.99411719103247,
43494,1547.9894,1547.9894,1498.2356,1518.1523,1547.9894,1547.9894,1498.2356,1518.1523,56.87799999999993,22.180344851707193,1597.6829,1554.6612,0,,,0,3029607.36350921,0.0,0.0,0.0,3029607.36350921,0.0,-0.0988325269896938,302.96073635092097,149.35781598208357,
43495,1507.4699,1515.5594,1491.0513,1491.0513,1507.4699,1515.5594,1491.0513,1491.0513,27.100999999999885,22.64897867535412,1597.6829,1498.2356,0,,,0,3029607.36350921,0.0,0.0,0.0,3029607.36350921,0.0,-0.0988325269896938,302.96073635092097,146.69158402964345,
43496,1485.4204,1493.8856,1455.3556,1458.4625,1485.4204,1493.8856,1455.3556,1458.4625,38.52999999999997,24.161456896748962,1597.6829,1491.0513,0,,,0,3029607.36350921,0.0,0.0,0.0,3029607.36350921,0.0,-0.0988325269896938,302.96073635092097,143.4854551099844,
43497,1462.0428,1498.2676,1462.0428,1498.2676,1462.0428,1498.2676,1462.0428,1498.2676,39.80509999999981,25.651327668487138,1597.6829,1455.3556,0,,,0,3029607.36350921,0.0,0.0,0.0,3029607.36350921,0.0,-0.0988325269896938,302.96073635092097,147.4015330956703,
43507,1503.4334,1539.6502,1503.4334,1539.6502,1503.4334,1539.6502,1503.4334,1539.6502,41.38260000000014,27.149544081012184,1597.6829,1455.3556,0,,,0,3029607.36350921,0.0,0.0,0.0,3029607.36350921,0.0,-0.0988325269896938,302.96073635092097,151.47280760196338,
43508,1541.6428,1565.2237,1541.6428,1564.284,1541.6428,1565.2237,1541.6428,1564.284,25.573499999999967,26.999444644725305,1597.6829,1455.3556,0,,,0,3029607.36350921,0.0,0.0,0.0,3029607.36350921,0.0,-0.0988325269896938,302.96073635092097,153.89631317998703,
43509,1565.5393,1592.6456,1564.9122,1591.2937,1565.5393,1592.6456,1564.9122,1591.2937,28.361599999999953,27.129173726180035,1597.6829,1455.3556,0,,,0,3029607.36350921,0.0,0.0,0.0,3029607.36350921,0.0,-0.0988325269896938,302.96073635092097,156.5535629185879,
43510,1591.7302,1606.9779,1590.7759,1600.9443,1591.7302,1606.9779,1590.7759,1600.9443,16.201999999999998,26.08849051416289,1597.6829,1455.3556,1,1597.6829,1570.55372627382,1800,153202.97766520962,2881699.74,575.1658440000001,5295.354156000074,3034902.71766521,0.0017478681296398957,-0.09725740508415104,303.49027176652095,157.50300161384706,BUY
43511,1599.564,1611.2035,1599.564,1602.1925,1599.564,1611.2035,1599.564,1602.1925,11.639499999999998,24.71239617948071,1606.9779,1455.3556,1,,1570.55372627382,1800,153202.97766520962,2883946.5,0.0,2246.7599999997765,3037149.4776652097,0.0007403070902147757,-0.0965890983404959,303.71494776652094,157.62580116821908,
43514,1609.8474,1655.1971,1609.8474,1655.1971,1609.8474,1655.1971,1609.8474,1655.1971,53.00459999999998,27.40689178143493,1611.2035,1455.3556,1,,1570.55372627382,1800,153202.97766520962,2979354.7800000003,0.0,95408.28000000026,3132557.75766521,0.031413758427637495,-0.06820956651487009,313.25577576652097,162.84046328940673,
43515,1662.0361,1667.9134,1644.9819,1662.183,1662.0361,1667.9134,1644.9819,1662.183,22.931499999999915,26.980663992726832,1655.1971,1455.3556,1,,1570.55372627382,1800,153202.97766520962,2991929.4,0.0,12574.619999999646,3145132.3776652096,0.004014170199808875,-0.0644692011243071,314.51323776652094,163.52774530101334,
43516,1661.1458,1667.638,1648.1089,1667.638,1661.1458,1667.638,1648.1089,1667.638,19.52909999999997,26.27099123151475,1667.9134,1455.3556,1,,1570.55372627382,1800,153202.97766520962,3001748.4,0.0,9819.0,3154951.3776652096,0.003121967160978123,-0.061548504692133466,315.49513776652094,164.06441536117944,
43517,1667.4795,1695.7215,1659.8985,1665.1544,1667.4795,1695.7215,1659.8985,1665.1544,35.82300000000009,27.180706352322876,1667.9134,1455.3556,1,,1570.55372627382,1800,153202.97766520962,2997277.92,0.0,-4470.479999999981,3150480.8976652096,-0.0014169727088816364,-0.06287826484959391,315.04808976652095,163.82007553323655,
43518,1662.7835,1701.9796,1662.7835,1701.9796,1662.7835,1701.9796,1662.7835,1701.9796,39.19609999999989,28.325029556863544,1695.7215,1462.0428,1,,1570.55372627382,1800,153202.97766520962,3063563.28,0.0,66285.35999999987,3216766.2576652095,0.02103975937423508,-0.043161449037663724,321.67662576652094,167.44298704554225,
43521,1722.0077,1784.2915,1721.7305,1783.7758,1722.0077,1784.2915,1721.7305,1783.7758,82.31190000000015,33.4666362657337,1701.9796,1503.4334,1,,1570.55372627382,1800,153202.97766520962,3210796.44,0.0,147233.16000000015,3363999.4176652096,0.04577054974049144,0.0,336.39994176652095,175.4902045662309,
43522,1787.5373,1812.3176,1767.2585,1774.348,1787.5373,1812.3176,1767.2585,1774.348,45.05910000000017,34.57068043090194,1784.2915,1541.6428,1,,1570.55372627382,1800,153202.97766520962,3193826.4,0.0,-16970.040000000037,3347029.3776652096,-0.005044602537945142,-0.005044602537945142,334.70293776652096,174.56268522741627,
43523,1769.5802,1794.4576,1757.3913,1769.9126,1769.5802,1794.4576,1757.3913,1769.9126,37.066299999999956,34.80835848510175,1812.3176,1564.9122,1,,1570.55372627382,1800,153202.97766520962,3185842.68,0.0,-7983.719999999739,3339045.65766521,-0.0023853151852430976,-0.007417884756151016,333.904565766521,174.12632475356466,
43524,1770.1365,1788.816,1768.809,1780.0596,1770.1365,1788.816,1768.809,1780.0596,20.007000000000062,33.39870529604445,1812.3176,1590.7759,1,,1570.55372627382,1800,153202.97766520962,3204107.2800000003,0.0,18264.600000000093,3357310.25766521,0.005470006065377175,-0.001988454565382325,335.731025766521,175.12459993239236,
43525,1784.158,1788.6773,1768.4774,1788.6773,1784.158,1788.6773,1768.4774,1788.6773,20.19990000000007,32.14167622023069,1812.3176,1599.564,1,,1570.55372627382,1800,153202.97766520962,3219619.14,0.0,15511.85999999987,3372822.11766521,0.004620323654801917,0.0,337.28221176652096,175.97242056987966,
43528,1803.3285,1845.7242,1803.3285,1822.4439,1803.3285,1845.7242,1803.3285,1822.4439,57.04690000000005,34.51360229449444,1812.3176,1609.8474,1,,1570.55372627382,1800,153202.97766520962,3280399.02,0.0,60779.87999999989,3433601.9976652097,0.018020481922738973,0.0,343.36019976652096,179.29442299950452,
43529,1821.2372,1876.0629,1821.2372,1876.0629,1821.2372,1876.0629,1821.2372,1876.0629,54.82569999999987,36.448087790256864,1845.7242,1644.9819,1,,1570.55372627382,1800,153202.97766520962,3376913.2199999997,0.0,96514.19999999972,3530116.1976652094,0.028108732481407994,0.0,353.01161976652094,184.5695305991461,
43530,1886.9783,1918.2978,1872.3734,1918.2978,1886.9783,1918.2978,1872.3734,1918.2978,45.924400000000105,37.35059371499431,1876.0629,1648.1089,1,,1570.55372627382,1800,153202.97766520962,3452936.04,0.0,76022.8200000003,3606139.0176652097,0.021535500743652847,0.0,360.61390176652094,188.72465549815772,
43531,1919.6471,1967.6538,1917.6491,1954.1373,1919.6471,1967.6538,1917.6491,1954.1373,50.00469999999996,38.55574669451866,1918.2978,1659.8985,1,,1570.55372627382,1800,153202.97766520962,3517447.14,0.0,64511.10000000009,3670650.11766521,0.01788924378233414,0.0,367.06501176652097,192.2505925506457,
43532,1914.7291,1951.8394,1864.8311,1864.8311,1914.7291,1951.8394,1864.8311,1864.8311,89.30619999999999,43.3891231998026,1967.6538,1662.7835,1,,1570.55372627382,1800,153202.97766520962,3356695.98,0.0,-160751.16000000015,3509898.9576652097,-0.04379364822225251,-0.04379364822225251,350.98989576652093,183.46453137242324,
43535,1877.9875,1947.5385,1877.9875,1947.5385,1877.9875,1947.5385,1877.9875,1947.5385,82.7074,47.13372099029759,1967.6538,1721.7305,1,,1570.55372627382,1800,153202.97766520962,3505569.3000000003,0.0,148873.3200000003,3658772.27766521,0.04241527229006925,-0.0032358954461055855,365.877227766521,191.6013939451418,
43536,1967.8814,2000.4879,1964.3658,1988.4478,1967.8814,2000.4879,1964.3658,1988.4478,52.94939999999997,47.68759518169782,1967.6538,1757.3913,1,,1570.55372627382,1800,153202.97766520962,3579206.04,0.0,73636.73999999976,3732409.0176652097,0.02012607902642949,0.0,373.240901766521,195.62610457618706,
43537,1990.9935,2001.1871,1941.0439,1950.1955,1990.9935,2001.1871,1941.0439,1950.1955,60.143200000000206,48.873843259631386,2000.4879,1757.3913,1,,1570.55372627382,1800,153202.97766520962,3510351.9,0.0,-68854.14000000013,3663554.8776652096,-0.018447640565146695,-0.018447640565146695,366.3554877665209,191.86279309268738,
43538,1933.8091,1944.6108,1875.2469,1890.6942,1933.8091,1944.6108,1875.2469,1890.6942,74.94859999999994,51.35715342538077,2001.1871,1768.4774,1,,1570.55372627382,1800,153202.97766520962,3403249.56,0.0,-107102.33999999985,3556452.5376652097,-0.02923453955963573,-0.04714287184689869,355.64525376652097,186.00897709801097,
43539,1899.5068,1932.0242,1899.5068,1920.9587,1899.5068,1932.0242,1899.5068,1920.9587,41.330000000000155,50.402186432487376,2001.1871,1768.4774,1,,1570.55372627382,1800,153202.97766520962,3457725.6599999997,0.0,54476.09999999963,3610928.6376652094,0.015317538874218384,-0.03254744574483748,361.09286376652096,188.9864383328224,
43542,1926.2579,1962.1958,1918.5331,1962.1958,1926.2579,1962.1958,1918.5331,1962.1958,43.66269999999986,49.76033058177428,2001.1871,1803.3285,1,,1570.55372627382,1800,153202.97766520962,3531952.44,0.0,74226.78000000026,3685155.4176652096,0.02055614703258013,-0.01266034879252309,368.5155417665209,193.04339835813394,
43543,1962.7979,1974.4584,1959.5409,1971.6013,1962.7979,1974.4584,1959.5409,1971.6013,14.917500000000018,46.441965764462445,2001.1871,1821.2372,1,,1570.55372627382,1800,153202.97766520962,3548882.34,0.0,16929.899999999907,3702085.3176652095,0.004594080325308614,-0.008124431126513842,370.20853176652093,193.96872379367787,
43544,1970.6215,1977.4071,1938.7469,1976.7707,1970.6215,1977.4071,1938.7469,1976.7707,38.660199999999804,45.700845215466,2001.1871,1864.8311,1,,1570.55372627382,1800,153202.97766520962,3558187.2600000002,0.0,9304.920000000391,3711390.23766521,0.0025134266775539427,-0.005631424610893276,371.139023766521,194.47729615096887,
43545,1980.0483,2017.3464,1977.424,2003.8146,1980.0483,2017.3464,1977.424,2003.8146,40.57569999999987,45.212736147326375,2001.1871,1864.8311,1,,1570.55372627382,1800,153202.97766520962,3606866.28,0.0,48679.01999999955,3760069.2576652095,0.013116114685536973,0.0,376.0069257665209,197.1379105304602,
43546,2002.9692,2015.2817,1982.0828,2015.1867,2002.9692,2015.2817,1982.0828,2015.1867,33.198900000000094,44.068561276152444,2017.3464,1864.8311,1,,1570.55372627382,1800,153202.97766520962,3627336.06,0.0,20469.78000000026,3780539.0376652097,0.005443990149455624,0.0,378.053903766521,198.2567126553392,
43549,1981.2511,2022.7603,1981.2511,2000.6771,1981.2511,2022.7603,1981.2511,2000.6771,41.509199999999964,43.82481258318554,2017.3464,1875.2469,1,,1570.55372627382,1800,153202.97766520962,3601218.7800000003,0.0,-26117.279999999795,3754421.75766521,-0.006908348185217905,-0.006908348185217905,375.442175766521,196.82923916221623,
43550,2007.793,2009.115,1947.088,1949.3942,2007.793,2009.115,1947.088,1949.3942,62.027000000000044,45.55835424192978,2022.7603,1875.2469,1,,1570.55372627382,1800,153202.97766520962,3508909.56,0.0,-92309.2200000002,3662112.5376652097,-0.024586800833320654,-0.031325294837621365,366.211253766521,191.78396014691083,
43551,1959.8306,1965.3049,1930.5551,1965.3049,1959.8306,1965.3049,1930.5551,1965.3049,34.74980000000005,44.528968123650756,2022.7603,1875.2469,1,,1570.55372627382,1800,153202.97766520962,3537548.8200000003,0.0,28639.260000000242,3690751.79766521,0.007820420510140647,-0.023749851305715053,369.075179766521,193.34927569710047,
43552,1954.89,1976.5485,1936.7484,1936.7484,1954.89,1976.5485,1936.7484,1936.7484,39.80010000000016,44.07859973092213,2022.7603,1875.2469,1,,1570.55372627382,1800,153202.97766520962,3486147.12,0.0,-51401.700000000186,3639350.09766521,-0.013927162490990908,-0.03734624575843437,363.935009766521,190.5398497441889,
43553,1931.7526,1982.6674,1912.1826,1982.6674,1931.7526,1982.6674,1912.1826,1982.6674,70.48479999999995,46.59347594702478,2022.7603,1899.5068,1,,1570.55372627382,1800,153202.97766520962,3568801.3200000003,0.0,82654.20000000019,3722004.29766521,0.022711252773682356,-0.015483173012319829,372.200429766521,195.05742123690496,
43556,1993.3206,2055.677,1993.3206,2055.677,1993.3206,2055.677,1993.3206,2055.677,73.00960000000009,49.10929728540338,2022.7603,1912.1826,1,,1570.55372627382,1800,153202.97766520962,3700218.6,0.0,131417.2799999998,3853421.57766521,0.03530820211100694,0.0,385.342157766521,202.2402015164102,
43557,2066.6154,2089.4286,2063.442,2072.2469,2066.6154,2089.4286,2063.442,2072.2469,33.75160000000005,47.6466594486983,2055.677,1912.1826,1,,1570.55372627382,1800,153202.97766520962,3730044.4200000004,0.0,29825.820000000298,3883247.39766521,0.007740087451856725,0.0,388.324739766521,203.87037002785763,
43558,2061.1347,2091.3676,2061.1347,2091.3676,2061.1347,2091.3676,2061.1347,2091.3676,30.232899999999972,45.98820616786988,2089.4286,1912.1826,1,,1570.55372627382,1800,153202.97766520962,3764461.68,0.0,34417.25999999978,3917664.65766521,0.008863009866611371,0.0,391.766465766521,205.7514895914539,
43559,2098.1199,2101.6655,2084.1581,2097.9688,2098.1199,2101.6655,2084.1581,2097.9688,17.50739999999996,43.27574843759656,2091.3676,1912.1826,1,,1570.55372627382,1800,153202.97766520962,3776343.8400000003,0.0,11882.160000000149,3929546.81766521,0.003032970159084991,0.0,392.954681766521,206.400924312108,
43563,2112.2271,2113.6196,2063.2908,2093.1688,2112.2271,2113.6196,2063.2908,2093.1688,50.328799999999774,43.947467634015915,2101.6655,1912.1826,1,,1570.55372627382,1800,153202.97766520962,3767703.84,0.0,-8640.000000000466,3920906.8176652095,-0.0021987268254851644,-0.0021987268254851644,392.09068176652096,205.9286940116869,
43564,2088.5973,2107.8519,2085.5142,2107.8519,2088.5973,2107.8519,2085.5142,2107.8519,22.33770000000004,41.8893945260144,2113.6196,1912.1826,1,,1570.55372627382,1800,153202.97766520962,3794133.4200000004,0.0,26429.58000000054,3947336.39766521,0.006740680467315574,0.0,394.733639766521,207.37323666254386,
43565,2093.6967,2119.7454,2079.7143,2104.0605,2093.6967,2119.7454,2079.7143,2104.0605,40.0310999999997,41.71241409496538,2113.6196,1912.1826,1,,1570.55372627382,1800,153202.97766520962,3787308.9,0.0,-6824.520000000484,3940511.8776652096,-0.0017288924257981009,-0.0017288924257981009,394.05118776652097,207.0002337539987,
43566,2102.9598,2105.643,2066.7254,2066.7254,2102.9598,2105.643,2066.7254,2066.7254,38.91760000000022,41.44624132401631,2119.7454,1912.1826,1,,1570.55372627382,1800,153202.97766520962,3720105.7199999997,0.0,-67203.18000000017,3873308.6976652094,-0.0170544289895197,-0.01875383614221149,387.33086976652095,203.32715761040444,
43567,2064.3622,2074.6933,2051.0123,2068.1534,2064.3622,2074.6933,2051.0123,2068.1534,23.68100000000004,39.75431357887191,2119.7454,1912.1826,1,,1570.55372627382,1800,153202.97766520962,3722676.12,0.0,2570.4000000003725,3875879.09766521,0.0006636186786634912,-0.018102662859508567,387.587909766521,203.46764612477978,
43570,2088.5301,2097.4605,2048.4752,2048.4752,2088.5301,2097.4605,2048.4752,2048.4752,48.98530000000028,40.6334551427889,2119.7454,1912.1826,1,,1570.55372627382,1800,153202.97766520962,3687255.36,0.0,-35420.76000000024,3840458.3376652095,-0.009138768033640998,-0.027075994856485375,384.04583376652096,201.53167897941583,
43571,2037.1844,2089.6986,2023.5224,2089.6986,2037.1844,2089.6986,2023.5224,2089.6986,66.17620000000011,43.06609751014234,2119.7454,1993.3206,1,,1570.55372627382,1800,153202.97766520962,3761457.4800000004,0.0,74202.12000000058,3914660.45766521,0.0193211625998555,-0.008277971955804708,391.466045766521,205.58729118074498,
43572,2091.7096,2115.789,2091.7096,2110.3074,2091.7096,2115.789,2091.7096,2110.3074,26.090400000000045,41.44936441393832,2119.7454,2023.5224,1,,1570.55372627382,1800,153202.97766520962,3798553.3200000003,0.0,37095.83999999985,3951756.29766521,0.009476132196181597,0.0,395.175629766521,207.61481197560303,
43573,2107.2013,2110.5176,2091.6664,2093.2447,2107.2013,2110.5176,2091.6664,2093.2447,18.851200000000063,39.29715827927753,2119.7454,2023.5224,1,,1570.55372627382,1800,153202.97766520962,3767840.4600000004,0.0,-30712.85999999987,3921043.43766521,-0.007771951933915,-0.007771951933915,392.10434376652097,205.93616115331233,
43574,2088.9671,2109.6915,2075.2375,2109.6915,2088.9671,2109.6915,2075.2375,2109.6915,34.45399999999972,38.835905109822505,2119.7454,2023.5224,1,,1570.55372627382,1800,153202.97766520962,3797444.6999999997,0.0,29604.239999999292,3950647.6776652094,0.007550092334000613,-0.0002805385546309491,395.06476776652096,207.55421892518024,
43577,2113.7736,2113.7897,2085.8755,2087.3488,2113.7736,2113.7897,2085.8755,2087.3488,27.91419999999971,37.795742718410814,2119.7454,2023.5224,1,,1570.55372627382,1800,153202.97766520962,3757227.8400000003,0.0,-40216.859999999404,3910430.81766521,-0.010179814370024243,-0.010457497094245372,391.043081766521,205.35611477242634,
43578,2082.0807,2082.0807,2040.1501,2044.0879,2082.0807,2082.0807,2040.1501,2044.0879,47.198700000000144,38.69126245951456,2119.7454,2023.5224,1,,1570.55372627382,1800,153202.97766520962,3679358.22,0.0,-77869.62000000011,3832561.19766521,-0.019913309717238148,-0.03016256343297874,383.256119766521,201.10005064669969,
43579,2045.3472,2064.7319,2030.3153,2064.7319,2045.3472,2064.7319,2030.3153,2064.7319,34.416600000000244,38.28415174908463,2119.7454,2023.5224,1,,1570.55372627382,1800,153202.97766520962,3716517.4200000004,0.0,37159.200000000186,3869720.39766521,0.009695657312044359,-0.020759351999633302,386.972039766521,203.13103446376087,
43580,2058.0512,2059.1701,1976.7265,1976.7265,2058.0512,2059.1701,1976.7265,1976.7265,88.00540000000024,43.01950872536231,2119.7454,2023.5224,0,2023.5224,,0,3792993.65944121,0.0,2549.6382240000003,-76726.7382240002,3792993.65944121,-0.019827463056579786,-0.04017520977136191,379.29936594412095,194.4729476969525,SELL
43581,1963.1225,1981.3181,1949.143,1949.143,1963.1225,1981.3181,1949.143,1949.143,32.17509999999993,41.986707894375414,2119.7454,1976.7265,0,,,0,3792993.65944121,0.0,0.0,0.0,3792993.65944121,0.0,-0.04017520977136191,379.29936594412095,191.75924676118882,
43584,1948.3761,1948.3761,1868.3627,1868.4225,1948.3761,1948.3761,1868.3627,1868.4225,80.78030000000012,45.68133571395872,2119.7454,1949.143,0,,,0,3792993.65944121,0.0,0.0,0.0,3792993.65944121,0.0,-0.04017520977136191,379.29936594412095,183.8178580184508,
43585,1857.2787,1895.4701,1857.2787,1884.9298,1857.2787,1895.4701,1857.2787,1884.9298,38.19139999999993,44.9680085031055,2119.7454,1868.3627,0,,,0,3792993.65944121,0.0,0.0,0.0,3792993.65944121,0.0,-0.04017520977136191,379.29936594412095,185.44186785973028,
43591,1826.4585,1826.4585,1731.1199,1738.7592,1826.4585,1826.4585,1731.1199,1738.7592,153.80989999999997,55.33390293138116,2119.7454,1857.2787,0,,,0,3792993.65944121,0.0,0.0,0.0,3792993.65944121,0.0,-0.04017520977136191,379.29936594412095,171.061412369994,
43592,1745.6924,1776.114,1735.9561,1767.7877,1745.6924,1776.114,1735.9561,1767.7877,40.15789999999993,53.88856931886866,2119.7454,1731.1199,0,,,0,3792993.65944121,0.0,0.0,0.0,3792993.65944121,0.0,-0.04017520977136191,379.29936594412095,173.917274302447,
43593,1733.6858,1788.7651,1733.6858,1768.1947,1733.6858,1788.7651,1733.6858,1768.1947,55.0793000000001,54.00197224088118,2119.7454,1731.1199,0,,,0,3792993.65944121,0.0,0.0,0.0,3792993.65944121,0.0,-0.04017520977136191,379.29936594412095,173.95731549667016,
43594,1755.0387,1777.482,1755.0387,1760.0105,1755.0387,1777.482,1755.0387,1760.0105,22.44329999999991,50.9963844084163,2119.7454,1731.1199,0,,,0,3792993.65944121,0.0,0.0,0.0,3792993.65944121,0.0,-0.04017520977136191,379.29936594412095,173.1521431581897,
43595,1774.6721,1824.9522,1770.0478,1824.9522,1774.6721,1824.9522,1770.0478,1824.9522,64.94169999999986,52.32450970285283,2119.7454,1731.1199,0,,,0,3792993.65944121,0.0,0.0,0.0,3792993.65944121,0.0,-0.04017520977136191,379.29936594412095,179.54119284586832,
43598,1809.4203,1828.4207,1809.4203,1821.8384,1809.4203,1828.4207,1809.4203,1821.8384,19.0003999999999,49.15078496924779,2119.7454,1731.1199,0,,,0,3792993.65944121,0.0,0.0,0.0,3792993.65944121,0.0,-0.04017520977136191,379.29936594412095,179.2348531147327,
43599,1799.535,1825.8174,1799.535,1811.5476,1799.535,1825.8174,1799.535,1811.5476,26.282399999999825,46.97284354360512,2115.789,1731.1199,0,,,0,3792993.65944121,0.0,0.0,0.0,3792993.65944121,0.0,-0.04017520977136191,379.29936594412095,178.22243070315486,
43600,1827.1305,1856.8567,1827.1305,1855.322,1827.1305,1856.8567,1827.1305,1855.322,45.309099999999944,46.814391777547485,2115.789,1731.1199,0,,,0,3792993.65944121,0.0,0.0,0.0,3792993.65944121,0.0,-0.04017520977136191,379.29936594412095,182.52901363289521,
43601,1854.6779,1869.2327,1852.1242,1865.468,1854.6779,1869.2327,1852.1242,1865.468,17.10850000000005,43.98525922730487,2115.789,1731.1199,0,,,0,3792993.65944121,0.0,0.0,0.0,3792993.65944121,0.0,-0.04017520977136191,379.29936594412095,183.52719043041037,
43602,1865.7334,1865.7334,1790.3842,1796.9776,1865.7334,1865.7334,1790.3842,1796.9776,75.34920000000011,46.972301205656805,2115.789,1731.1199,0,,,0,3792993.65944121,0.0,0.0,0.0,3792993.65944121,0.0,-0.04017520977136191,379.29936594412095,176.7890149787516,
43605,1796.6342,1796.6342,1758.2192,1793.4571,1796.6342,1796.6342,1758.2192,1793.4571,38.75839999999994,46.19002490035615,2115.789,1731.1199,0,,,0,3792993.65944121,0.0,0.0,0.0,3792993.65944121,0.0,-0.04017520977136191,379.29936594412095,176.4426635677865,
43606,1788.8865,1823.1162,1788.8865,1821.13,1788.8865,1823.1162,1788.8865,1821.13,34.229699999999866,45.05094633841746,2113.7897,1733.6858,0,,,0,3792993.65944121,0.0,0.0,0.0,3792993.65944121,0.0,-0.04017520977136191,379.29936594412095,179.16515979289554,
43607,1820.2436,1828.1898,1802.7941,1813.3557,1820.2436,1828.1898,1802.7941,1813.3557,25.395700000000033,43.179018115711045,2113.7897,1733.6858,0,,,0,3792993.65944121,0.0,0.0,0.0,3792993.65944121,0.0,-0.04017520977136191,379.29936594412095,178.40031395444473,
43608,1807.8159,1807.8159,1765.7254,1768.2315,1807.8159,1807.8159,1765.7254,1768.2315,47.630300000000034,43.60294972373857,2113.7897,1755.0387,0,,,0,3792993.65944121,0.0,0.0,0.0,3792993.65944121,0.0,-0.04017520977136191,379.29936594412095,173.9609359289734,
43609,1756.565,1773.0496,1750.878,1754.043,1756.565,1773.0496,1750.878,1754.043,22.171600000000126,41.56186879766824,2082.0807,1758.2192,0,,,0,3792993.65944121,0.0,0.0,0.0,3792993.65944121,0.0,-0.04017520977136191,379.29936594412095,172.56505267532236,
43612,1755.9274,1807.932,1755.9274,1807.932,1755.9274,1807.932,1755.9274,1807.932,53.889000000000124,42.73588129312842,2064.7319,1750.878,0,,,0,3792993.65944121,0.0,0.0,0.0,3792993.65944121,0.0,-0.04017520977136191,379.29936594412095,177.86672322936266,
43613,1810.8334,1832.1246,1809.5385,1813.1496,1810.8334,1832.1246,1809.5385,1813.1496,24.192600000000084,40.96985450330668,2059.1701,1750.878,0,,,0,3792993.65944121,0.0,0.0,0.0,3792993.65944121,0.0,-0.04017520977136191,379.29936594412095,178.3800375659204,
43614,1810.1085,1830.8455,1810.1085,1822.09,1810.1085,1830.8455,1810.1085,1822.09,20.736999999999853,39.04291597918222,1981.3181,1750.878,0,,,0,3792993.65944121,0.0,0.0,0.0,3792993.65944121,0.0,-0.04017520977136191,379.29936594412095,179.25960585297972,
43615,1816.0517,1816.0517,1785.6838,1805.6901,1816.0517,1816.0517,1785.6838,1805.6901,36.4061999999999,38.79180017164105,1948.3761,1750.878,0,,,0,3792993.65944121,0.0,0.0,0.0,3792993.65944121,0.0,-0.04017520977136191,379.29936594412095,177.6461621646722,
43616,1804.1305,1818.0141,1802.2362,1804.9594,1804.1305,1818.0141,1802.2362,1804.9594,15.777900000000045,36.60000015529429,1895.4701,1750.878,0,,,0,3792993.65944121,0.0,0.0,0.0,3792993.65944121,0.0,-0.04017520977136191,379.29936594412095,177.57427493956436,
43619,1806.173,1808.4811,1769.4043,1779.4798,1806.173,1808.4811,1769.4043,1779.4798,39.07680000000005,36.83588585479007,1869.2327,1750.878,0,,,0,3792993.65944121,0.0,0.0,0.0,3792993.65944121,0.0,-0.04017520977136191,379.29936594412095,175.067558447354,
43620,1776.018,1776.018,1737.7582,1747.78,1776.018,1776.018,1737.7582,1747.78,41.72160000000008,37.30119196385769,1869.2327,1750.878,0,,,0,3792993.65944121,0.0,0.0,0.0,3792993.65944121,0.0,-0.04017520977136191,379.29936594412095,171.94889051458543,
43621,1761.4767,1767.4435,1749.8712,1753.9114,1761.4767,1767.4435,1749.8712,1753.9114,19.663500000000113,35.621411776823635,1869.2327,1737.7582,0,,,0,3792993.65944121,0.0,0.0,0.0,3792993.65944121,0.0,-0.04017520977136191,379.29936594412095,172.55210569458583,
43622,1751.4385,1751.4385,1703.0647,1706.4447,1751.4385,1751.4385,1703.0647,1706.4447,50.846700000000055,37.07143922664996,1869.2327,1737.7582,0,,,0,3792993.65944121,0.0,0.0,0.0,3792993.65944121,0.0,-0.04017520977136191,379.29936594412095,167.88226944437776,
43626,1709.4119,1730.4075,1706.3688,1725.7376,1709.4119,1730.4075,1706.3688,1725.7376,24.038700000000063,35.83022596696902,1869.2327,1703.0647,0,,,0,3792993.65944121,0.0,0.0,0.0,3792993.65944121,0.0,-0.04017520977136191,379.29936594412095,169.7803302700016,
43627,1728.8902,1788.7196,1728.8902,1788.7196,1728.8902,1788.7196,1728.8902,1788.7196,62.98199999999997,38.41610920821007,1869.2327,1703.0647,0,,,0,3792993.65944121,0.0,0.0,0.0,3792993.65944121,0.0,-0.04017520977136191,379.29936594412095,175.9765820994021,
43628,1786.1531,1798.6166,1782.5717,1784.9586,1786.1531,1798.6166,1782.5717,1784.9586,16.044900000000098,36.28551785504721,1869.2327,1703.0647,0,,,0,3792993.65944121,0.0,0.0,0.0,3792993.65944121,0.0,-0.04017520977136191,379.29936594412095,175.60656998275965,
43629,1782.1458,1800.4155,1779.6727,1796.7803,1782.1458,1800.4155,1779.6727,1796.7803,20.74279999999999,34.80525901170938,1869.2327,1703.0647,0,,,0,3792993.65944121,0.0,0.0,0.0,3792993.65944121,0.0,-0.04017520977136191,379.29936594412095,176.76960434577802,
43630,1797.3299,1797.3299,1753.0328,1753.0328,1797.3299,1797.3299,1753.0328,1753.0328,44.2971,35.70924386773706,1869.2327,1703.0647,0,,,0,3792993.65944121,0.0,0.0,0.0,3792993.65944121,0.0,-0.04017520977136191,379.29936594412095,172.46566787334626,
43633,1752.0793,1763.9327,1748.7624,1755.9734,1752.0793,1763.9327,1748.7624,1755.9734,15.170299999999997,33.75315397557163,1865.7334,1703.0647,0,,,0,3792993.65944121,0.0,0.0,0.0,3792993.65944121,0.0,-0.04017520977136191,379.29936594412095,172.75496796114174,
43634,1756.7232,1759.7479,1746.8312,1752.6048,1756.7232,1759.7479,1746.8312,1752.6048,12.916699999999992,31.768729787421947,1832.1246,1703.0647,0,,,0,3792993.65944121,0.0,0.0,0.0,3792993.65944121,0.0,-0.04017520977136191,379.29936594412095,172.4235606715587,
43635,1787.0703,1792.6556,1778.2349,1778.844,1787.0703,1792.6556,1778.2349,1778.844,40.05079999999998,32.557498379096046,1832.1246,1703.0647,0,,,0,3792993.65944121,0.0,0.0,0.0,3792993.65944121,0.0,-0.04017520977136191,379.29936594412095,175.0050076088107,
43636,1774.1639,1802.4357,1767.4772,1802.4357,1774.1639,1802.4357,1767.4772,1802.4357,34.95849999999996,32.78616520013451,1832.1246,1703.0647,0,,,0,3792993.65944121,0.0,0.0,0.0,3792993.65944121,0.0,-0.04017520977136191,379.29936594412095,177.3259900209867,
43637,1822.7954,1845.3643,1822.4517,1842.1781,1822.7954,1845.3643,1822.4517,1842.1781,42.92859999999996,33.75211137155027,1832.1246,1703.0647,1,1832.1246,1799.3384347998656,2000,128011.60960120968,3684356.2,732.8498400000001,19374.150160000194,3812367.80960121,0.005107878340839145,-0.03527254151435244,381.236780960121,181.23589949837336,BUY
43640,1844.1377,1845.4703,1832.9383,1841.754,1844.1377,1845.4703,1832.9383,1841.754,12.531999999999925,31.731148383783573,1845.3643,1706.3688,1,,1799.3384347998656,2000,128011.60960120968,3683508.0,0.0,-848.2000000001863,3811519.60960121,-0.00022248640277156007,-0.035487180256245865,381.151960960121,181.1941759837049,
43641,1838.6098,1838.6098,1804.4097,1820.4652,1838.6098,1838.6098,1804.4097,1820.4652,37.344299999999976,32.26573425199466,1845.4703,1728.8902,1,,1799.3384347998656,2000,128011.60960120968,3640930.4000000004,0.0,-42577.59999999963,3768942.0096012102,-0.011170767662521452,-0.046261528873126734,376.894200960121,179.0997558962872,
43642,1809.9379,1829.8041,1809.9379,1817.3365,1809.9379,1829.8041,1809.9379,1817.3365,19.866200000000163,31.08482622799518,1845.4703,1746.8312,1,,1799.3384347998656,2000,128011.60960120968,3634673.0,0.0,-6257.4000000003725,3762684.60960121,-0.001660253722147953,-0.04784497671977095,376.268460960121,178.79195028359396,
43643,1820.1202,1834.1281,1820.1202,1827.6818,1820.1202,1834.1281,1820.1202,1827.6818,16.791600000000017,29.723566587233734,1845.4703,1746.8312,1,,1799.3384347998656,2000,128011.60960120968,3655363.6,0.0,20690.600000000093,3783375.20960121,0.0054988929838031275,-0.04260917814276233,378.337520960121,179.80973447670783,
43644,1824.6648,1824.6648,1787.7996,1798.0453,1824.6648,1824.6648,1787.7996,1798.0453,39.88220000000001,30.691055483687666,1845.4703,1746.8312,0,1799.3384347998656,,0,3724169.405392221,0.0,2519.073808719812,-59205.80420898879,3724169.405392221,-0.015648938032564175,-0.057591327786951974,372.4169405392221,176.8940567062015,SELL
43647,1830.264,1851.6094,1824.6794,1851.6094,1830.264,1851.6094,1824.6794,1851.6094,53.56410000000005,32.86944067571742,1845.4703,1746.8312,1,1845.4703,1814.7792445163122,2000,32490.617272221083,3703218.8000000003,738.18812,11540.011880000122,3735709.4172722213,0.003098680705365231,-0.05467110421779664,373.57094172722213,182.16376317178205,BUY
43648,1850.8163,1855.2168,1845.3477,1849.6461,1850.8163,1855.2168,1845.3477,1849.6461,9.86909999999989,30.678932039934796,1851.6094,1746.8312,1,,1814.7792445163122,2000,32490.617272221083,3699292.1999999997,0.0,-3926.600000000559,3731782.8172722207,-0.0010510988841492264,-0.055664738365307276,373.1782817272221,181.97061114077852,
43649,1842.9558,1842.9558,1823.2058,1829.1071,1842.9558,1842.9558,1823.2058,1829.1071,26.44029999999998,30.27525279803624,1855.2168,1767.4772,1,,1814.7792445163122,2000,32490.617272221083,3658214.1999999997,0.0,-41078.0,3690704.8172722207,-0.011007607358572424,-0.06605961014023676,369.0704817272221,179.9499573615391,
43650,1831.6941,1835.1577,1814.6081,1822.8486,1831.6941,1835.1577,1814.6081,1822.8486,20.549600000000055,29.349000150604223,1855.2168,1767.4772,0,1814.7792445163122,,0,3659508.4153625225,0.0,2540.690942322837,-31196.401909698267,3659508.4153625225,-0.008452694933417937,-0.0739539233417188,365.95084153625226,179.3342379167088,SELL
43651,1821.8207,1832.1871,1816.9779,1829.8754,1821.8207,1832.1871,1816.9779,1829.8754,15.20920000000001,28.002352517213346,1855.2168,1787.7996,0,,,0,3659508.4153625225,0.0,0.0,0.0,3659508.4153625225,0.0,-0.0739539233417188,365.95084153625226,180.02554372400027,
43654,1825.0113,1825.0113,1759.4556,1761.3176,1825.0113,1825.0113,1759.4556,1761.3176,70.4197999999999,32.042109420335876,1855.2168,1787.7996,0,,,0,3659508.4153625225,0.0,0.0,0.0,3659508.4153625225,0.0,-0.0739539233417188,365.95084153625226,173.2807373718731,
43655,1760.0412,1774.7939,1752.3393,1772.9633,1760.0412,1774.7939,1752.3393,1772.9633,22.4545999999998,31.129013285065774,1855.2168,1759.4556,0,,,0,3659508.4153625225,0.0,0.0,0.0,3659508.4153625225,0.0,-0.0739539233417188,365.95084153625226,174.42645662387605,
43656,1773.1679,1777.1272,1756.2926,1760.9899,1773.1679,1777.1272,1756.2926,1760.9899,20.83459999999991,30.14859297220236,1855.2168,1752.3393,0,,,0,3659508.4153625225,0.0,0.0,0.0,3659508.4153625225,0.0,-0.0739539233417188,365.95084153625226,173.2484978157381,
43657,1765.9294,1779.3432,1753.7971,1762.09,1765.9294,1779.3432,1753.7971,1762.09,25.546100000000024,29.710260308183088,1855.2168,1752.3393,0,,,0,3659508.4153625225,0.0,0.0,0.0,3659508.4153625225,0.0,-0.0739539233417188,365.95084153625226,173.35672709771586,
43658,1762.7509,1769.2768,1754.0705,1766.838,1762.7509,1769.2768,1754.0705,1766.838,15.206300000000056,28.3289307550228,1855.2168,1752.3393,0,,,0,3659508.4153625225,0.0,0.0,0.0,3659508.4153625225,0.0,-0.0739539233417188,365.95084153625226,173.8238415698824,
43661,1761.1728,1784.1073,1744.2028,1783.5313,1761.1728,1784.1073,1744.2028,1783.5313,39.90449999999987,29.431365921211093,1855.2168,1752.3393,0,,,0,3659508.4153625225,0.0,0.0,0.0,3659508.4153625225,0.0,-0.0739539233417188,365.95084153625226,175.46615033530318,
43662,1780.9435,1790.6068,1780.9435,1790.6068,1780.9435,1790.6068,1780.9435,1790.6068,9.663299999999936,27.54869297633384,1855.2168,1744.2028,0,,,0,3659508.4153625225,0.0,0.0,0.0,3659508.4153625225,0.0,-0.0739539233417188,365.95084153625226,176.16224731251768,
43663,1786.6431,1797.6829,1786.6431,1791.971,1786.6431,1797.6829,1786.6431,1791.971,11.039800000000014,25.976417454778236,1855.2168,1744.2028,0,,,0,3659508.4153625225,0.0,0.0,0.0,3659508.4153625225,0.0,-0.0739539233417188,365.95084153625226,176.29645909914987,
43664,1782.1011,1782.1011,1755.7167,1755.7167,1782.1011,1782.1011,1755.7167,1755.7167,36.25430000000006,26.95526341146603,1855.2168,1744.2028,0,,,0,3659508.4153625225,0.0,0.0,0.0,3659508.4153625225,0.0,-0.0739539233417188,365.95084153625226,172.72971347820047,
43665,1758.9737,1778.8614,1758.9737,1763.9106,1758.9737,1778.8614,1758.9737,1763.9106,23.144700000000057,26.592352610374036,1855.2168,1744.2028,0,,,0,3659508.4153625225,0.0,0.0,0.0,3659508.4153625225,0.0,-0.0739539233417188,365.95084153625226,173.53584011541307,
43668,1763.552,1763.552,1703.8869,1704.1673,1763.552,1763.552,1703.8869,1704.1673,60.02369999999996,29.776290457005075,1855.2168,1744.2028,0,,,0,3659508.4153625225,0.0,0.0,0.0,3659508.4153625225,0.0,-0.0739539233417188,365.95084153625226,167.65821584309046,
43669,1704.4942,1730.9459,1704.4942,1730.9459,1704.4942,1730.9459,1704.4942,1730.9459,26.77859999999987,29.490796127766483,1855.2168,1703.8869,0,,,0,3659508.4153625225,0.0,0.0,0.0,3659508.4153625225,0.0,-0.0739539233417188,365.95084153625226,170.29272966035228,
43670,1735.1357,1764.0187,1735.1357,1756.6843,1735.1357,1764.0187,1735.1357,1756.6843,33.07280000000014,29.8319393536935,1855.2168,1703.8869,0,,,0,3659508.4153625225,0.0,0.0,0.0,3659508.4153625225,0.0,-0.0739539233417188,365.95084153625226,172.82490723626034,
43671,1758.1806,1765.143,1755.7543,1760.6938,1758.1806,1765.143,1755.7543,1760.6938,9.388699999999972,27.884964177151257,1855.2168,1703.8869,0,,,0,3659508.4153625225,0.0,0.0,0.0,3659508.4153625225,0.0,-0.0739539233417188,365.95084153625226,173.21936710908085,
43672,1756.7566,1760.8515,1751.7821,1759.4438,1756.7566,1760.8515,1751.7821,1759.4438,9.069400000000087,26.09300568408924,1855.2168,1703.8869,0,,,0,3659508.4153625225,0.0,0.0,0.0,3659508.4153625225,0.0,-0.0739539233417188,365.95084153625226,173.0963904683462,
43675,1760.5557,1763.619,1753.6309,1758.569,1760.5557,1763.619,1753.6309,1758.569,9.988099999999804,24.559205142747388,1855.2168,1703.8869,0,,,0,3659508.4153625225,0.0,0.0,0.0,3659508.4153625225,0.0,-0.0739539233417188,365.95084153625226,173.01032649609445,
43676,1758.3269,1774.2422,1758.3269,1766.733,1758.3269,1774.2422,1758.3269,1766.733,15.915299999999888,23.73597608153334,1855.2168,1703.8869,0,,,0,3659508.4153625225,0.0,0.0,0.0,3659508.4153625225,0.0,-0.0739539233417188,365.95084153625226,173.8135115320607,
43677,1764.7531,1764.7531,1752.651,1754.9715,1764.7531,1764.7531,1752.651,1754.9715,14.08199999999988,22.816549788053962,1842.9558,1703.8869,0,,,0,3659508.4153625225,0.0,0.0,0.0,3659508.4153625225,0.0,-0.0739539233417188,365.95084153625226,172.6563997240601,
43678,1746.0468,1758.5435,1745.6,1752.2668,1746.0468,1758.5435,1745.6,1752.2668,12.943500000000085,21.876259332048832,1835.1577,1703.8869,0,,,0,3659508.4153625225,0.0,0.0,0.0,3659508.4153625225,0.0,-0.0739539233417188,365.95084153625226,172.39030778790405,
43679,1718.0356,1724.423,1707.6187,1721.0942,1718.0356,1724.423,1707.6187,1721.0942,44.64810000000011,24.045006062329904,1832.1871,1703.8869,0,,,0,3659508.4153625225,0.0,0.0,0.0,3659508.4153625225,0.0,-0.0739539233417188,365.95084153625226,169.32350648313172,
43682,1716.5894,1730.8361,1704.1546,1704.1546,1716.5894,1730.8361,1704.1546,1704.1546,26.681499999999915,24.29610072306038,1825.0113,1703.8869,0,,,0,3659508.4153625225,0.0,0.0,0.0,3659508.4153625225,0.0,-0.0739539233417188,365.95084153625226,167.6569664004206,
43683,1671.5302,1671.5302,1611.2935,1648.6169,1671.5302,1671.5302,1611.2935,1648.6169,92.86110000000008,30.826100654197496,1797.6829,1704.1546,0,,,0,3659508.4153625225,0.0,0.0,0.0,3659508.4153625225,0.0,-0.0739539233417188,365.95084153625226,162.19309457631695,
43684,1656.9219,1661.8742,1641.6731,1641.7246,1656.9219,1661.8742,1641.6731,1641.7246,20.201099999999997,29.81419582998821,1797.6829,1611.2935,0,,,0,3659508.4153625225,0.0,0.0,0.0,3659508.4153625225,0.0,-0.0739539233417188,365.95084153625226,161.51502105556852,
43685,1644.4993,1655.0788,1644.4993,1651.9045,1644.4993,1655.0788,1644.4993,1651.9045,13.354199999999992,28.246577179513142,1797.6829,1611.2935,0,,,0,3659508.4153625225,0.0,0.0,0.0,3659508.4153625225,0.0,-0.0739539233417188,365.95084153625226,162.51653297958038,
43686,1658.6309,1664.1967,1629.0861,1631.4064,1658.6309,1664.1967,1629.0861,1631.4064,35.11059999999998,28.900293638607124,1797.6829,1611.2935,0,,,0,3659508.4153625225,0.0,0.0,0.0,3659508.4153625225,0.0,-0.0739539233417188,365.95084153625226,160.49990299602578,
43689,1633.6143,1663.0657,1632.7156,1663.0657,1633.6143,1663.0657,1632.7156,1663.0657,31.65930000000003,29.163056149215972,1797.6829,1611.2935,0,,,0,3659508.4153625225,0.0,0.0,0.0,3659508.4153625225,0.0,-0.0739539233417188,365.95084153625226,163.61458648563456,
43690,1650.7069,1653.1391,1645.8878,1652.3285,1650.7069,1653.1391,1645.8878,1652.3285,17.177900000000136,28.021612706433512,1797.6829,1611.2935,0,,,0,3659508.4153625225,0.0,0.0,0.0,3659508.4153625225,0.0,-0.0739539233417188,365.95084153625226,162.55824665611757,
43691,1671.433,1676.8253,1662.3005,1663.9657,1671.433,1676.8253,1662.3005,1663.9657,24.496799999999894,27.685916258201736,1797.6829,1611.2935,0,,,0,3659508.4153625225,0.0,0.0,0.0,3659508.4153625225,0.0,-0.0739539233417188,365.95084153625226,163.7031296669635,
43692,1623.8424,1670.6856,1623.8424,1670.6856,1623.8424,1670.6856,1623.8424,1670.6856,46.843200000000024,29.510419471706335,1782.1011,1611.2935,0,,,0,3659508.4153625225,0.0,0.0,0.0,3659508.4153625225,0.0,-0.0739539233417188,365.95084153625226,164.3642422494218,
43693,1670.1886,1688.562,1670.1886,1679.1466,1670.1886,1688.562,1670.1886,1679.1466,18.373399999999947,28.44975095059144,1778.8614,1611.2935,0,,,0,3659508.4153625225,0.0,0.0,0.0,3659508.4153625225,0.0,-0.0739539233417188,365.95084153625226,165.19664653522662,
43696,1693.8967,1731.3049,1693.8967,1731.3049,1693.8967,1731.3049,1693.8967,1731.3049,52.158300000000054,30.70770800291607,1774.2422,1611.2935,0,,,0,3659508.4153625225,0.0,0.0,0.0,3659508.4153625225,0.0,-0.0739539233417188,365.95084153625226,170.3280485515713,
43697,1735.4808,1745.0597,1733.5768,1737.499,1735.4808,1745.0597,1733.5768,1737.499,13.754799999999932,29.093145335971677,1774.2422,1611.2935,0,,,0,3659508.4153625225,0.0,0.0,0.0,3659508.4153625225,0.0,-0.0739539233417188,365.95084153625226,170.93743223987096,
43698,1735.7427,1744.9518,1734.923,1740.6009,1735.7427,1744.9518,1734.923,1740.6009,10.028800000000047,27.277493399212474,1774.2422,1623.8424,0,,,0,3659508.4153625225,0.0,0.0,0.0,3659508.4153625225,0.0,-0.0739539233417188,365.95084153625226,171.2426012333868,
43699,1743.5149,1750.7621,1735.1417,1750.7621,1743.5149,1750.7621,1735.1417,1750.7621,15.620400000000018,26.167294027858908,1774.2422,1623.8424,0,,,0,3659508.4153625225,0.0,0.0,0.0,3659508.4153625225,0.0,-0.0739539233417188,365.95084153625226,172.24227342685327,
43700,1750.9661,1753.0839,1739.6904,1744.6374,1750.9661,1753.0839,1739.6904,1744.6374,13.393500000000131,24.950742215681885,1774.2422,1623.8424,0,,,0,3659508.4153625225,0.0,0.0,0.0,3659508.4153625225,0.0,-0.0739539233417188,365.95084153625226,171.63971740164723,
43703,1706.0885,1736.0722,1706.0885,1732.7601,1706.0885,1736.0722,1706.0885,1732.7601,38.5489,26.245804861807418,1774.2422,1623.8424,0,,,0,3659508.4153625225,0.0,0.0,0.0,3659508.4153625225,0.0,-0.0739539233417188,365.95084153625226,170.47121303764894,
43704,1740.871,1768.3974,1740.871,1764.6345,1740.871,1768.3974,1740.871,1764.6345,35.637300000000096,27.14023297020672,1774.2422,1623.8424,0,,,0,3659508.4153625225,0.0,0.0,0.0,3659508.4153625225,0.0,-0.0739539233417188,365.95084153625226,173.60705834759534,
43705,1763.21,1770.4977,1760.9338,1764.9914,1763.21,1770.4977,1760.9338,1764.9914,9.563899999999876,25.46629649685369,1768.3974,1623.8424,1,1768.3974,1741.2571670297934,2000,122006.2564025222,3529982.8000000003,707.3589600000001,-7519.358959999867,3651989.0564025226,-0.002054745639724076,-0.0758567124799161,365.19890564025224,173.6421706380579,BUY
43706,1766.3985,1773.8974,1761.9059,1764.7236,1766.3985,1773.8974,1761.9059,1764.7236,11.991500000000087,24.182982544772393,1770.4977,1623.8424,1,,1741.2571670297934,2000,122006.2564025222,3529447.2,0.0,-535.6000000000931,3651453.4564025225,-0.00014665980421302294,-0.07599224715352848,365.14534564025223,173.6158241225469,
43707,1771.2689,1772.3311,1729.1408,1733.4086,1771.2689,1772.3311,1729.1408,1733.4086,43.19030000000021,25.99320325479409,1773.8974,1670.1886,0,1741.2571670297934,,0,3602082.8304282674,0.0,2437.7600338417105,-49370.62597425515,3602082.8304282674,-0.013520814810794812,-0.08848558486350433,360.20828304282674,170.5350133188621,SELL
43710,1734.4483,1778.6377,1734.4483,1778.6377,1734.4483,1778.6377,1734.4483,1778.6377,45.22910000000002,27.82519342100418,1773.8974,1693.8967,1,1773.8974,1747.904196745206,2000,53578.47146826708,3557275.4,709.5589600000001,8771.041039999574,3610853.871468267,0.002434991490452898,-0.0862660550192218,361.0853871468267,174.98471154402387,BUY
43711,1782.2853,1793.7042,1781.6518,1793.7042,1782.2853,1793.7042,1781.6518,1793.7042,15.066499999999905,26.610079761860916,1778.6377,1706.0885,1,,1747.904196745206,2000,53578.47146826708,3587408.4,0.0,30133.0,3640986.871468267,0.00834511754632361,-0.07864083784229126,364.09868714682665,176.4669735901269,
43712,1790.6571,1807.879,1790.3683,1807.879,1790.6571,1807.879,1790.3683,1807.879,17.510699999999815,25.74347216549319,1793.7042,1706.0885,1,,1747.904196745206,2000,53578.47146826708,3615758.0,0.0,28349.600000000093,3669336.471468267,0.007786240654190424,-0.07146691367678804,366.93364714682673,177.8615090197955,
43713,1816.7836,1843.8232,1816.703,1824.4677,1816.7836,1843.8232,1816.703,1824.4677,35.94420000000014,26.714970054493854,1807.879,1706.0885,1,,1747.904196745206,2000,53578.47146826708,3648935.4,0.0,33177.39999999991,3702513.871468267,0.00904179822645812,-0.06307130486366308,370.2513871468267,179.4935270999196,
43714,1829.0243,1835.3995,1819.0201,1833.4006,1829.0243,1835.3995,1819.0201,1833.4006,16.379400000000032,25.73063004930397,1843.8232,1706.0885,1,,1747.904196745206,2000,53578.47146826708,3666801.1999999997,0.0,17865.799999999814,3720379.6714682668,0.004825316155511183,-0.05855032769445978,372.03796714682665,180.37235752713454,
43717,1848.6689,1879.0988,1845.0124,1879.0988,1848.6689,1879.0988,1845.0124,1879.0988,45.69820000000004,27.63230337794169,1843.8232,1706.0885,1,,1747.904196745206,2000,53578.47146826708,3758197.6,0.0,91396.40000000037,3811776.071468267,0.024566417428017573,-0.03542228205713149,381.1776071468267,184.8682064260312,
43718,1881.538,1888.4179,1869.2283,1885.3369,1881.538,1888.4179,1869.2283,1885.3369,19.189599999999928,26.828236389566282,1879.0988,1729.1408,1,,1747.904196745206,2000,53578.47146826708,3770673.8,0.0,12476.19999999972,3824252.271468267,0.0032730674011482996,-0.03226515417265874,382.42522714682667,185.48191889208474,
43719,1889.1892,1890.3807,1873.3755,1873.3755,1889.1892,1890.3807,1873.3755,1873.3755,17.00519999999983,25.892709114369474,1888.4179,1729.1408,1,,1747.904196745206,2000,53578.47146826708,3746751.0,0.0,-23922.799999999814,3800329.471468267,-0.006255549660905357,-0.038318867559320235,380.0329471468267,184.30514065969786,
43720,1877.351,1886.691,1871.6978,1886.691,1877.351,1886.691,1871.6978,1886.691,14.993200000000115,24.85466062728668,1890.3807,1729.1408,1,,1747.904196745206,2000,53578.47146826708,3773382.0,0.0,26631.0,3826960.471468267,0.007007550318975708,-0.03157983863293268,382.69604714682674,185.6151370274598,
43724,1893.2924,1901.9931,1887.3171,1895.2205,1893.2924,1901.9931,1887.3171,1895.2205,15.302099999999882,23.94489294849746,1890.3807,1729.1408,1,,1747.904196745206,2000,53578.47146826708,3790441.0,0.0,17059.0,3844019.471468267,0.004457584583687835,-0.02726302385109025,384.40194714682667,186.45428043317685,
43725,1890.9557,1890.9557,1839.0206,1846.4528,1890.9557,1890.9557,1839.0206,1846.4528,56.19989999999984,27.016798381973878,1901.9931,1734.4483,1,,1747.904196745206,2000,53578.47146826708,3692905.6,0.0,-97535.3999999999,3746484.071468267,-0.02537328458504018,-0.05194455597330794,374.6484071468267,181.65645009529214,
43726,1848.5077,1855.3742,1844.4258,1848.5224,1848.5077,1855.3742,1844.4258,1848.5224,10.948399999999992,25.486474726547794,1901.9931,1781.6518,1,,1747.904196745206,2000,53578.47146826708,3697044.8000000003,0.0,4139.200000000186,3750623.2714682673,0.0011048225272123346,-0.05089712296170101,375.06232714682676,181.86006005982372,
43727,1850.7981,1872.7086,1844.2487,1872.7086,1850.7981,1872.7086,1844.2487,1872.7086,28.459899999999834,25.769658085924178,1901.9931,1790.3683,1,,1747.904196745206,2000,53578.47146826708,3745417.1999999997,0.0,48372.39999999944,3798995.6714682668,0.012897163084327312,-0.038656388372733885,379.8995671468267,184.2395301623331,
43728,1875.2549,1880.893,1868.3687,1871.8696,1875.2549,1880.893,1868.3687,1871.8696,12.52430000000004,24.50819541107426,1901.9931,1816.703,1,,1747.904196745206,2000,53578.47146826708,3743739.2,0.0,-1677.9999999995343,3797317.671468267,-0.00044169568620511246,-0.03908100969895045,379.7317671468267,184.15698824107199,
43731,1865.2795,1865.2795,1844.8731,1858.2123,1865.2795,1865.2795,1844.8731,1858.2123,26.99649999999997,24.74517680049576,1901.9931,1819.0201,1,,1747.904196745206,2000,53578.47146826708,3716424.5999999996,0.0,-27314.60000000056,3770003.0714682667,-0.007193130088965938,-0.04599302500114377,377.0003071468267,182.81336514066754,
43732,1859.7412,1878.3089,1859.1879,1864.307,1859.7412,1878.3089,1859.1879,1864.307,20.09660000000008,24.302455200448552,1901.9931,1839.0206,1,,1747.904196745206,2000,53578.47146826708,3728614.0,0.0,12189.400000000373,3782192.471468267,0.003233259965290447,-0.04290847244227214,378.21924714682666,183.41296972649602,
43733,1854.6203,1854.6203,1824.8938,1824.8938,1854.6203,1854.6203,1824.8938,1824.8938,39.41319999999996,25.74157375278678,1901.9931,1839.0206,0,1839.0206,,0,3729045.0426282673,0.0,2574.6288400000003,-53147.42883999972,3729045.0426282673,-0.014052015924871153,-0.05635753782907249,372.9045042628267,179.53544737721325,SELL
43734,1827.1147,1827.1147,1764.6155,1764.6155,1827.1147,1827.1147,1764.6155,1764.6155,62.49919999999997,29.24230006204518,1901.9931,1824.8938,0,,,0,3729045.0426282673,0.0,0.0,0.0,3729045.0426282673,0.0,-0.05635753782907249,372.9045042628267,173.6051891026562,
43735,1761.7072,1787.9529,1761.7072,1782.711,1761.7072,1787.9529,1761.7072,1782.711,26.245699999999943,28.956909579945634,1901.9931,1764.6155,0,,,0,3729045.0426282673,0.0,0.0,0.0,3729045.0426282673,0.0,-0.05635753782907249,372.9045042628267,175.38544814458749,
43738,1781.7309,1788.4183,1761.2348,1761.2348,1781.7309,1788.4183,1761.2348,1761.2348,27.183500000000095,28.78801342947463,1901.9931,1761.7072,0,,,0,3729045.0426282673,0.0,0.0,0.0,3729045.0426282673,0.0,-0.05635753782907249,372.9045042628267,173.27259139919082,
43746,1763.5047,1781.2139,1763.1078,1766.2543,1763.5047,1781.2139,1763.1078,1766.2543,19.979100000000017,27.94906929333419,1901.9931,1761.2348,0,,,0,3729045.0426282673,0.0,0.0,0.0,3729045.0426282673,0.0,-0.05635753782907249,372.9045042628267,173.76641639772495,
43747,1760.7529,1787.5384,1756.4141,1787.5384,1760.7529,1787.5384,1756.4141,1787.5384,31.12429999999995,28.25147221777855,1901.9931,1761.2348,0,,,0,3729045.0426282673,0.0,0.0,0.0,3729045.0426282673,0.0,-0.05635753782907249,372.9045042628267,175.86037409297347,
43748,1788.7221,1811.2943,1788.7221,1811.2943,1788.7221,1811.2943,1788.7221,1811.2943,23.75590000000011,27.823322482752033,1901.9931,1756.4141,0,,,0,3729045.0426282673,0.0,0.0,0.0,3729045.0426282673,0.0,-0.05635753782907249,372.9045042628267,178.1975107166764,
43749,1814.7872,1821.8775,1801.4275,1815.8849,1814.7872,1821.8775,1801.4275,1815.8849,20.450000000000045,27.12110129391851,1901.9931,1756.4141,0,,,0,3729045.0426282673,0.0,0.0,0.0,3729045.0426282673,0.0,-0.05635753782907249,372.9045042628267,178.6491399702416,
43752,1828.39,1846.1176,1828.39,1845.2874,1828.39,1846.1176,1828.39,1845.2874,30.232700000000023,27.417444027831035,1901.9931,1756.4141,0,,,0,3729045.0426282673,0.0,0.0,0.0,3729045.0426282673,0.0,-0.05635753782907249,372.9045042628267,181.54179651360238,
43753,1840.0613,1840.0613,1819.2008,1825.9026,1840.0613,1840.0613,1819.2008,1825.9026,26.086599999999862,27.2906969775614,1901.9931,1756.4141,0,,,0,3729045.0426282673,0.0,0.0,0.0,3729045.0426282673,0.0,-0.05635753782907249,372.9045042628267,179.63469444535173,
43754,1826.2134,1830.2293,1812.0753,1812.1144,1826.2134,1830.2293,1812.0753,1812.1144,18.153999999999996,26.420535360650792,1901.9931,1756.4141,0,,,0,3729045.0426282673,0.0,0.0,0.0,3729045.0426282673,0.0,-0.05635753782907249,372.9045042628267,178.27819323112956,
43755,1810.4996,1819.5701,1804.9497,1809.8146,1810.4996,1819.5701,1804.9497,1809.8146,14.620400000000018,25.29671294535072,1901.9931,1756.4141,0,,,0,3729045.0426282673,0.0,0.0,0.0,3729045.0426282673,0.0,-0.05635753782907249,372.9045042628267,178.0519358884403,
43756,1809.0443,1815.6991,1781.4747,1785.5887,1809.0443,1815.6991,1781.4747,1785.5887,34.22440000000006,26.146968855317322,1901.9931,1756.4141,0,,,0,3729045.0426282673,0.0,0.0,0.0,3729045.0426282673,0.0,-0.05635753782907249,372.9045042628267,175.6685600478212,
43759,1785.9267,1785.9267,1759.3652,1779.3133,1785.9267,1785.9267,1759.3652,1779.3133,26.561500000000024,26.186448011953768,1901.9931,1756.4141,0,,,0,3729045.0426282673,0.0,0.0,0.0,3729045.0426282673,0.0,-0.05635753782907249,372.9045042628267,175.05117795880813,
43760,1777.6331,1803.2348,1777.6331,1803.2348,1777.6331,1803.2348,1777.6331,1803.2348,25.601699999999937,26.13075772510102,1890.9557,1756.4141,0,,,0,3729045.0426282673,0.0,0.0,0.0,3729045.0426282673,0.0,-0.05635753782907249,372.9045042628267,177.40460652787556,
43761,1803.2772,1806.8012,1790.4416,1792.4028,1803.2772,1806.8012,1790.4416,1792.4028,16.3596,25.2001712750914,1880.893,1756.4141,0,,,0,3729045.0426282673,0.0,0.0,0.0,3729045.0426282673,0.0,-0.05635753782907249,372.9045042628267,176.33894014992526,
43762,1790.1433,1794.9283,1779.1255,1791.4145,1790.1433,1794.9283,1779.1255,1791.4145,15.802799999999934,24.3051835346065,1880.893,1759.3652,0,,,0,3729045.0426282673,0.0,0.0,0.0,3729045.0426282673,0.0,-0.05635753782907249,372.9045042628267,176.24170989869478,
43763,1788.9871,1802.5405,1778.3309,1800.949,1788.9871,1802.5405,1778.3309,1800.949,24.209600000000137,24.296080340834465,1880.893,1759.3652,0,,,0,3729045.0426282673,0.0,0.0,0.0,3729045.0426282673,0.0,-0.05635753782907249,372.9045042628267,177.17972652356252,
43766,1807.9783,1838.6264,1807.9783,1838.6264,1807.9783,1838.6264,1807.9783,1838.6264,37.677400000000034,25.570491736945474,1878.3089,1759.3652,0,,,0,3729045.0426282673,0.0,0.0,0.0,3729045.0426282673,0.0,-0.05635753782907249,372.9045042628267,180.8864785904555,
43767,1840.5325,1840.5325,1808.4722,1808.4722,1840.5325,1840.5325,1808.4722,1808.4722,32.0603000000001,26.188568714379247,1878.3089,1759.3652,0,,,0,3729045.0426282673,0.0,0.0,0.0,3729045.0426282673,0.0,-0.05635753782907249,372.9045042628267,177.91986881442253,
43768,1799.309,1799.309,1777.4816,1781.6353,1799.309,1799.309,1777.4816,1781.6353,30.99059999999986,26.6459050272955,1854.6203,1759.3652,0,,,0,3729045.0426282673,0.0,0.0,0.0,3729045.0426282673,0.0,-0.05635753782907249,372.9045042628267,175.27961936663684,
43769,1779.4656,1784.2705,1754.7213,1754.7213,1779.4656,1784.2705,1754.7213,1754.7213,29.549200000000155,26.922409310410227,1846.1176,1759.3652,0,,,0,3729045.0426282673,0.0,0.0,0.0,3729045.0426282673,0.0,-0.05635753782907249,372.9045042628267,172.63178471965062,
43770,1748.5522,1772.2883,1748.5102,1772.0985,1748.5522,1772.2883,1748.5102,1772.0985,23.778099999999995,26.62295128084735,1846.1176,1754.7213,0,,,0,3729045.0426282673,0.0,0.0,0.0,3729045.0426282673,0.0,-0.05635753782907249,372.9045042628267,174.34137646475017,
43773,1774.3771,1783.6468,1772.2272,1774.8026,1774.3771,1783.6468,1772.2272,1774.8026,11.548299999999927,25.187270206480928,1846.1176,1748.5102,0,,,0,3729045.0426282673,0.0,0.0,0.0,3729045.0426282673,0.0,-0.05635753782907249,372.9045042628267,174.60740937211864,
43774,1775.5477,1775.8393,1760.7311,1772.886,1775.5477,1775.8393,1760.7311,1772.886,15.108200000000124,24.22735875824466,1846.1176,1748.5102,0,,,0,3729045.0426282673,0.0,0.0,0.0,3729045.0426282673,0.0,-0.05635753782907249,372.9045042628267,174.418851748413,
43775,1771.5445,1773.4876,1749.6071,1754.4153,1771.5445,1773.4876,1749.6071,1754.4153,23.880499999999984,24.194324590792785,1846.1176,1748.5102,0,,,0,3729045.0426282673,0.0,0.0,0.0,3729045.0426282673,0.0,-0.05635753782907249,372.9045042628267,172.6016800379988,
43776,1753.4191,1768.2322,1751.8821,1768.2322,1753.4191,1768.2322,1751.8821,1768.2322,16.350099999999884,23.447255582145843,1846.1176,1748.5102,0,,,0,3729045.0426282673,0.0,0.0,0.0,3729045.0426282673,0.0,-0.05635753782907249,372.9045042628267,173.9610047958922,
43777,1774.9856,1779.2167,1763.6315,1763.6315,1774.9856,1779.2167,1763.6315,1763.6315,15.585199999999986,22.698488383846236,1846.1176,1748.5102,0,,,0,3729045.0426282673,0.0,0.0,0.0,3729045.0426282673,0.0,-0.05635753782907249,372.9045042628267,173.50838189106983,
43780,1755.0271,1755.0271,1717.3139,1717.8541,1755.0271,1755.0271,1717.3139,1717.8541,46.31759999999986,24.947927585384676,1846.1176,1748.5102,0,,,0,3729045.0426282673,0.0,0.0,0.0,3729045.0426282673,0.0,-0.05635753782907249,372.9045042628267,169.00474119221622,
43781,1716.4794,1723.397,1697.5335,1723.397,1716.4794,1723.397,1697.5335,1723.397,25.86349999999993,25.035124958205177,1840.5325,1717.3139,0,,,0,3729045.0426282673,0.0,0.0,0.0,3729045.0426282673,0.0,-0.05635753782907249,372.9045042628267,169.55005896975874,
43782,1721.0202,1721.5552,1709.1415,1716.6266,1721.0202,1721.5552,1709.1415,1716.6266,14.255499999999984,24.008494009804686,1840.5325,1697.5335,0,,,0,3729045.0426282673,0.0,0.0,0.0,3729045.0426282673,0.0,-0.05635753782907249,372.9045042628267,168.8839781310148,
43783,1716.4925,1733.9402,1716.4925,1730.62,1716.4925,1733.9402,1716.4925,1730.62,17.44769999999994,23.38365648506138,1840.5325,1697.5335,0,,,0,3729045.0426282673,0.0,0.0,0.0,3729045.0426282673,0.0,-0.05635753782907249,372.9045042628267,170.26066719057994,
43784,1728.5698,1728.5698,1706.1583,1706.1583,1728.5698,1728.5698,1706.1583,1706.1583,24.461699999999837,23.4863272960079,1840.5325,1697.5335,0,,,0,3729045.0426282673,0.0,0.0,0.0,3729045.0426282673,0.0,-0.05635753782907249,372.9045042628267,167.85409303645264,
43787,1702.3673,1719.027,1702.3673,1719.027,1702.3673,1719.027,1702.3673,1719.027,16.659700000000157,22.836172315435736,1840.5325,1697.5335,0,,,0,3729045.0426282673,0.0,0.0,0.0,3729045.0426282673,0.0,-0.05635753782907249,372.9045042628267,169.1201326337504,
43788,1719.6446,1749.827,1719.6446,1749.827,1719.6446,1749.827,1719.6446,1749.827,30.799999999999955,23.594632094918044,1840.5325,1697.5335,0,,,0,3729045.0426282673,0.0,0.0,0.0,3729045.0426282673,0.0,-0.05635753782907249,372.9045042628267,172.1502770614525,
43789,1749.0776,1750.3094,1736.8295,1737.7112,1749.0776,1750.3094,1736.8295,1737.7112,13.479900000000043,22.631324276354423,1840.5325,1697.5335,0,,,0,3729045.0426282673,0.0,0.0,0.0,3729045.0426282673,0.0,-0.05635753782907249,372.9045042628267,170.95830875440205,
43790,1731.2101,1740.5609,1730.594,1735.9515,1731.2101,1740.5609,1730.594,1735.9515,9.966899999999896,21.42518863098733,1840.5325,1697.5335,0,,,0,3729045.0426282673,0.0,0.0,0.0,3729045.0426282673,0.0,-0.05635753782907249,372.9045042628267,170.7851871586414,
43791,1736.5603,1750.0734,1709.2932,1717.0724,1736.5603,1750.0734,1709.2932,1717.0724,40.78019999999992,23.268523047083765,1840.5325,1697.5335,0,,,0,3729045.0426282673,0.0,0.0,0.0,3729045.0426282673,0.0,-0.05635753782907249,372.9045042628267,168.92783652016638,
43794,1714.3752,1714.3752,1696.1341,1702.2471,1714.3752,1714.3752,1696.1341,1702.2471,20.938300000000027,23.0465970425996,1840.5325,1697.5335,0,,,0,3729045.0426282673,0.0,0.0,0.0,3729045.0426282673,0.0,-0.05635753782907249,372.9045042628267,167.4693040466595,
43795,1702.8871,1707.696,1696.9375,1700.3338,1702.8871,1707.696,1696.9375,1700.3338,10.758499999999913,21.876302086161537,1840.5325,1696.1341,0,,,0,3729045.0426282673,0.0,0.0,0.0,3729045.0426282673,0.0,-0.05635753782907249,372.9045042628267,167.2810710812854,
43796,1699.301,1705.8886,1692.7796,1699.6412,1699.301,1705.8886,1692.7796,1699.6412,13.108999999999924,21.041320935098526,1799.309,1696.1341,0,,,0,3729045.0426282673,0.0,0.0,0.0,3729045.0426282673,0.0,-0.05635753782907249,372.9045042628267,167.21293218418714,
43797,1697.7728,1705.6084,1693.435,1696.0201,1697.7728,1705.6084,1693.435,1696.0201,12.173400000000129,20.196757036517724,1784.2705,1692.7796,0,,,0,3729045.0426282673,0.0,0.0,0.0,3729045.0426282673,0.0,-0.05635753782907249,372.9045042628267,166.8566836131757,
43798,1694.6108,1697.8132,1683.3029,1697.3476,1694.6108,1697.8132,1683.3029,1697.3476,14.510300000000143,19.655189699706526,1783.6468,1692.7796,0,,,0,3729045.0426282673,0.0,0.0,0.0,3729045.0426282673,0.0,-0.05635753782907249,372.9045042628267,166.9872848056359,
43801,1698.7258,1704.1939,1695.7694,1700.2799,1698.7258,1704.1939,1695.7694,1700.2799,8.42450000000008,18.585600204496387,1783.6468,1683.3029,0,,,0,3729045.0426282673,0.0,0.0,0.0,3729045.0426282673,0.0,-0.05635753782907249,372.9045042628267,167.2757683285369,
43802,1693.1787,1712.362,1688.347,1712.362,1693.1787,1712.362,1688.347,1712.362,24.0150000000001,19.102685899306266,1779.2167,1683.3029,0,,,0,3729045.0426282673,0.0,0.0,0.0,3729045.0426282673,0.0,-0.05635753782907249,372.9045042628267,168.46442118535313,
43803,1703.3784,1717.2689,1703.3784,1714.7653,1703.3784,1717.2689,1703.3784,1714.7653,13.890499999999975,18.606287242229477,1779.2167,1683.3029,0,,,0,3729045.0426282673,0.0,0.0,0.0,3729045.0426282673,0.0,-0.05635753782907249,372.9045042628267,168.70086099389522,
43804,1715.783,1735.6102,1715.783,1734.9792,1715.783,1735.6102,1715.783,1734.9792,20.844900000000052,18.819488457255247,1779.2167,1683.3029,0,,,0,3729045.0426282673,0.0,0.0,0.0,3729045.0426282673,0.0,-0.05635753782907249,372.9045042628267,170.6895310084124,
43805,1733.7852,1745.6332,1731.1639,1745.6332,1733.7852,1745.6332,1731.1639,1745.6332,14.469299999999976,18.405184794659508,1779.2167,1683.3029,0,,,0,3729045.0426282673,0.0,0.0,0.0,3729045.0426282673,0.0,-0.05635753782907249,372.9045042628267,171.7376855127221,
43808,1747.5426,1753.7095,1746.5072,1751.4612,1747.5426,1753.7095,1746.5072,1751.4612,8.076299999999947,17.421481480882406,1755.0271,1683.3029,0,,,0,3729045.0426282673,0.0,0.0,0.0,3729045.0426282673,0.0,-0.05635753782907249,372.9045042628267,172.31105180248335,
43809,1747.4753,1761.0073,1743.0259,1761.0073,1747.4753,1761.0073,1743.0259,1761.0073,17.981399999999894,17.47480705413169,1753.7095,1683.3029,1,1753.7095,1736.2880185191175,2100,45518.53463826759,3698115.33,736.55799,14588.822010000236,3743633.8646382676,0.0039122139430416425,-0.052665806631321366,374.36338646382677,173.25020965057712,BUY
43810,1760.6505,1762.7559,1751.6734,1758.6164,1760.6505,1762.7559,1751.6734,1758.6164,11.08250000000021,16.86601590611917,1761.0073,1683.3029,1,,1736.2880185191175,2100,45518.53463826759,3693094.4400000004,0.0,-5020.889999999665,3738612.974638268,-0.0013411808370006328,-0.05393635309770295,373.86129746382676,173.0149897703111,
43811,1757.5178,1767.5936,1756.6692,1757.7201,1757.5178,1767.5936,1756.6692,1757.7201,10.924399999999878,16.300147724584,1762.7559,1683.3029,1,,1736.2880185191175,2100,45518.53463826759,3691212.21,0.0,-1882.230000000447,3736730.7446382674,-0.0005034567666588607,-0.05441265524242589,373.67307446382677,172.92681059983872,
43812,1765.7164,1775.5837,1764.0712,1775.5837,1765.7164,1775.5837,1764.0712,1775.5837,17.863599999999906,16.449047941290278,1767.5936,1683.3029,1,,1736.2880185191175,2100,45518.53463826759,3728725.77,0.0,37513.560000000056,3774244.3046382675,0.010039139173682043,-0.04491977228753219,377.42443046382675,174.68425501538093,
43815,1779.8379,1807.8249,1779.5405,1807.8249,1779.8379,1807.8249,1779.5405,1807.8249,32.24120000000016,17.953062423072172,1775.5837,1688.347,1,,1736.2880185191175,2100,45518.53463826759,3796432.29,0.0,67706.52000000002,3841950.8246382675,0.017939093109789805,-0.027786499155278865,384.1950824638268,177.85618659078452,
43816,1810.0434,1830.2896,1810.0434,1827.9623,1810.0434,1830.2896,1810.0434,1827.9623,22.464699999999993,18.382742192303393,1807.8249,1688.347,1,,1736.2880185191175,2100,45518.53463826759,3838720.8299999996,0.0,42288.53999999957,3884239.364638267,0.011007048744300585,-0.017085297761613827,388.4239364638267,179.83733043488868,
43817,1827.2111,1839.7113,1827.2111,1833.0166,1827.2111,1839.7113,1827.2111,1833.0166,12.50019999999995,17.822500078750686,1830.2896,1703.3784,1,,1736.2880185191175,2100,45518.53463826759,3849334.86,0.0,10614.03000000026,3894853.3946382673,0.0027325890614851023,-0.01439939579790439,389.48533946382673,180.33457910310085,
43818,1832.7497,1848.7994,1832.7497,1847.0798,1832.7497,1848.7994,1832.7497,1847.0798,16.04970000000003,17.65366197601253,1839.7113,1715.783,1,,1736.2880185191175,2100,45518.53463826759,3878867.58,0.0,29532.720000000205,3924386.1146382676,0.007582498494206558,-0.006926080700652815,392.43861146382676,181.71813517828463,
43819,1848.5076,1849.9076,1826.4687,1826.4687,1848.5076,1849.9076,1826.4687,1826.4687,23.438900000000103,18.204637025916107,1848.7994,1731.1639,1,,1736.2880185191175,2100,45518.53463826759,3835584.27,0.0,-43283.310000000056,3881102.8046382675,-0.011029319933262949,-0.017879010673984674,388.1102804638267,179.69038810640762,
43822,1821.5334,1821.5334,1783.4131,1783.4131,1821.5334,1821.5334,1783.4131,1783.4131,43.05559999999991,20.571395404400278,1849.9076,1743.0259,1,,1736.2880185191175,2100,45518.53463826759,3745167.51,0.0,-90416.76000000024,3790686.0446382673,-0.023296667094709234,-0.04075915640903938,379.0686044638267,175.45452166415532,
43823,1785.6249,1813.9627,1785.6249,1813.9627,1785.6249,1813.9627,1785.6249,1813.9627,30.549600000000055,21.52170060398121,1849.9076,1743.0259,1,,1736.2880185191175,2100,45518.53463826759,3809321.67,0.0,64154.16000000015,3854840.2046382674,0.016924155481233605,-0.024524815228156416,385.48402046382677,178.46003141118547,
43824,1813.0185,1826.276,1813.0185,1822.6509,1813.0185,1826.276,1813.0185,1822.6509,13.257500000000164,20.734633879792536,1849.9076,1751.6734,1,,1736.2880185191175,2100,45518.53463826759,3827566.89,0.0,18245.220000000205,3873085.4246382676,0.004733067787880518,-0.01990782505323596,387.30854246382677,179.31478793121022,
43825,1821.5307,1838.0297,1821.5307,1838.0297,1821.5307,1838.0297,1821.5307,1838.0297,16.499000000000024,20.331240176955156,1849.9076,1756.6692,1,,1736.2880185191175,2100,45518.53463826759,3859862.37,0.0,32295.47999999998,3905380.9046382676,0.008338437307515933,-0.011735387896855354,390.53809046382673,180.8277744612344,
43826,1841.0279,1845.9179,1820.4075,1820.4075,1841.0279,1845.9179,1820.4075,1820.4075,25.51039999999989,20.824493493435607,1849.9076,1764.0712,1,,1736.2880185191175,2100,45518.53463826759,3822855.75,0.0,-37006.62000000011,3868374.2846382675,-0.009475802976362413,-0.02109998864965601,386.8374284638267,179.0940792945509,
43829,1810.1321,1825.759,1792.4877,1825.759,1810.1321,1825.759,1792.4877,1825.759,33.27130000000011,22.009903636917944,1849.9076,1779.5405,1,,1736.2880185191175,2100,45518.53463826759,3834093.9,0.0,11238.149999999907,3879612.4346382674,0.002905135122169389,-0.01825615184559004,387.96124346382675,179.62056688886415,
43830,1824.836,1835.8921,1824.836,1835.8921,1824.836,1835.8921,1824.836,1835.8921,11.056100000000015,20.96668424292576,1849.9076,1783.4131,1,,1736.2880185191175,2100,45518.53463826759,3855373.41,0.0,21279.510000000242,3900891.9446382676,0.00548495767515611,-0.01287132839061822,390.08919446382674,180.6174745674469,
43832,1848.2495,1874.4336,1848.2495,1873.9215,1848.2495,1874.4336,1848.2495,1873.9215,38.54150000000004,22.640476219789978,1849.9076,1783.4131,1,,1736.2880185191175,2100,45518.53463826759,3935235.15,0.0,79861.73999999976,3980753.6846382674,0.02047268705039862,0.0,398.07536846382675,184.35885685637075,
43833,1878.7584,1890.3723,1873.4735,1886.7108,1878.7584,1890.3723,1873.4735,1886.7108,16.898799999999937,22.093649913143306,1874.4336,1783.4131,1,,1736.2880185191175,2100,45518.53463826759,3962092.68,0.0,26857.53000000026,4007611.2146382676,0.006746845478946328,0.0,400.7611214638268,185.61708497744905,
43836,1875.6112,1910.8564,1875.6112,1902.3342,1875.6112,1910.8564,1875.6112,1902.3342,35.24519999999984,23.34617849284393,1890.3723,1783.4131,1,,1736.2880185191175,2100,45518.53463826759,3994901.82,0.0,32809.139999999665,4040420.3546382673,0.008186707303383223,0.0,404.0420354638267,187.1541355765322,
43837,1904.5751,1928.6772,1904.5751,1928.6772,1904.5751,1928.6772,1904.5751,1928.6772,26.343000000000075,23.631590064954036,1910.8564,1783.4131,1,,1736.2880185191175,2100,45518.53463826759,4050222.12,0.0,55320.30000000028,4095740.6546382676,0.013691718965947342,0.0,409.57406546382674,189.7457944940308,
43838,1921.8351,1928.4641,1899.6447,1899.6447,1921.8351,1928.4641,1899.6447,1899.6447,29.032500000000027,24.14596243972032,1928.6772,1785.6249,1,,1736.2880185191175,2100,45518.53463826759,3989253.87,0.0,-60968.25,4034772.4046382676,-0.014885769178513697,-0.014885769178513697,403.4772404638268,186.8895390363275,
43839,1913.7545,1933.6434,1913.7545,1933.6434,1913.7545,1933.6434,1913.7545,1933.6434,33.99869999999987,25.084318397842182,1928.6772,1792.4877,1,,1736.2880185191175,2100,45518.53463826759,4060651.1399999997,0.0,71397.26999999955,4106169.674638267,0.01769548882557115,0.0,410.61696746382677,190.23437576860397,
43840,1938.6374,1938.6374,1919.5558,1928.3488,1938.6374,1938.6374,1919.5558,1928.3488,19.08159999999998,24.512630931381022,1933.6434,1792.4877,1,,1736.2880185191175,2100,45518.53463826759,4049532.48,0.0,-11118.659999999683,4095051.0146382675,-0.0027077936084020093,-0.0027077936084020093,409.50510146382675,189.713486070977,
43843,1926.3679,1952.3133,1921.3732,1952.3133,1926.3679,1952.3133,1921.3732,1952.3133,30.94010000000003,25.12477084267807,1938.6374,1792.4877,1,,1736.2880185191175,2100,45518.53463826759,4099857.93,0.0,50325.450000000186,4145376.4646382676,0.012289334081579284,0.0,414.53764646382683,192.0711450364857,
43844,1957.433,1961.3419,1952.708,1952.708,1957.433,1961.3419,1952.708,1952.708,9.02859999999987,23.591802190994432,1952.3133,1792.4877,1,,1736.2880185191175,2100,45518.53463826759,4100686.8000000003,0.0,828.8700000001118,4146205.3346382678,0.00019995047665055665,0.0,414.62053346382675,192.10997614056407,
43845,1949.4471,1951.3258,1933.3538,1945.3528,1949.4471,1951.3258,1933.3538,1945.3528,19.35419999999999,23.188221029947343,1961.3419,1824.836,1,,1736.2880185191175,2100,45518.53463826759,4085240.88,0.0,-15445.920000000391,4130759.4146382674,-0.0037253147766131978,-0.0037253147766131978,413.0759414638267,191.38636191021877,
43846,1945.3605,1950.1688,1938.0832,1939.9419,1945.3605,1950.1688,1938.0832,1939.9419,12.085599999999886,22.130828550904727,1961.3419,1848.2495,1,,1736.2880185191175,2100,45518.53463826759,4073877.99,0.0,-11362.889999999665,4119396.5246382677,-0.002750799274276905,-0.006465866457706193,411.9396524638268,190.85403046593783,
43847,1943.804,1947.1422,1930.9479,1931.2264,1943.804,1947.1422,1930.9479,1931.2264,16.194300000000112,21.565444879390004,1961.3419,1873.4735,1,,1736.2880185191175,2100,45518.53463826759,4055575.44,0.0,-18302.55000000028,4101093.9746382674,-0.004443017294045837,-0.010880155795259472,410.1093974638268,189.99658813607945,
43850,1931.6104,1953.1145,1925.748,1953.1145,1931.6104,1953.1145,1925.748,1953.1145,27.36649999999986,22.117926319448088,1961.3419,1875.6112,1,,1736.2880185191175,2100,45518.53463826759,4101540.4499999997,0.0,45965.00999999978,4147058.984638267,0.0112079874990072,0.0,414.7058984638267,192.14996814413098,
43851,1950.2894,1950.2894,1931.9048,1931.9048,1950.2894,1950.2894,1931.9048,1931.9048,21.209699999999884,22.031428574738733,1961.3419,1899.6447,1,,1736.2880185191175,2100,45518.53463826759,4057000.08,0.0,-44540.369999999646,4102518.6146382676,-0.010740230646583138,-0.010740230646583138,410.25186146382674,190.06333001853898,
43852,1924.0205,1940.5681,1894.6253,1934.1713,1924.0205,1940.5681,1894.6253,1934.1713,45.942800000000034,24.308702043811238,1961.3419,1899.6447,0,1899.6447,,0,4031979.9269292676,0.0,2792.4777090000002,-70538.68770899996,4031979.9269292676,-0.01719399577062486,-0.027749558936895014,403.19799269292673,190.28631126351905,SELL
43853,1919.5364,1929.7669,1850.4728,1867.376,1919.5364,1929.7669,1850.4728,1867.376,83.69849999999997,29.96487327773397,1961.3419,1894.6253,0,,,0,4031979.9269292676,0.0,0.0,0.0,4031979.9269292676,0.0,-0.027749558936895014,403.19799269292673,183.71490197482777,
43864,1699.2937,1704.0569,1696.9522,1701.6841,1699.2937,1704.0569,1696.9522,1701.6841,170.42380000000003,43.34191391794979,1961.3419,1850.4728,0,,,0,4031979.9269292676,0.0,0.0,0.0,4031979.9269292676,0.0,-0.027749558936895014,403.19799269292673,167.41391536767262,
43865,1588.5913,1692.1396,1588.5913,1685.7313,1588.5913,1692.1396,1588.5913,1685.7313,113.0927999999999,49.98485544957361,1961.3419,1696.9522,0,,,0,4031979.9269292676,0.0,0.0,0.0,4031979.9269292676,0.0,-0.027749558936895014,403.19799269292673,165.844457964223,
43866,1693.076,1750.7858,1693.076,1738.6838,1693.076,1750.7858,1693.076,1738.6838,65.05450000000019,51.420059692471376,1961.3419,1588.5913,0,,,0,4031979.9269292676,0.0,0.0,0.0,4031979.9269292676,0.0,-0.027749558936895014,403.19799269292673,171.0539944190249,
43867,1743.7976,1797.176,1743.7976,1789.7814,1743.7976,1797.176,1743.7976,1789.7814,58.49219999999991,52.093596864616956,1961.3419,1588.5913,0,,,0,4031979.9269292676,0.0,0.0,0.0,4031979.9269292676,0.0,-0.027749558936895014,403.19799269292673,176.08104337710776,
43868,1796.7193,1815.6624,1776.4531,1815.6241,1796.7193,1815.6624,1776.4531,1815.6241,39.209299999999985,50.866520972748674,1961.3419,1588.5913,0,,,0,4031979.9269292676,0.0,0.0,0.0,4031979.9269292676,0.0,-0.027749558936895014,403.19799269292673,178.62348212391873,
43871,1817.5544,1843.659,1812.9002,1843.4391,1817.5544,1843.659,1812.9002,1843.4391,30.758800000000065,48.951499927725,1961.3419,1588.5913,0,,,0,4031979.9269292676,0.0,0.0,0.0,4031979.9269292676,0.0,-0.027749558936895014,403.19799269292673,181.3599583335465,
43872,1843.7241,1843.7241,1820.0964,1827.8933,1843.7241,1843.7241,1820.0964,1827.8933,23.627700000000004,46.53970945841786,1961.3419,1588.5913,0,,,0,4031979.9269292676,0.0,0.0,0.0,4031979.9269292676,0.0,-0.027749558936895014,403.19799269292673,179.83054212432012,
43873,1819.8812,1858.8111,1819.8812,1858.8111,1819.8812,1858.8111,1819.8812,1858.8111,38.92989999999986,45.81496570047329,1961.3419,1588.5913,0,,,0,4031979.9269292676,0.0,0.0,0.0,4031979.9269292676,0.0,-0.027749558936895014,403.19799269292673,182.8722758706451,
43874,1859.3802,1861.3256,1834.0994,1839.9011,1859.3802,1861.3256,1834.0994,1839.9011,27.226199999999835,44.04460706233296,1961.3419,1588.5913,0,,,0,4031979.9269292676,0.0,0.0,0.0,4031979.9269292676,0.0,-0.027749558936895014,403.19799269292673,181.01188524961108,
43875,1834.3878,1856.8756,1833.2307,1843.7259,1834.3878,1856.8756,1833.2307,1843.7259,23.644900000000007,42.101777818301244,1961.3419,1588.5913,0,,,0,4031979.9269292676,0.0,0.0,0.0,4031979.9269292676,0.0,-0.027749558936895014,403.19799269292673,181.38817409399664,
43878,1854.8605,1912.2888,1854.8605,1912.2888,1854.8605,1912.2888,1854.8605,1912.2888,68.56290000000013,44.62188469274875,1961.3419,1588.5913,0,,,0,4031979.9269292676,0.0,0.0,0.0,4031979.9269292676,0.0,-0.027749558936895014,403.19799269292673,188.13348219081803,
43879,1917.4655,1959.8177,1917.4655,1959.8177,1917.4655,1959.8177,1917.4655,1959.8177,47.52890000000002,44.898743293439345,1961.3419,1588.5913,0,,,0,4031979.9269292676,0.0,0.0,0.0,4031979.9269292676,0.0,-0.027749558936895014,403.19799269292673,192.80943775866905,
43880,1957.6882,1975.288,1951.9987,1951.9987,1957.6882,1975.288,1951.9987,1951.9987,23.289299999999912,42.84070107501654,1961.3419,1693.076,1,1961.3419,1916.4431567065606,1700,697031.8406832676,3318397.79,666.856246,-16550.2962460001,4015429.6306832675,-0.0041047566074081665,-0.03174041035890429,401.54296306832674,192.0401942755456,BUY
43881,1954.475,1990.4285,1947.3595,1990.4285,1954.475,1990.4285,1947.3595,1990.4285,43.06899999999996,42.862443829776865,1975.288,1743.7976,1,,1916.4431567065606,1700,697031.8406832676,3383728.45,0.0,65330.66000000015,4080760.2906832676,0.016269905342328972,-0.01598691848864131,408.07602906832676,195.8209684420296,
43882,1988.6703,2025.6495,1988.6703,2016.8046,1988.6703,2025.6495,1988.6703,2016.8046,36.97919999999999,42.30213489360764,1990.4285,1776.4531,1,,1916.4431567065606,1700,697031.8406832676,3428567.82,0.0,44839.369999999646,4125599.6606832673,0.010987994100602139,-0.00517458855407904,412.55996606832673,198.41588378097487,
43885,2014.8952,2062.4326,2011.2308,2057.0202,2014.8952,2062.4326,2011.2308,2057.0202,51.20180000000005,43.14972204659739,2025.6495,1812.9002,1,,1916.4431567065606,1700,697031.8406832676,3496934.34,0.0,68366.52000000002,4193966.1806832673,0.016571292811449645,0.0,419.3966180683267,202.37234729547802,
43886,2008.8824,2061.5192,1986.428,2058.285,2008.8824,2061.5192,1986.428,2058.285,75.09120000000007,46.19176756596907,2062.4326,1819.8812,1,,1916.4431567065606,1700,697031.8406832676,3499084.4999999995,0.0,2150.160000000149,4196116.340683267,0.0005126793844698607,0.0,419.61163406832674,202.49677997963897,
43887,2029.6973,2059.1992,2010.1728,2011.11,2029.6973,2059.1992,2010.1728,2011.11,49.02639999999997,46.4617325596863,2062.4326,1819.8812,1,,1916.4431567065606,1700,697031.8406832676,3418887.0,0.0,-80197.5,4115918.8406832675,-0.01911231564826943,-0.01911231564826943,411.59188406832675,197.85564155831275,
43888,2017.3013,2032.4601,1989.343,2014.5743,2017.3013,2032.4601,1989.343,2014.5743,43.11709999999994,46.14319612543045,2062.4326,1833.2307,1,,1916.4431567065606,1700,697031.8406832676,3424776.31,0.0,5889.310000000056,4121808.1506832675,0.0014308615470712827,-0.017708801178734745,412.18081506832675,198.19646393951044,
43889,1942.2317,1964.486,1897.5716,1897.5716,1942.2317,1964.486,1897.5716,1897.5716,117.0027,52.89172030396088,2062.4326,1833.2307,0,1916.4431567065606,,0,3952704.63972794,0.0,2280.567356480807,-169103.51095532766,3952704.63972794,-0.041026536115538415,-0.05800880652315088,395.27046397279395,186.68558473720188,SELL
43892,1917.8265,1985.7215,1917.8265,1980.7836,1917.8265,1985.7215,1917.8265,1980.7836,88.14990000000012,56.24964217977414,2062.4326,1854.8605,0,,,0,3952704.63972794,0.0,0.0,0.0,3952704.63972794,0.0,-0.05800880652315088,395.27046397279395,194.8720905202522,
43893,2010.8391,2043.8917,1993.6161,2011.4201,2010.8391,2043.8917,1993.6161,2011.4201,63.10809999999992,56.90282863884327,2062.4326,1897.5716,0,,,0,3952704.63972794,0.0,0.0,0.0,3952704.63972794,0.0,-0.05800880652315088,395.27046397279395,197.88614960334624,
43894,1996.8925,2029.435,1992.4393,2029.435,1996.8925,2029.435,1992.4393,2029.435,36.99569999999994,55.00691162562009,2062.4326,1897.5716,0,,,0,3952704.63972794,0.0,0.0,0.0,3952704.63972794,0.0,-0.05800880652315088,395.27046397279395,199.65847911148293,
43895,2055.8616,2066.0376,2045.9536,2066.0376,2055.8616,2066.0376,2045.9536,2066.0376,36.602600000000166,53.25412004222772,2062.4326,1897.5716,1,2062.4326,2007.4256883743801,1400,1064721.5185999398,2892452.64,577.481128,4469.518872000277,3957174.15859994,0.001130749519475227,-0.056943650433776916,395.717415859994,203.25949094360664,BUY
43896,2040.3711,2082.0463,2040.3711,2067.6447,2040.3711,2082.0463,2040.3711,2067.6447,41.675199999999904,52.151365752491735,2066.0376,1897.5716,1,,2007.4256883743801,1400,1064721.5185999398,2894702.5799999996,0.0,2249.9399999994785,3959424.0985999396,0.0005685723978334778,-0.05640745462381214,395.942409859994,203.41759955106636,
43899,2038.923,2051.9715,1998.5087,1998.5087,2038.923,2051.9715,1998.5087,1998.5087,69.13599999999974,53.76894996654011,2082.0463,1897.5716,0,2007.4256883743801,,0,3873150.2051494652,0.0,1967.2771746068925,-86273.89345047437,3873150.2051494652,-0.021789505570009804,-0.07696786964710622,387.3150205149465,196.615909124001,SELL
43900,1962.5476,2043.5764,1943.1843,2043.5764,1962.5476,2043.5764,1943.1843,2043.5764,100.39210000000003,58.20924996972677,2082.0463,1897.5716,0,,,0,3873150.2051494652,0.0,0.0,0.0,3873150.2051494652,0.0,-0.07696786964710622,387.3150205149465,201.0497286053111,
43901,2049.4361,2065.4501,2024.9222,2024.9222,2049.4361,2065.4501,2024.9222,2024.9222,40.527900000000045,56.52531187737185,2082.0463,1897.5716,0,,,0,3873150.2051494652,0.0,0.0,0.0,3873150.2051494652,0.0,-0.07696786964710622,387.3150205149465,199.21450392403705,
43902,1993.003,2004.4807,1965.6782,1985.9233,1993.003,2004.4807,1965.6782,1985.9233,59.243999999999915,56.784234555717376,2082.0463,1897.5716,0,,,0,3873150.2051494652,0.0,0.0,0.0,3873150.2051494652,0.0,-0.07696786964710622,387.3150205149465,195.37774095255932,
43903,1879.7481,1973.8444,1879.7481,1961.968,1879.7481,1973.8444,1879.7481,1961.968,106.1751999999999,61.48813602660143,2082.0463,1897.5716,0,,,0,3873150.2051494652,0.0,0.0,0.0,3873150.2051494652,0.0,-0.07696786964710622,387.3150205149465,193.0209870951265,
43906,1983.3431,1987.9673,1885.9187,1885.9187,1983.3431,1987.9673,1885.9187,1885.9187,102.04860000000008,65.35103735740131,2082.0463,1879.7481,0,,,0,3873150.2051494652,0.0,0.0,0.0,3873150.2051494652,0.0,-0.07696786964710622,387.3150205149465,185.53915713974828,
43907,1892.573,1895.5657,1812.9073,1882.9841,1892.573,1895.5657,1812.9073,1882.9841,82.65840000000003,66.99935760907738,2082.0463,1879.7481,0,,,0,3873150.2051494652,0.0,0.0,0.0,3873150.2051494652,0.0,-0.07696786964710622,387.3150205149465,185.25044733982833,
43908,1898.2849,1928.7083,1851.8685,1851.8685,1898.2849,1928.7083,1851.8685,1851.8685,76.83979999999997,67.93654259868906,2082.0463,1812.9073,0,,,0,3873150.2051494652,0.0,0.0,0.0,3873150.2051494652,0.0,-0.07696786964710622,387.3150205149465,182.18925376987352,
43909,1845.802,1877.2365,1828.8041,1873.0764,1845.802,1877.2365,1828.8041,1873.0764,48.432399999999916,66.0790052083377,2082.0463,1812.9073,0,,,0,3873150.2051494652,0.0,0.0,0.0,3873150.2051494652,0.0,-0.07696786964710622,387.3150205149465,184.27571480910285,
43910,1891.4522,1897.6226,1871.4774,1896.9622,1891.4522,1897.6226,1871.4774,1896.9622,26.14519999999993,62.27578566468649,2082.0463,1812.9073,0,,,0,3873150.2051494652,0.0,0.0,0.0,3873150.2051494652,0.0,-0.07696786964710622,387.3150205149465,186.6256311653109,
43913,1847.8605,1871.4865,1816.1478,1819.8794,1847.8605,1871.4865,1816.1478,1819.8794,80.81439999999998,64.0413679823354,2082.0463,1812.9073,0,,,0,3873150.2051494652,0.0,0.0,0.0,3873150.2051494652,0.0,-0.07696786964710622,387.3150205149465,179.0421241233733,
43914,1851.1212,1855.9144,1800.8417,1852.5511,1851.1212,1855.9144,1800.8417,1852.5511,55.07269999999994,63.187209126874876,2082.0463,1812.9073,0,,,0,3873150.2051494652,0.0,0.0,0.0,3873150.2051494652,0.0,-0.07696786964710622,387.3150205149465,182.2564088538459,
43915,1885.7016,1896.003,1879.3472,1896.003,1885.7016,1896.003,1879.3472,1896.003,43.45190000000002,61.307655876696316,2082.0463,1800.8417,0,,,0,3873150.2051494652,0.0,0.0,0.0,3873150.2051494652,0.0,-0.07696786964710622,387.3150205149465,186.53126381027673,
43916,1883.4071,1895.9443,1872.4282,1874.5392,1883.4071,1895.9443,1872.4282,1874.5392,23.57479999999987,57.71405055510618,2082.0463,1800.8417,0,,,0,3873150.2051494652,0.0,0.0,0.0,3873150.2051494652,0.0,-0.07696786964710622,387.3150205149465,184.4196269931562,
43917,1892.4513,1893.0602,1860.7202,1860.7202,1892.4513,1893.0602,1860.7202,1860.7202,32.33999999999992,55.29747431176273,2082.0463,1800.8417,0,,,0,3873150.2051494652,0.0,0.0,0.0,3873150.2051494652,0.0,-0.07696786964710622,387.3150205149465,183.06009563450633,
43920,1832.9861,1832.9861,1797.8494,1816.2329,1832.9861,1832.9861,1797.8494,1816.2329,62.87079999999992,56.01874342492817,2082.0463,1800.8417,0,,,0,3873150.2051494652,0.0,0.0,0.0,3873150.2051494652,0.0,-0.07696786964710622,387.3150205149465,178.68337666702215,
43921,1829.1155,1830.4532,1812.0535,1813.2129,1829.1155,1830.4532,1812.0535,1813.2129,18.39969999999994,52.43597738445881,2082.0463,1797.8494,0,,,0,3873150.2051494652,0.0,0.0,0.0,3873150.2051494652,0.0,-0.07696786964710622,387.3150205149465,178.3862651030072,
43922,1807.5167,1832.7348,1803.8519,1805.6583,1807.5167,1832.7348,1803.8519,1805.6583,28.882900000000063,50.192827157367496,2082.0463,1797.8494,0,,,0,3873150.2051494652,0.0,0.0,0.0,3873150.2051494652,0.0,-0.07696786964710622,387.3150205149465,177.6430336389319,
43923,1796.494,1852.4412,1796.494,1852.4412,1796.494,1852.4412,1796.494,1852.4412,55.947200000000066,50.74086266618965,2082.0463,1797.8494,0,,,0,3873150.2051494652,0.0,0.0,0.0,3873150.2051494652,0.0,-0.07696786964710622,387.3150205149465,182.24559674759251,
43924,1851.1389,1857.3862,1836.2495,1843.9373,1851.1389,1857.3862,1836.2495,1843.9373,21.13670000000002,47.92141860274302,2082.0463,1796.494,0,,,0,3873150.2051494652,0.0,0.0,0.0,3873150.2051494652,0.0,-0.07696786964710622,387.3150205149465,181.4089719034777,
43928,1873.4193,1908.7834,1873.4193,1908.7834,1873.4193,1908.7834,1873.4193,1908.7834,64.84609999999998,49.533293021529396,2065.4501,1796.494,0,,,0,3873150.2051494652,0.0,0.0,0.0,3873150.2051494652,0.0,-0.07696786964710622,387.3150205149465,187.78861633767298,
43929,1902.6007,1919.5164,1902.6007,1915.9995,1902.6007,1919.5164,1902.6007,1915.9995,16.915700000000015,46.42685559090755,2065.4501,1796.494,0,,,0,3873150.2051494652,0.0,0.0,0.0,3873150.2051494652,0.0,-0.07696786964710622,387.3150205149465,188.49854572743732,
43930,1920.5485,1935.3413,1918.642,1930.9265,1920.5485,1935.3413,1918.642,1930.9265,19.34180000000015,43.84732648701161,2065.4501,1796.494,0,,,0,3873150.2051494652,0.0,0.0,0.0,3873150.2051494652,0.0,-0.07696786964710622,387.3150205149465,189.9670835804344,
43931,1925.2214,1925.2214,1871.5766,1873.515,1925.2214,1925.2214,1871.5766,1873.515,59.349899999999934,45.32376205967716,2004.4807,1796.494,0,,,0,3873150.2051494652,0.0,0.0,0.0,3873150.2051494652,0.0,-0.07696786964710622,387.3150205149465,184.31886485280384,
43934,1861.7858,1867.2533,1848.7385,1859.2617,1861.7858,1867.2533,1848.7385,1859.2617,24.77650000000017,43.36687995875554,1987.9673,1796.494,0,,,0,3873150.2051494652,0.0,0.0,0.0,3873150.2051494652,0.0,-0.07696786964710622,387.3150205149465,182.91660649009714,
43935,1865.9984,1893.3696,1865.0997,1893.3696,1865.9984,1893.3696,1865.0997,1893.3696,34.10789999999997,42.48507234363596,1987.9673,1796.494,0,,,0,3873150.2051494652,0.0,0.0,0.0,3873150.2051494652,0.0,-0.07696786964710622,387.3150205149465,186.27218646170823,
43936,1893.3601,1898.8351,1880.8081,1880.8081,1893.3601,1898.8351,1880.8081,1880.8081,18.027000000000044,40.15573212043254,1935.3413,1796.494,0,,,0,3873150.2051494652,0.0,0.0,0.0,3873150.2051494652,0.0,-0.07696786964710622,387.3150205149465,185.03636960363744,
43937,1868.4905,1890.0326,1867.3323,1889.566,1868.4905,1890.0326,1867.3323,1889.566,22.70029999999997,38.493310013724674,1935.3413,1796.494,0,,,0,3873150.2051494652,0.0,0.0,0.0,3873150.2051494652,0.0,-0.07696786964710622,387.3150205149465,185.89798330114954,
43938,1896.5128,1901.3363,1884.5941,1885.7089,1896.5128,1901.3363,1884.5941,1885.7089,16.74219999999991,36.42177572670327,1935.3413,1796.494,0,,,0,3873150.2051494652,0.0,0.0,0.0,3873150.2051494652,0.0,-0.07696786964710622,387.3150205149465,185.5185167403674,
43941,1887.1999,1910.7065,1887.1999,1910.7065,1887.1999,1910.7065,1887.1999,1910.7065,24.99759999999992,35.33375899082676,1935.3413,1836.2495,0,,,0,3873150.2051494652,0.0,0.0,0.0,3873150.2051494652,0.0,-0.07696786964710622,387.3150205149465,187.97781343991048,
43942,1904.2694,1905.1996,1885.4661,1905.0611,1904.2694,1905.1996,1885.4661,1905.0611,25.24039999999991,34.372486705986105,1935.3413,1848.7385,0,,,0,3873150.2051494652,0.0,0.0,0.0,3873150.2051494652,0.0,-0.07696786964710622,387.3150205149465,187.42241157782766,
43943,1889.2559,1927.4254,1889.2559,1927.4254,1889.2559,1927.4254,1889.2559,1927.4254,38.16949999999997,34.73410701970171,1935.3413,1848.7385,0,,,0,3873150.2051494652,0.0,0.0,0.0,3873150.2051494652,0.0,-0.07696786964710622,387.3150205149465,189.6226407669335,
43944,1930.177,1931.1887,1916.1408,1916.3543,1930.177,1931.1887,1916.1408,1916.3543,15.047900000000027,32.8592301606825,1935.3413,1848.7385,0,,,0,3873150.2051494652,0.0,0.0,0.0,3873150.2051494652,0.0,-0.07696786964710622,387.3150205149465,188.53345141714343,
43945,1914.2301,1914.2301,1866.0305,1873.2021,1914.2301,1914.2301,1866.0305,1873.2021,50.32379999999989,34.52252252633178,1935.3413,1848.7385,0,,,0,3873150.2051494652,0.0,0.0,0.0,3873150.2051494652,0.0,-0.07696786964710622,387.3150205149465,184.28808134009515,
43948,1871.7203,1872.3032,1856.9224,1857.0736,1871.7203,1872.3032,1856.9224,1857.0736,16.279700000000048,32.78511085715733,1935.3413,1848.7385,0,,,0,3873150.2051494652,0.0,0.0,0.0,3873150.2051494652,0.0,-0.07696786964710622,387.3150205149465,182.7013383400239,
43949,1851.8796,1851.8796,1761.1157,1810.6792,1851.8796,1851.8796,1761.1157,1810.6792,95.95789999999988,38.80156696599948,1935.3413,1856.9224,0,,,0,3873150.2051494652,0.0,0.0,0.0,3873150.2051494652,0.0,-0.07696786964710622,387.3150205149465,178.13699637130367,
43950,1801.126,1822.1708,1801.126,1803.7413,1801.126,1822.1708,1801.126,1803.7413,21.044800000000123,37.11044630257097,1935.3413,1761.1157,0,,,0,3873150.2051494652,0.0,0.0,0.0,3873150.2051494652,0.0,-0.07696786964710622,387.3150205149465,177.45443666270123,
43951,1809.8038,1845.3539,1809.8038,1842.509,1809.8038,1845.3539,1809.8038,1842.509,41.61260000000016,37.53922284518327,1935.3413,1761.1157,0,,,0,3873150.2051494652,0.0,0.0,0.0,3873150.2051494652,0.0,-0.07696786964710622,387.3150205149465,181.26845387470865,
43957,1825.5088,1879.7223,1825.5088,1879.7223,1825.5088,1879.7223,1825.5088,1879.7223,54.21349999999984,39.12724924088008,1935.3413,1761.1157,0,,,0,3873150.2051494652,0.0,0.0,0.0,3873150.2051494652,0.0,-0.07696786964710622,387.3150205149465,184.92954717442967,
43958,1883.0767,1888.0693,1872.4173,1876.1215,1883.0767,1888.0693,1872.4173,1876.1215,15.652000000000044,36.891511217939126,1935.3413,1761.1157,0,,,0,3873150.2051494652,0.0,0.0,0.0,3873150.2051494652,0.0,-0.07696786964710622,387.3150205149465,184.57529574406374,
43959,1883.5176,1900.5946,1883.5176,1897.63,1883.5176,1900.5946,1883.5176,1897.63,24.47309999999993,35.708805387659204,1935.3413,1761.1157,0,,,0,3873150.2051494652,0.0,0.0,0.0,3873150.2051494652,0.0,-0.07696786964710622,387.3150205149465,186.69133020585699,
43962,1902.9416,1908.9014,1888.9234,1900.4677,1902.9416,1908.9014,1888.9234,1900.4677,19.978000000000065,34.210633445977386,1935.3413,1761.1157,0,,,0,3873150.2051494652,0.0,0.0,0.0,3873150.2051494652,0.0,-0.07696786964710622,387.3150205149465,186.97050685658718,
43963,1898.892,1899.3614,1873.8856,1899.3614,1898.892,1899.3614,1873.8856,1899.3614,26.582099999999855,33.484106451122386,1935.3413,1761.1157,0,,,0,3873150.2051494652,0.0,0.0,0.0,3873150.2051494652,0.0,-0.07696786964710622,387.3150205149465,186.8616676104714,
43964,1893.5639,1911.1353,1891.7046,1911.1353,1893.5639,1911.1353,1891.7046,1911.1353,19.430699999999888,32.14568678911072,1931.1887,1761.1157,0,,,0,3873150.2051494652,0.0,0.0,0.0,3873150.2051494652,0.0,-0.07696786964710622,387.3150205149465,188.01999934674808,
43965,1902.531,1911.7031,1893.8603,1895.2478,1902.531,1911.7031,1893.8603,1895.2478,17.842799999999897,30.78350709490969,1931.1887,1761.1157,0,,,0,3873150.2051494652,0.0,0.0,0.0,3873150.2051494652,0.0,-0.07696786964710622,387.3150205149465,186.4569662430105,
43966,1902.1026,1911.4516,1896.5346,1901.4348,1902.1026,1911.4516,1896.5346,1901.4348,16.2038,29.39496356206115,1931.1887,1761.1157,0,,,0,3873150.2051494652,0.0,0.0,0.0,3873150.2051494652,0.0,-0.07696786964710622,387.3150205149465,187.0656514239908,
43969,1906.0306,1906.8257,1886.996,1890.72,1906.0306,1906.8257,1886.996,1890.72,19.829700000000003,28.48398607996009,1931.1887,1801.126,0,,,0,3873150.2051494652,0.0,0.0,0.0,3873150.2051494652,0.0,-0.07696786964710622,387.3150205149465,186.01151533587577,
43970,1900.0683,1915.5719,1899.6812,1915.5719,1900.0683,1915.5719,1899.6812,1915.5719,24.851899999999887,28.13807311996388,1931.1887,1809.8038,0,,,0,3873150.2051494652,0.0,0.0,0.0,3873150.2051494652,0.0,-0.07696786964710622,387.3150205149465,188.45647787817478,
43971,1912.3512,1913.9681,1892.836,1896.8893,1912.3512,1913.9681,1892.836,1896.8893,22.7358999999999,27.623580441872072,1931.1887,1825.5088,0,,,0,3873150.2051494652,0.0,0.0,0.0,3873150.2051494652,0.0,-0.07696786964710622,387.3150205149465,186.61845916762326,
43972,1899.5301,1899.5301,1871.5061,1871.821,1899.5301,1899.5301,1871.5061,1871.821,28.023999999999887,27.661715637884242,1931.1887,1872.4173,0,,,0,3873150.2051494652,0.0,0.0,0.0,3873150.2051494652,0.0,-0.07696786964710622,387.3150205149465,184.15220690928024,
43973,1867.8122,1867.8122,1833.9568,1839.5072,1867.8122,1867.8122,1833.9568,1839.5072,37.86419999999998,28.6333808152286,1931.1887,1871.5061,0,,,0,3873150.2051494652,0.0,0.0,0.0,3873150.2051494652,0.0,-0.07696786964710622,387.3150205149465,180.97313285058277,
43976,1836.0996,1844.9475,1833.2359,1840.5837,1836.0996,1844.9475,1833.2359,1840.5837,11.71160000000009,27.02178264234969,1931.1887,1833.9568,0,,,0,3873150.2051494652,0.0,0.0,0.0,3873150.2051494652,0.0,-0.07696786964710622,387.3150205149465,181.07904033358346,
43977,1845.6269,1883.0588,1845.6269,1883.0588,1845.6269,1883.0588,1845.6269,1883.0588,42.47510000000011,28.493527152602113,1931.1887,1833.2359,0,,,0,3873150.2051494652,0.0,0.0,0.0,3873150.2051494652,0.0,-0.07696786964710622,387.3150205149465,185.25779642387863,
43978,1884.3744,1886.7902,1873.7155,1877.4053,1884.3744,1886.7902,1873.7155,1877.4053,13.074699999999893,27.025067423782854,1915.5719,1833.2359,0,,,0,3873150.2051494652,0.0,0.0,0.0,3873150.2051494652,0.0,-0.07696786964710622,387.3150205149465,184.7015976731639,
43979,1874.5136,1877.5024,1843.2637,1867.5422,1874.5136,1877.5024,1843.2637,1867.5422,34.23870000000011,27.71208005008926,1915.5719,1833.2359,0,,,0,3873150.2051494652,0.0,0.0,0.0,3873150.2051494652,0.0,-0.07696786964710622,387.3150205149465,183.73125294897986,
43980,1859.3687,1885.15,1859.3687,1882.328,1859.3687,1885.15,1859.3687,1882.328,25.7813000000001,27.528196235795054,1915.5719,1833.2359,0,,,0,3873150.2051494652,0.0,0.0,0.0,3873150.2051494652,0.0,-0.07696786964710622,387.3150205149465,185.18589936063952,
43983,1890.3717,1938.4688,1890.3717,1938.4688,1890.3717,1938.4688,1890.3717,1938.4688,56.14080000000013,30.253206118100298,1915.5719,1833.2359,1,1915.5719,1888.0437037642048,2000,41240.17638946543,3876937.6,766.22876,45027.57124000043,3918177.7763894657,0.011625568040231071,-0.06623709681236911,391.81777763894655,190.70910495436485,BUY
43984,1944.0767,1949.9788,1938.409,1946.1187,1944.0767,1949.9788,1938.409,1946.1187,11.569799999999987,28.47383410685265,1938.4688,1833.2359,1,,1888.0437037642048,2000,41240.17638946543,3892237.4,0.0,15299.799999999814,3933477.5763894655,0.003904825373722165,-0.06259091573496167,393.3477576389465,191.46171215752972,
43985,1949.683,1963.7328,1945.4058,1951.5013,1949.683,1963.7328,1945.4058,1951.5013,18.326999999999998,27.507468953819064,1949.9788,1833.2359,1,,1888.0437037642048,2000,41240.17638946543,3903002.5999999996,0.0,10765.19999999972,3944242.776389465,0.0027368148898616607,-0.06002540059525352,394.42427763894653,191.99125941066444,
43986,1953.2964,1957.4456,1943.9574,1955.3985,1953.2964,1957.4456,1943.9574,1955.3985,13.488200000000006,26.172300482026774,1963.7328,1833.2359,1,,1888.0437037642048,2000,41240.17638946543,3910797.0,0.0,7794.4000000003725,3952037.1763894656,0.0019761461050669116,-0.058167873451777985,395.20371763894656,192.37467106208135,
43987,1956.0132,1957.2001,1945.0678,1953.5742,1956.0132,1957.2001,1945.0678,1953.5742,12.132299999999987,24.835157578976602,1963.7328,1833.2359,1,,1888.0437037642048,2000,41240.17638946543,3907148.4,0.0,-3648.600000000093,3948388.5763894655,-0.0009232200602256047,-0.05903739176437217,394.83885763894654,192.19519403352757,
43990,1960.5687,1962.2125,1947.1645,1949.7146,1960.5687,1962.2125,1947.1645,1949.7146,15.048000000000002,23.903047333359783,1963.7328,1833.2359,1,,1888.0437037642048,2000,41240.17638946543,3899429.2,0.0,-7719.199999999721,3940669.3763894658,-0.0019550254111662113,-0.0608769975744301,394.06693763894657,191.81548151946396,
43991,1948.6756,1957.2014,1944.7518,1957.2014,1948.6756,1957.2014,1944.7518,1957.2014,12.449599999999919,22.81224282542075,1963.7328,1843.2637,1,,1888.0437037642048,2000,41240.17638946543,3914402.8,0.0,14973.599999999627,3955642.9763894654,0.0037997605406112633,-0.05730855504703314,395.5642976389465,192.55204273054576,
43992,1953.7298,1954.5111,1940.9814,1954.5111,1953.7298,1954.5111,1940.9814,1954.5111,16.220000000000027,22.18441017538068,1963.7328,1843.2637,1,,1888.0437037642048,2000,41240.17638946543,3909022.1999999997,0.0,-5380.600000000093,3950262.3763894653,-0.0013602339827218923,-0.05859083598567927,395.02623763894655,192.287367485291,
43993,1953.3053,1975.7238,1948.2551,1952.7567,1953.3053,1975.7238,1948.2551,1952.7567,27.4686999999999,22.687675872963464,1963.7328,1843.2637,1,,1888.0437037642048,2000,41240.17638946543,3905513.4,0.0,-3508.7999999998137,3946753.5763894655,-0.0008882447963385331,-0.05942703777684044,394.6753576389466,192.11476731048705,
43994,1911.784,1959.1628,1911.784,1955.075,1911.784,1959.1628,1911.784,1955.075,47.378799999999956,25.039211504109797,1975.7238,1859.3687,1,,1888.0437037642048,2000,41240.17638946543,3910150.0,0.0,4636.600000000093,3951390.1763894656,0.001174788319123099,-0.05832206364753756,395.13901763894654,192.34284470745925,
43997,1956.3022,1976.8361,1956.3022,1957.2837,1956.3022,1976.8361,1956.3022,1957.2837,21.761099999999942,24.727010408480286,1975.7238,1890.3717,1,,1888.0437037642048,2000,41240.17638946543,3914567.4,0.0,4417.399999999907,3955807.5763894655,0.0011179356638568727,-0.05726932829862186,395.5807576389466,192.56013951257174,
43998,1968.6081,1993.9812,1968.6081,1993.9812,1968.6081,1993.9812,1968.6081,1993.9812,36.69749999999999,25.867057036244066,1976.8361,1911.784,1,,1888.0437037642048,2000,41240.17638946543,3987962.4,0.0,73395.0,4029202.5763894655,0.01855373361385504,-0.039778154546263766,402.92025763894657,196.17048773126,
43999,1996.2698,2005.3812,1988.5351,2005.3812,1996.2698,2005.3812,1988.5351,2005.3812,16.84609999999998,25.007918270887487,1993.9812,1911.784,1,,1888.0437037642048,2000,41240.17638946543,4010762.4,0.0,22800.0,4052002.5763894655,0.005658687933340678,-0.03434455877606468,405.2002576389466,197.2920346947602,
44000,2003.3265,2003.3265,1989.4753,1994.7184,2003.3265,2003.3265,1989.4753,1994.7184,15.905899999999974,24.14105938794582,2005.3812,1911.784,1,,1888.0437037642048,2000,41240.17638946543,3989436.8,0.0,-21325.600000000093,4030676.9763894654,-0.005262977897462773,-0.039426782019790996,403.06769763894647,196.2430144348997,
44001,1991.9023,2004.8871,1991.1415,2000.6027,1991.9023,2004.8871,1991.1415,2000.6027,13.745599999999968,23.15101563671288,2005.3812,1911.784,1,,1888.0437037642048,2000,41240.17638946543,4001205.4,0.0,11768.600000000093,4042445.5763894655,0.0029197576657562507,-0.03662214100307315,404.24455763894656,196.82191959255968,
44004,2003.5627,2009.3416,2000.4509,2005.6468,2003.5627,2009.3416,2000.4509,2005.6468,8.890699999999924,21.792890337978314,2005.3812,1911.784,1,,1888.0437037642048,2000,41240.17638946543,4011293.6,0.0,10088.200000000186,4052533.7763894657,0.0024955685387384463,-0.03421796552724321,405.2533776389466,197.31816477138346,
44005,2003.2566,2003.2566,1992.8484,2000.2443,2003.2566,2003.2566,1992.8484,2000.2443,12.798399999999901,20.9362722105518,2009.3416,1911.784,1,,1888.0437037642048,2000,41240.17638946543,4000488.6,0.0,-10805.0,4041728.7763894657,-0.0026662331756371893,-0.03679296562798884,404.17287763894655,196.78665973012826,
44006,1999.7212,1999.7212,1985.1625,1990.409,1999.7212,1999.7212,1985.1625,1990.409,15.081800000000158,20.378703428594502,2009.3416,1911.784,1,,1888.0437037642048,2000,41240.17638946543,3980818.0,0.0,-19670.600000000093,4022058.1763894656,-0.004866877786285362,-0.04148077654716775,402.20581763894654,195.81905000643414,
44011,1986.1064,1986.7987,1975.6355,1980.4764,1986.1064,1986.7987,1975.6355,1980.4764,14.773500000000013,19.84487453063312,2009.3416,1911.784,1,,1888.0437037642048,2000,41240.17638946543,3960952.8,0.0,-19865.200000000186,4002192.9763894654,-0.004939063317535797,-0.046214963682876586,400.2192976389465,194.84186778102523,
44012,1987.5385,2012.9978,1987.5385,2012.282,1987.5385,2012.9978,1987.5385,2012.282,32.521400000000085,21.05216267057283,2009.3416,1911.784,1,,1888.0437037642048,2000,41240.17638946543,4024564.0,0.0,63611.200000000186,4065804.1763894656,0.015894086161079235,-0.03105542213650414,406.5804176389466,197.97094445666556,
44013,2016.9282,2018.5521,2003.6262,2018.5521,2016.9282,2018.5521,2003.6262,2018.5521,14.925900000000183,20.468709082899245,2012.9978,1956.3022,1,,1888.0437037642048,2000,41240.17638946543,4037104.2,0.0,12540.200000000186,4078344.3763894658,0.003084309882119385,-0.02806689679977381,407.83443763894655,198.58780512472194,
44014,2017.8967,2039.1663,2016.575,2039.1663,2017.8967,2039.1663,2016.575,2039.1663,22.591300000000047,20.670860598813608,2018.5521,1968.6081,1,,1888.0437037642048,2000,41240.17638946543,4078332.6,0.0,41228.39999999991,4119572.7763894657,0.01010910217358818,-0.018241525753630028,411.95727763894655,200.61585717866794,
44015,2040.9458,2061.0952,2040.9458,2061.0952,2040.9458,2061.0952,2040.9458,2061.0952,21.928900000000112,20.790673875117083,2039.1663,1975.6355,1,,1888.0437037642048,2000,41240.17638946543,4122190.4000000004,0.0,43857.80000000028,4163430.576389466,0.010646201045740211,-0.007789527658444095,416.34305763894656,202.77325114427308,
44018,2070.9639,2132.5131,2070.9639,2132.5131,2070.9639,2132.5131,2070.9639,2132.5131,71.41789999999992,25.612314458439258,2061.0952,1975.6355,1,,1888.0437037642048,2000,41240.17638946543,4265026.2,0.0,142835.79999999935,4306266.376389465,0.034307237115952294,0.0,430.62663763894653,209.7994378885324,
44019,2147.5703,2182.8695,2132.0773,2161.3027,2147.5703,2182.8695,2132.0773,2161.3027,50.792199999999866,28.010398795730744,2132.5131,1975.6355,1,,1888.0437037642048,2000,41240.17638946543,4322605.4,0.0,57579.200000000186,4363845.5763894655,0.013371026073931924,0.0,436.38455763894655,212.6317965254082,
44020,2161.9911,2206.6467,2160.0109,2206.6467,2161.9911,2206.6467,2160.0109,2206.6467,46.63579999999956,29.784246529470632,2182.8695,1975.6355,1,,1888.0437037642048,2000,41240.17638946543,4413293.399999999,0.0,90687.99999999907,4454533.576389465,0.02078167029802014,0.0,445.45335763894644,217.0927987633862,
44021,2208.8961,2269.7602,2208.8961,2269.7602,2208.8961,2269.7602,2208.8961,2269.7602,63.113500000000386,32.95846114571156,2206.6467,1975.6355,1,,1888.0437037642048,2000,41240.17638946543,4539520.4,0.0,126227.00000000093,4580760.5763894655,0.02833674903003236,0.0,458.07605763894657,223.30198773539206,
44022,2266.6245,2285.0443,2256.6167,2262.6496,2266.6245,2285.0443,2256.6167,2262.6496,28.427599999999984,32.526950560405695,2269.7602,1975.6355,1,,1888.0437037642048,2000,41240.17638946543,4525299.2,0.0,-14221.200000000186,4566539.376389465,-0.003104549945984969,-0.003104549945984969,456.6539376389465,222.60243757410572,
44025,2277.648,2345.776,2277.648,2345.776,2277.648,2345.776,2277.648,2345.776,83.12639999999965,37.34594574512893,2285.0443,1975.6355,1,,1888.0437037642048,2000,41240.17638946543,4691552.0,0.0,166252.7999999998,4732792.176389465,0.03640673742124778,0.0,473.2792176389465,230.78052191679853,
44026,2352.9199,2356.1757,2293.5395,2332.2722,2352.9199,2356.1757,2293.5395,2332.2722,62.63619999999992,39.75454138844998,2345.776,1987.5385,1,,1888.0437037642048,2000,41240.17638946543,4664544.399999999,0.0,-27007.60000000056,4705784.576389465,-0.005706483402067364,-0.005706483402067364,470.5784576389465,229.4520003478763,
44027,2335.4106,2335.4106,2265.4192,2271.4646,2335.4106,2335.4106,2265.4192,2271.4646,69.99140000000034,42.634242208597634,2356.1757,2003.6262,1,,1888.0437037642048,2000,41240.17638946543,4542929.199999999,0.0,-121615.20000000019,4584169.376389464,-0.025843766969313786,-0.03140277334412378,458.4169376389465,223.46966884456654,
44028,2268.3433,2271.1936,2162.0349,2162.0349,2268.3433,2271.1936,2162.0349,2162.0349,109.42969999999968,48.99571437920736,2356.1757,2016.575,1,,1888.0437037642048,2000,41240.17638946543,4324069.8,0.0,-218859.39999999944,4365309.976389465,-0.04774243314987969,-0.07764596168690074,436.53099763894653,212.7038313224849,
44029,2160.6192,2188.6936,2146.0337,2170.1048,2160.6192,2188.6936,2146.0337,2170.1048,42.65990000000011,48.392303485949526,2356.1757,2040.9458,1,,1888.0437037642048,2000,41240.17638946543,4340209.600000001,0.0,16139.800000000745,4381449.776389466,0.0036972861233899312,-0.07423575490019307,438.14497763894656,213.4977586769366,
44032,2187.5825,2247.3534,2187.5825,2247.3534,2187.5825,2247.3534,2187.5825,2247.3534,77.2485999999999,51.140522201573376,2356.1757,2070.9639,1,,1888.0437037642048,2000,41240.17638946543,4494706.8,0.0,154497.19999999925,4535946.976389465,0.03526166175236023,-0.041591769227054654,453.5946976389465,221.09757734050123,
44033,2252.3112,2260.612,2237.6793,2260.612,2252.3112,2260.612,2237.6793,2260.612,22.932700000000295,48.4540629442807,2356.1757,2132.0773,1,,1888.0437037642048,2000,41240.17638946543,4521224.0,0.0,26517.200000000186,4562464.176389465,0.005846011899615977,-0.03598890330526605,456.2464176389465,222.40197581157696,
44034,2256.38,2284.1799,2256.38,2270.8134,2256.38,2284.1799,2256.38,2270.8134,27.79989999999998,46.486999806730154,2356.1757,2146.0337,1,,1888.0437037642048,2000,41240.17638946543,4541626.8,0.0,20402.799999999814,4582866.976389465,0.004471881687440504,-0.031677959735467276,458.28669763894646,223.40560293380943,
44035,2253.2147,2268.0979,2213.0242,2268.0979,2253.2147,2268.0979,2213.0242,2268.0979,57.789200000000164,47.56339982513683,2356.1757,2146.0337,1,,1888.0437037642048,2000,41240.17638946543,4536195.800000001,0.0,-5430.999999999069,4577435.976389466,-0.0011850660357324294,-0.032825485297035994,457.74359763894654,223.1384484794775,
44036,2261.2367,2266.6015,2165.9003,2167.8045,2261.2367,2266.6015,2165.9003,2167.8045,102.19760000000042,52.76665698464764,2356.1757,2146.0337,1,,1888.0437037642048,2000,41240.17638946543,4335609.0,0.0,-200586.80000000075,4376849.176389465,-0.043820776748081824,-0.07520782378226898,437.6849176389465,213.2714521435911,
44039,2173.4764,2179.4158,2152.504,2168.0386,2173.4764,2179.4158,2152.504,2168.0386,26.911800000000312,50.30428965277647,2356.1757,2146.0337,1,,1888.0437037642048,2000,41240.17638946543,4336077.199999999,0.0,468.19999999925494,4377317.376389464,0.00010697192915043452,-0.0751088969791156,437.7317376389464,213.2944832088678,
44040,2180.2901,2201.9673,2180.2157,2196.8788,2180.2901,2201.9673,2180.2157,2196.8788,33.928699999999935,48.744709685845365,2356.1757,2146.0337,1,,1888.0437037642048,2000,41240.17638946543,4393757.6,0.0,57680.40000000037,4434997.776389465,0.013177111696565325,-0.06292150360744986,443.49977763894645,216.13181994016054,
44041,2191.6154,2254.013,2182.1807,2254.013,2191.6154,2254.013,2182.1807,2254.013,71.83230000000003,50.94352781100295,2356.1757,2146.0337,1,,1888.0437037642048,2000,41240.17638946543,4508026.0,0.0,114268.40000000037,4549266.176389465,0.025765153842540744,-0.03877753198535916,454.9266176389465,221.7527575298105,
44042,2259.519,2268.0492,2249.9172,2254.8507,2259.519,2268.0492,2249.9172,2254.8507,18.132000000000062,47.81862040043125,2356.1757,2146.0337,1,,1888.0437037642048,2000,41240.17638946543,4509701.4,0.0,1675.4000000003725,4550941.5763894655,0.00036827917625381623,-0.03842353376664198,455.09415763894657,221.83517155536526,
44043,2249.7598,2291.5769,2248.5695,2291.5769,2249.7598,2291.5769,2248.5695,2291.5769,43.00739999999996,47.360408933723505,2356.1757,2146.0337,1,,1888.0437037642048,2000,41240.17638946543,4583153.8,0.0,73452.39999999944,4624393.976389465,0.01614004459672147,-0.022903646718477888,462.4393976389465,225.44834331772478,
44046,2308.9751,2364.3308,2308.9751,2364.3308,2308.9751,2364.3308,2308.9751,2364.3308,72.75390000000016,49.77883665432128,2356.1757,2152.504,1,,1888.0437037642048,2000,41240.17638946543,4728661.600000001,0.0,145507.80000000075,4769901.776389466,0.03146526890721524,0.0,476.99017763894653,232.60596749560136,
44047,2373.4664,2373.4664,2335.7631,2342.24,2373.4664,2373.4664,2335.7631,2342.24,37.70329999999967,48.628785544385885,2364.3308,2152.504,1,,1888.0437037642048,2000,41240.17638946543,4684480.0,0.0,-44181.60000000056,4725720.176389465,-0.009262580671722587,-0.009262580671722587,472.5720176389465,230.43264559548828,
44048,2339.2634,2372.8432,2324.5427,2371.6054,2339.2634,2372.8432,2324.5427,2371.6054,48.30049999999983,48.597520254444355,2373.4664,2152.504,1,,1888.0437037642048,2000,41240.17638946543,4743210.8,0.0,58730.799999999814,4784450.976389465,0.012427904701896919,0.0,478.4450976389465,233.32165219215207,
44049,2369.5184,2371.3167,2333.7885,2365.847,2369.5184,2371.3167,2333.7885,2365.847,37.816899999999805,47.570794515925826,2373.4664,2152.504,1,,1888.0437037642048,2000,41240.17638946543,4731694.0,0.0,-11516.799999999814,4772934.176389465,-0.002407130944978575,-0.002407130944978575,477.2934176389465,232.75513324174688,
44050,2359.5135,2359.5135,2303.0996,2336.8462,2359.5135,2359.5135,2303.0996,2336.8462,62.7474000000002,49.0161855144091,2373.4664,2152.504,1,,1888.0437037642048,2000,41240.17638946543,4673692.4,0.0,-58001.59999999963,4714932.5763894655,-0.012152189377955258,-0.014530068411832908,471.4932576389465,229.9019964716526,
44053,2331.5075,2366.3809,2330.4616,2356.2686,2331.5075,2366.3809,2330.4616,2356.2686,35.91930000000002,47.76886308446538,2373.4664,2152.504,1,,1888.0437037642048,2000,41240.17638946543,4712537.2,0.0,38844.799999999814,4753777.376389465,0.008238675605780621,-0.006411101326227242,475.3777376389466,231.81279767725655,
44054,2354.4959,2354.4959,2305.4073,2305.4073,2354.4959,2354.4959,2305.4073,2305.4073,50.86130000000003,48.063380885944866,2373.4664,2180.2157,1,,1888.0437037642048,2000,41240.17638946543,4610814.6,0.0,-101722.60000000056,4652054.776389465,-0.02139826751358298,-0.02767218237857494,465.20547763894643,226.80899622333817,
44055,2297.8524,2297.8524,2239.4104,2291.8583,2297.8524,2297.8524,2239.4104,2291.8583,65.99689999999964,49.77133508728342,2373.4664,2182.1807,1,,1888.0437037642048,2000,41240.17638946543,4583716.6,0.0,-27098.0,4624956.776389465,-0.005824952908450309,-0.033335946127796,462.49567763894646,225.47602781908697,
44056,2297.022,2322.4772,2297.022,2309.8343,2297.022,2322.4772,2297.022,2309.8343,30.61889999999994,47.947293650399274,2373.4664,2239.4104,1,,1888.0437037642048,2000,41240.17638946543,4619668.6,0.0,35952.0,4660908.776389465,0.007773478053575866,-0.02582160431983982,466.0908776389465,227.24453029416404,
44057,2305.4392,2319.546,2283.8854,2319.546,2305.4392,2319.546,2283.8854,2319.546,35.660599999999704,46.77713235036122,2373.4664,2239.4104,1,,1888.0437037642048,2000,41240.17638946543,4639092.0,0.0,19423.400000000373,4680332.176389465,0.00416729889638523,-0.021761911766639552,468.0332176389465,228.1999800876223,
44060,2319.6761,2365.5457,2319.6761,2365.5457,2319.6761,2365.5457,2319.6761,2365.5457,45.9997000000003,46.70309117413637,2373.4664,2239.4104,1,,1888.0437037642048,2000,41240.17638946543,4731091.4,0.0,91999.40000000037,4772331.5763894655,0.019656596269833848,-0.0025330806104623127,477.2331576389465,232.7254909522642,
44061,2368.3519,2390.2921,2368.3519,2390.0377,2368.3519,2390.2921,2368.3519,2390.0377,24.746399999999994,44.61197772898053,2373.4664,2239.4104,1,,1888.0437037642048,2000,41240.17638946543,4780075.399999999,0.0,48983.99999999907,4821315.576389465,0.010264165265117198,0.0,482.13155763894645,235.1350460601629,
44062,2387.9222,2388.8393,2350.4743,2351.9638,2387.9222,2388.8393,2350.4743,2351.9638,39.5634,44.13116080241095,2390.2921,2239.4104,1,,1888.0437037642048,2000,41240.17638946543,4703927.6,0.0,-76147.79999999981,4745167.776389465,-0.015793987925806885,-0.015793987925806885,474.5167776389465,231.38928580282888,
44063,2333.5697,2345.3145,2320.2411,2323.6513,2333.5697,2345.3145,2320.2411,2323.6513,31.722699999999804,42.94940263075274,2390.2921,2239.4104,1,,1888.0437037642048,2000,41240.17638946543,4647302.6,0.0,-56625.0,4688542.776389465,-0.011933192390319536,-0.027538707619597314,468.8542776389465,228.60386489018873,
44064,2331.6801,2350.5791,2323.4738,2338.6509,2331.6801,2350.5791,2323.4738,2338.6509,27.105299999999716,41.440440475442934,2390.2921,2239.4104,1,,1888.0437037642048,2000,41240.17638946543,4677301.8,0.0,29999.200000000186,4718541.976389465,0.006398405950580166,-0.02131650549972164,471.85419763894646,230.07954522647967,
44067,2342.1272,2365.1185,2316.2442,2360.2237,2342.1272,2365.1185,2316.2442,2360.2237,48.87429999999995,42.14842709682931,2390.2921,2239.4104,1,,1888.0437037642048,2000,41240.17638946543,4720447.4,0.0,43145.60000000056,4761687.5763894655,0.009143841512037287,-0.012367578735564266,476.16875763894654,232.20190560667228,
44068,2359.5845,2372.017,2353.8352,2359.6331,2359.5845,2372.017,2353.8352,2359.6331,18.18179999999984,39.86589118284555,2390.2921,2239.4104,1,,1888.0437037642048,2000,41240.17638946543,4719266.2,0.0,-1181.2000000001863,4760506.376389465,-0.00024806331390936354,-0.012612574106907415,476.05063763894657,232.143801603458,
44069,2357.2467,2357.2467,2295.0612,2304.473,2357.2467,2357.2467,2295.0612,2304.473,64.57189999999991,42.218844403526916,2390.2921,2239.4104,1,,1888.0437037642048,2000,41240.17638946543,4608946.0,0.0,-110320.20000000019,4650186.176389465,-0.023174047312939594,-0.03549433703075566,465.0186176389465,226.71707856298747,
44070,2301.5221,2346.2522,2295.4856,2342.8709,2301.5221,2346.2522,2295.4856,2342.8709,50.766599999999926,43.03291636509577,2390.2921,2283.8854,1,,1888.0437037642048,2000,41240.17638946543,4685741.8,0.0,76795.79999999981,4726981.976389465,0.01651456459741718,-0.019565945955075437,472.69819763894645,230.4947143655999,
44071,2335.5552,2362.4321,2327.8645,2362.4321,2335.5552,2362.4321,2327.8645,2362.4321,34.56759999999986,42.22669575889616,2390.2921,2283.8854,1,,1888.0437037642048,2000,41240.17638946543,4724864.2,0.0,39122.40000000037,4766104.376389465,0.008276401347712126,-0.011451480228835242,476.61043763894656,232.419170897391,
44074,2369.2124,2390.5496,2368.4881,2368.4881,2369.2124,2390.5496,2368.4881,2368.4881,28.117499999999836,40.882962829477464,2390.2921,2295.0612,1,,1888.0437037642048,2000,41240.17638946543,4736976.2,0.0,12112.0,4778216.376389465,0.0025412787978376095,-0.00893930283490696,477.82163763894647,233.01496812642233,
44075,2365.7012,2385.0367,2358.1265,2385.0367,2365.7012,2385.0367,2358.1265,2385.0367,26.91020000000026,39.5522235123844,2390.5496,2295.0612,1,,1888.0437037642048,2000,41240.17638946543,4770073.4,0.0,33097.200000000186,4811313.5763894655,0.00692668506255667,-0.0020745375077665384,481.1313576389465,234.64304111591167,
44076,2390.8377,2419.4278,2378.6355,2410.9889,2390.8377,2419.4278,2378.6355,2410.9889,40.79230000000007,39.67032603501446,2390.5496,2295.0612,1,,1888.0437037642048,2000,41240.17638946543,4821977.8,0.0,51904.39999999944,4863217.976389465,0.010787989428647782,0.0,486.3217976389465,237.19625261645098,
44077,2406.5428,2406.5428,2379.2252,2383.0011,2406.5428,2406.5428,2379.2252,2383.0011,31.76369999999997,38.917314031679744,2419.4278,2295.0612,1,,1888.0437037642048,2000,41240.17638946543,4766002.2,0.0,-55975.59999999963,4807242.376389465,-0.011509991999486102,-0.011509991999486102,480.7242376389465,234.44277611600808,
44078,2338.0225,2393.4336,2338.0225,2391.954,2338.0225,2393.4336,2338.0225,2391.954,55.411099999999806,40.48815079056737,2419.4278,2295.0612,1,,1888.0437037642048,2000,41240.17638946543,4783908.0,0.0,17905.799999999814,4825148.176389465,0.0037247549838432814,-0.007828108915706733,482.5148176389465,235.3235741694748,
44081,2394.9325,2415.5797,2360.5485,2375.2773,2394.9325,2415.5797,2360.5485,2375.2773,55.0311999999999,41.873203096227606,2419.4278,2295.0612,1,,1888.0437037642048,2000,41240.17638946543,4750554.600000001,0.0,-33353.39999999944,4791794.776389466,-0.006912409480646642,-0.014686407302068938,479.1794776389466,233.68289853384297,
44082,2373.0291,2402.9632,2358.4264,2402.9632,2373.0291,2402.9632,2358.4264,2402.9632,44.53680000000031,42.126878991825,2419.4278,2295.0612,1,,1888.0437037642048,2000,41240.17638946543,4805926.4,0.0,55371.799999999814,4847166.5763894655,0.011555544964661824,-0.003300571777355543,484.7166576389466,236.40667371601566,
44083,2375.6354,2393.2655,2326.3757,2326.3757,2375.6354,2393.2655,2326.3757,2326.3757,76.58750000000009,45.40884289736548,2419.4278,2295.0612,1,,1888.0437037642048,2000,41240.17638946543,4652751.4,0.0,-153175.0,4693991.5763894655,-0.0316009358428313,-0.034797206463206054,469.3991576389466,228.87189493820276,
44084,2331.5797,2331.5797,2206.7242,2212.952,2331.5797,2331.5797,2206.7242,2212.952,124.85549999999967,52.97519119285445,2419.4278,2295.4856,0,2295.4856,,0,4628997.696549465,0.0,3213.6798400000002,-64993.87984000053,4628997.696549465,-0.013846185870233896,-0.04816158374498547,462.8997696549465,217.71312245364567,SELL
44085,2192.1419,2251.6016,2192.1419,2249.0678,2192.1419,2251.6016,2192.1419,2249.0678,59.459699999999884,53.59276346020164,2419.4278,2206.7242,0,,,0,4628997.696549465,0.0,0.0,0.0,4628997.696549465,0.0,-0.04816158374498547,462.8997696549465,221.26624226280165,
44088,2262.0633,2301.4562,2262.0633,2299.1493,2262.0633,2301.4562,2262.0633,2299.1493,52.388400000000274,53.478062178277696,2419.4278,2192.1419,0,,,0,4628997.696549465,0.0,0.0,0.0,4628997.696549465,0.0,-0.04816158374498547,462.8997696549465,226.19332596916416,
44089,2303.4411,2304.2841,2289.9812,2304.1601,2303.4411,2304.2841,2289.9812,2304.1601,14.302899999999681,49.74709435177503,2419.4278,2192.1419,0,,,0,4628997.696549465,0.0,0.0,0.0,4628997.696549465,0.0,-0.04816158374498547,462.8997696549465,226.68629505027872,
44090,2299.9615,2299.9615,2271.4398,2282.9553,2299.9615,2299.9615,2271.4398,2282.9553,32.72029999999995,48.125494889701216,2419.4278,2192.1419,0,,,0,4628997.696549465,0.0,0.0,0.0,4628997.696549465,0.0,-0.04816158374498547,462.8997696549465,224.60013899311843,
44091,2279.918,2300.7602,2269.0211,2288.2193,2279.918,2300.7602,2269.0211,2288.2193,31.739100000000235,46.56488585258684,2419.4278,2192.1419,0,,,0,4628997.696549465,0.0,0.0,0.0,4628997.696549465,0.0,-0.04816158374498547,462.8997696549465,225.11801822258028,
44092,2287.7275,2316.712,2282.5309,2316.2814,2287.7275,2316.712,2282.5309,2316.2814,34.18109999999979,45.385477676149975,2419.4278,2192.1419,0,,,0,4628997.696549465,0.0,0.0,0.0,4628997.696549465,0.0,-0.04816158374498547,462.8997696549465,227.87880445454843,
44095,2319.5399,2325.1892,2310.0317,2314.1267,2319.5399,2325.1892,2310.0317,2314.1267,15.1574999999998,42.50662265937377,2419.4278,2192.1419,0,,,0,4628997.696549465,0.0,0.0,0.0,4628997.696549465,0.0,-0.04816158374498547,462.8997696549465,227.66682224031564,
44096,2291.8825,2309.5484,2278.3747,2281.6222,2291.8825,2309.5484,2278.3747,2281.6222,35.75199999999995,41.86332526324293,2419.4278,2192.1419,0,,,0,4628997.696549465,0.0,0.0,0.0,4628997.696549465,0.0,-0.04816158374498547,462.8997696549465,224.46898686530767,
44097,2288.2858,2303.0634,2280.9794,2298.9519,2288.2858,2303.0634,2280.9794,2298.9519,22.083999999999833,39.979580000076915,2419.4278,2192.1419,0,,,0,4628997.696549465,0.0,0.0,0.0,4628997.696549465,0.0,-0.04816158374498547,462.8997696549465,226.17390549805933,
44098,2282.6839,2282.6839,2227.6397,2227.6397,2282.6839,2282.6839,2227.6397,2227.6397,71.31219999999985,42.96363904768862,2419.4278,2192.1419,0,,,0,4628997.696549465,0.0,0.0,0.0,4628997.696549465,0.0,-0.04816158374498547,462.8997696549465,219.1581176585405,
44099,2236.7668,2236.7668,2201.91,2212.18,2236.7668,2236.7668,2201.91,2212.18,34.85680000000002,42.19155913838495,2419.4278,2192.1419,0,,,0,4628997.696549465,0.0,0.0,0.0,4628997.696549465,0.0,-0.04816158374498547,462.8997696549465,217.63717208032793,
44102,2214.6114,2214.6114,2173.8508,2173.8508,2214.6114,2214.6114,2173.8508,2173.8508,40.76059999999961,42.055277315681586,2419.4278,2201.91,0,,,0,4628997.696549465,0.0,0.0,0.0,4628997.696549465,0.0,-0.04816158374498547,462.8997696549465,213.86629507389029,
44103,2181.8509,2204.9699,2175.9524,2194.1649,2181.8509,2204.9699,2175.9524,2194.1649,31.11909999999989,41.01373661895,2419.4278,2173.8508,0,,,0,4628997.696549465,0.0,0.0,0.0,4628997.696549465,0.0,-0.04816158374498547,462.8997696549465,215.8648228959287,
44104,2198.9573,2204.5289,2182.0812,2191.6417,2198.9573,2204.5289,2182.0812,2191.6417,22.447699999999713,39.24554265524045,2419.4278,2173.8508,0,,,0,4628997.696549465,0.0,0.0,0.0,4628997.696549465,0.0,-0.04816158374498547,462.8997696549465,215.61658716800736,
44113,2225.6942,2266.8248,2225.6942,2266.7977,2225.6942,2266.8248,2225.6942,2266.7977,75.18309999999974,42.66816716426515,2415.5797,2173.8508,0,,,0,4628997.696549465,0.0,0.0,0.0,4628997.696549465,0.0,-0.04816158374498547,462.8997696549465,223.0105330968509,
44116,2283.4368,2343.833,2283.4368,2343.833,2283.4368,2343.833,2283.4368,2343.833,77.0353,45.94122743433513,2415.5797,2173.8508,0,,,0,4628997.696549465,0.0,0.0,0.0,4628997.696549465,0.0,-0.04816158374498547,462.8997696549465,230.58936702644056,
44117,2341.9103,2360.7501,2335.8117,2359.5293,2341.9103,2360.7501,2335.8117,2359.5293,24.9384,43.94095815487465,2415.5797,2173.8508,0,,,0,4628997.696549465,0.0,0.0,0.0,4628997.696549465,0.0,-0.04816158374498547,462.8997696549465,232.13358962321138,
44118,2358.3254,2358.9404,2344.1506,2351.9645,2358.3254,2358.9404,2344.1506,2351.9645,15.378700000000208,41.22074309250566,2402.9632,2173.8508,0,,,0,4628997.696549465,0.0,0.0,0.0,4628997.696549465,0.0,-0.04816158374498547,462.8997696549465,231.3893546697477,
44119,2351.7234,2351.7234,2327.2749,2327.4989,2351.7234,2351.7234,2327.2749,2327.4989,24.689600000000155,39.64634851226703,2393.2655,2173.8508,0,,,0,4628997.696549465,0.0,0.0,0.0,4628997.696549465,0.0,-0.04816158374498547,462.8997696549465,228.98239682850127,
44120,2324.6109,2335.4689,2311.5902,2335.4689,2324.6109,2335.4689,2311.5902,2335.4689,23.878699999999753,38.14466770157491,2360.7501,2173.8508,0,,,0,4628997.696549465,0.0,0.0,0.0,4628997.696549465,0.0,-0.04816158374498547,462.8997696549465,229.7664958898255,
44123,2344.2574,2350.3771,2318.1622,2324.4478,2344.2574,2350.3771,2318.1622,2324.4478,32.21489999999994,37.579927920472535,2360.7501,2173.8508,0,,,0,4628997.696549465,0.0,0.0,0.0,4628997.696549465,0.0,-0.04816158374498547,462.8997696549465,228.68222560566488,
44124,2318.423,2350.0717,2309.5145,2350.0717,2318.423,2350.0717,2309.5145,2350.0717,40.55719999999974,37.86347764233226,2360.7501,2173.8508,0,,,0,4628997.696549465,0.0,0.0,0.0,4628997.696549465,0.0,-0.04816158374498547,462.8997696549465,231.20313852128166,
44125,2351.6491,2351.6491,2306.3218,2313.7054,2351.6491,2351.6491,2306.3218,2313.7054,45.32729999999992,38.574317866872036,2360.7501,2175.9524,0,,,0,4628997.696549465,0.0,0.0,0.0,4628997.696549465,0.0,-0.04816158374498547,462.8997696549465,227.6253741933224,
44126,2302.2216,2318.3271,2284.39,2308.1425,2302.2216,2318.3271,2284.39,2308.1425,33.9371000000001,38.13267807002709,2360.7501,2182.0812,0,,,0,4628997.696549465,0.0,0.0,0.0,4628997.696549465,0.0,-0.04816158374498547,462.8997696549465,227.07808878952812,
44127,2308.6623,2321.4601,2270.3673,2274.6544,2308.6623,2321.4601,2270.3673,2274.6544,51.0927999999999,39.36697539669117,2360.7501,2225.6942,0,,,0,4628997.696549465,0.0,0.0,0.0,4628997.696549465,0.0,-0.04816158374498547,462.8997696549465,223.7834855554589,
44130,2269.4594,2293.1874,2255.0079,2288.1912,2269.4594,2293.1874,2255.0079,2288.1912,38.179499999999734,39.253882501768175,2360.7501,2270.3673,0,,,0,4628997.696549465,0.0,0.0,0.0,4628997.696549465,0.0,-0.04816158374498547,462.8997696549465,225.11525370769652,
44131,2281.3543,2295.3259,2272.4074,2289.0874,2281.3543,2295.3259,2272.4074,2289.0874,22.918499999999767,37.69813178731404,2360.7501,2255.0079,0,,,0,4628997.696549465,0.0,0.0,0.0,4628997.696549465,0.0,-0.04816158374498547,462.8997696549465,225.20342304003762,
44132,2286.6918,2294.5048,2254.4115,2291.7086,2286.6918,2294.5048,2254.4115,2291.7086,40.0933,37.92624304566508,2360.7501,2255.0079,0,,,0,4628997.696549465,0.0,0.0,0.0,4628997.696549465,0.0,-0.04816158374498547,462.8997696549465,225.4613001365926,
44133,2255.9068,2295.08,2255.9068,2284.2807,2255.9068,2295.08,2255.9068,2284.2807,39.173199999999724,38.04500085083981,2360.7501,2254.4115,0,,,0,4628997.696549465,0.0,0.0,0.0,4628997.696549465,0.0,-0.04816158374498547,462.8997696549465,224.73053358482215,
44134,2285.2245,2285.2245,2210.3383,2210.3383,2285.2245,2285.2245,2210.3383,2210.3383,74.88619999999992,41.553686484093156,2360.7501,2254.4115,0,,,0,4628997.696549465,0.0,0.0,0.0,4628997.696549465,0.0,-0.04816158374498547,462.8997696549465,217.45598321693512,
44137,2209.5288,2222.8708,2201.7717,2218.9259,2209.5288,2222.8708,2201.7717,2218.9259,21.099100000000362,39.60563062846527,2360.7501,2210.3383,0,,,0,4628997.696549465,0.0,0.0,0.0,4628997.696549465,0.0,-0.04816158374498547,462.8997696549465,218.30084257691357,
44138,2226.9839,2261.8352,2226.9839,2261.8352,2226.9839,2261.8352,2226.9839,2261.8352,42.9092999999998,39.92026580670666,2360.7501,2201.7717,0,,,0,4628997.696549465,0.0,0.0,0.0,4628997.696549465,0.0,-0.04816158374498547,462.8997696549465,222.5223158331343,
44139,2264.8576,2265.2115,2241.4385,2257.0044,2264.8576,2265.2115,2241.4385,2257.0044,23.772999999999683,38.38243096797266,2360.7501,2201.7717,0,,,0,4628997.696549465,0.0,0.0,0.0,4628997.696549465,0.0,-0.04816158374498547,462.8997696549465,222.04705538828543,
44140,2269.685,2296.3645,2267.7683,2296.3645,2269.685,2296.3645,2267.7683,2296.3645,39.36010000000033,38.475542304356246,2360.7501,2201.7717,0,,,0,4628997.696549465,0.0,0.0,0.0,4628997.696549465,0.0,-0.04816158374498547,462.8997696549465,225.9193536898698,
44141,2299.9903,2299.9903,2251.9561,2262.7496,2299.9903,2299.9903,2251.9561,2262.7496,48.034200000000055,39.385890656322324,2360.7501,2201.7717,0,,,0,4628997.696549465,0.0,0.0,0.0,4628997.696549465,0.0,-0.04816158374498547,462.8997696549465,222.61227570536448,
44144,2272.1848,2319.959,2272.1848,2314.5799,2272.1848,2319.959,2272.1848,2314.5799,57.20939999999973,41.08336773667256,2360.7501,2201.7717,0,,,0,4628997.696549465,0.0,0.0,0.0,4628997.696549465,0.0,-0.04816158374498547,462.8997696549465,227.7114086511804,
44145,2317.0194,2317.0194,2275.4122,2281.7016,2317.0194,2317.0194,2275.4122,2281.7016,41.60719999999992,41.133256523656115,2360.7501,2201.7717,0,,,0,4628997.696549465,0.0,0.0,0.0,4628997.696549465,0.0,-0.04816158374498547,462.8997696549465,224.47679834152717,
44146,2275.8837,2275.8837,2246.4092,2246.7953,2275.8837,2275.8837,2246.4092,2246.7953,35.292399999999816,40.57698447378409,2358.9404,2201.7717,0,,,0,4628997.696549465,0.0,0.0,0.0,4628997.696549465,0.0,-0.04816158374498547,462.8997696549465,221.04267072994608,
44147,2248.5022,2254.7074,2239.7098,2248.9059,2248.5022,2254.7074,2239.7098,2248.9059,14.997599999999693,38.14085261913796,2351.7234,2201.7717,0,,,0,4628997.696549465,0.0,0.0,0.0,4628997.696549465,0.0,-0.04816158374498547,462.8997696549465,221.25031432829374,
44148,2246.4644,2252.3672,2233.6043,2249.0439,2246.4644,2252.3672,2233.6043,2249.0439,18.762900000000172,36.29533332207722,2351.6491,2201.7717,0,,,0,4628997.696549465,0.0,0.0,0.0,4628997.696549465,0.0,-0.04816158374498547,462.8997696549465,221.26389094943085,
44151,2254.122,2265.2796,2246.0576,2265.2796,2254.122,2265.2796,2246.0576,2265.2796,19.221999999999753,34.669301577117466,2351.6491,2201.7717,0,,,0,4628997.696549465,0.0,0.0,0.0,4628997.696549465,0.0,-0.04816158374498547,462.8997696549465,222.8611804262114,
44152,2262.7306,2262.7306,2230.7077,2243.364,2262.7306,2262.7306,2230.7077,2243.364,34.571899999999914,34.66002523643961,2351.6491,2226.9839,0,,,0,4628997.696549465,0.0,0.0,0.0,4628997.696549465,0.0,-0.04816158374498547,462.8997696549465,220.7050949320638,
44153,2239.8759,2258.2663,2239.8759,2255.1804,2239.8759,2258.2663,2239.8759,2255.1804,18.390399999999772,33.11053711868343,2351.6491,2230.7077,0,,,0,4628997.696549465,0.0,0.0,0.0,4628997.696549465,0.0,-0.04816158374498547,462.8997696549465,221.86760787412544,
44154,2249.9324,2264.697,2240.5286,2263.7357,2249.9324,2264.697,2240.5286,2263.7357,24.16840000000002,32.25890501214215,2321.4601,2230.7077,0,,,0,4628997.696549465,0.0,0.0,0.0,4628997.696549465,0.0,-0.04816158374498547,462.8997696549465,222.70928951770728,
44155,2260.5806,2273.7944,2257.7275,2273.6286,2260.5806,2273.7944,2257.7275,2273.6286,16.06690000000026,30.716809296700067,2321.4601,2230.7077,0,,,0,4628997.696549465,0.0,0.0,0.0,4628997.696549465,0.0,-0.04816158374498547,462.8997696549465,223.6825660050064,
44158,2274.9538,2284.2446,2259.7211,2276.4123,2274.9538,2284.2446,2259.7211,2276.4123,24.523499999999785,30.126970316061946,2319.959,2230.7077,0,,,0,4628997.696549465,0.0,0.0,0.0,4628997.696549465,0.0,-0.04816158374498547,462.8997696549465,223.95643006485687,
44159,2274.9596,2282.4331,2271.9638,2275.2326,2274.9596,2282.4331,2271.9638,2275.2326,10.469300000000203,28.25481123834178,2319.959,2230.7077,0,,,0,4628997.696549465,0.0,0.0,0.0,4628997.696549465,0.0,-0.04816158374498547,462.8997696549465,223.84036963039713,
44160,2277.0709,2277.0709,2243.8223,2243.8223,2277.0709,2277.0709,2243.8223,2243.8223,33.24860000000035,28.730410168023546,2319.959,2230.7077,0,,,0,4628997.696549465,0.0,0.0,0.0,4628997.696549465,0.0,-0.04816158374498547,462.8997696549465,220.7501830876227,
44161,2239.4733,2241.0611,2217.5056,2228.4817,2239.4733,2241.0611,2217.5056,2228.4817,26.316699999999855,28.500533009164148,2319.959,2230.7077,0,,,0,4628997.696549465,0.0,0.0,0.0,4628997.696549465,0.0,-0.04816158374498547,462.8997696549465,219.24095472373938,
44162,2228.613,2228.613,2202.9166,2222.6134,2228.613,2228.613,2202.9166,2222.6134,25.696399999999812,28.23347272257707,2319.959,2217.5056,0,,,0,4628997.696549465,0.0,0.0,0.0,4628997.696549465,0.0,-0.04816158374498547,462.8997696549465,218.6636236670808,
44165,2222.22,2232.4427,2210.3976,2215.255,2222.22,2232.4427,2210.3976,2215.255,22.045100000000275,27.64410389185547,2319.959,2202.9166,0,,,0,4628997.696549465,0.0,0.0,0.0,4628997.696549465,0.0,-0.04816158374498547,462.8997696549465,217.93969461653523,
44166,2209.4208,2243.6149,2209.4208,2241.9329,2209.4208,2243.6149,2209.4208,2241.9329,34.19410000000016,28.267913045012108,2319.959,2202.9166,0,,,0,4628997.696549465,0.0,0.0,0.0,4628997.696549465,0.0,-0.04816158374498547,462.8997696549465,220.56430143561943,
44167,2242.0769,2246.0277,2235.5114,2243.9688,2242.0769,2246.0277,2235.5114,2243.9688,10.516300000000228,26.577283231201456,2319.959,2202.9166,0,,,0,4628997.696549465,0.0,0.0,0.0,4628997.696549465,0.0,-0.04816158374498547,462.8997696549465,220.76459594991684,
44168,2240.9417,2245.437,2227.2095,2240.6206,2240.9417,2245.437,2227.2095,2240.6206,18.227499999999964,25.782065780610836,2319.959,2202.9166,0,,,0,4628997.696549465,0.0,0.0,0.0,4628997.696549465,0.0,-0.04816158374498547,462.8997696549465,220.4351956391106,
44169,2235.7973,2249.9015,2233.5322,2246.955,2235.7973,2249.9015,2233.5322,2246.955,16.36929999999984,24.885611896743125,2319.959,2202.9166,0,,,0,4628997.696549465,0.0,0.0,0.0,4628997.696549465,0.0,-0.04816158374498547,462.8997696549465,221.05838222556628,
44172,2248.2197,2250.6479,2240.6386,2240.6386,2248.2197,2250.6479,2240.6386,2240.6386,10.009299999999712,23.468820287529468,2319.959,2202.9166,0,,,0,4628997.696549465,0.0,0.0,0.0,4628997.696549465,0.0,-0.04816158374498547,462.8997696549465,220.43696650273716,
44173,2239.9256,2244.385,2236.4174,2238.2293,2239.9256,2244.385,2236.4174,2238.2293,7.967600000000402,21.992513593479078,2317.0194,2202.9166,0,,,0,4628997.696549465,0.0,0.0,0.0,4628997.696549465,0.0,-0.04816158374498547,462.8997696549465,220.19993640631955,
44174,2237.6812,2237.6812,2193.2467,2193.2467,2237.6812,2237.6812,2193.2467,2193.2467,44.98259999999982,24.18204563219534,2284.2446,2202.9166,0,,,0,4628997.696549465,0.0,0.0,0.0,4628997.696549465,0.0,-0.04816158374498547,462.8997696549465,215.77448917471065,
44175,2185.8357,2206.2397,2180.9288,2193.0951,2185.8357,2206.2397,2180.9288,2193.0951,25.310899999999947,24.289555571986256,2284.2446,2193.2467,0,,,0,4628997.696549465,0.0,0.0,0.0,4628997.696549465,0.0,-0.04816158374498547,462.8997696549465,215.75957456772232,
44176,2193.6838,2193.6838,2137.5613,2157.0596,2193.6838,2193.6838,2137.5613,2157.0596,56.122499999999945,27.321264565130416,2284.2446,2180.9288,0,,,0,4628997.696549465,0.0,0.0,0.0,4628997.696549465,0.0,-0.04816158374498547,462.8997696549465,212.21435477796712,
44179,2153.6875,2176.8118,2143.9932,2176.1056,2153.6875,2176.8118,2143.9932,2176.1056,32.81860000000006,27.844820320832287,2284.2446,2137.5613,0,,,0,4628997.696549465,0.0,0.0,0.0,4628997.696549465,0.0,-0.04816158374498547,462.8997696549465,214.08812525751307,
44180,2173.5165,2176.7572,2164.7567,2174.5709,2173.5165,2176.7572,2164.7567,2174.5709,12.000500000000102,26.33583743313398,2284.2446,2137.5613,0,,,0,4628997.696549465,0.0,0.0,0.0,4628997.696549465,0.0,-0.04816158374498547,462.8997696549465,213.93713945708473,
44181,2172.6615,2172.6615,2142.6415,2142.6415,2172.6615,2172.6615,2142.6415,2142.6415,31.929399999999987,26.86855767759741,2284.2446,2137.5613,0,,,0,4628997.696549465,0.0,0.0,0.0,4628997.696549465,0.0,-0.04816158374498547,462.8997696549465,210.795883174946,
44182,2137.4323,2162.7591,2112.2732,2161.9113,2137.4323,2162.7591,2112.2732,2161.9113,50.48590000000013,29.117828374969097,2284.2446,2137.5613,0,,,0,4628997.696549465,0.0,0.0,0.0,4628997.696549465,0.0,-0.04816158374498547,462.8997696549465,212.69167139224905,
44183,2161.2791,2167.074,2150.3745,2153.2123,2161.2791,2167.074,2150.3745,2153.2123,16.69950000000017,27.935130434495868,2284.2446,2112.2732,0,,,0,4628997.696549465,0.0,0.0,0.0,4628997.696549465,0.0,-0.04816158374498547,462.8997696549465,211.83585235404837,
44186,2153.2917,2178.8525,2151.7704,2178.5788,2153.2917,2178.8525,2151.7704,2178.5788,27.082100000000082,27.853889440734367,2284.2446,2112.2732,0,,,0,4628997.696549465,0.0,0.0,0.0,4628997.696549465,0.0,-0.04816158374498547,462.8997696549465,214.33144191980503,
44187,2170.8345,2179.4849,2137.3445,2138.6377,2170.8345,2179.4849,2137.3445,2138.6377,42.14039999999977,29.21450949399774,2282.4331,2112.2732,0,,,0,4628997.696549465,0.0,0.0,0.0,4628997.696549465,0.0,-0.04816158374498547,462.8997696549465,210.40198407560723,
44188,2135.9951,2157.3728,2135.9951,2152.2022,2135.9951,2157.3728,2135.9951,2152.2022,21.377700000000004,28.468146685045575,2277.0709,2112.2732,0,,,0,4628997.696549465,0.0,0.0,0.0,4628997.696549465,0.0,-0.04816158374498547,462.8997696549465,211.7364773902035,
44189,2149.3395,2149.3395,2104.3262,2106.8883,2149.3395,2149.3395,2104.3262,2106.8883,47.876000000000204,30.316513667422203,2250.6479,2112.2732,0,,,0,4628997.696549465,0.0,0.0,0.0,4628997.696549465,0.0,-0.04816158374498547,462.8997696549465,207.27843642973428,
44190,2097.0844,2130.4969,2097.0844,2122.7662,2097.0844,2130.4969,2097.0844,2122.7662,33.41249999999991,30.611369508620083,2250.6479,2104.3262,0,,,0,4628997.696549465,0.0,0.0,0.0,4628997.696549465,0.0,-0.04816158374498547,462.8997696549465,208.84052507287106,
44193,2122.6201,2122.6201,2093.862,2097.6193,2122.6201,2122.6201,2093.862,2097.6193,28.904199999999946,30.448781936370544,2250.6479,2097.0844,0,,,0,4628997.696549465,0.0,0.0,0.0,4628997.696549465,0.0,-0.04816158374498547,462.8997696549465,206.36654004335858,
44194,2096.0787,2106.24,2083.7326,2083.7326,2096.0787,2106.24,2083.7326,2083.7326,22.50739999999996,29.692459847192396,2250.6479,2093.862,0,,,0,4628997.696549465,0.0,0.0,0.0,4628997.696549465,0.0,-0.04816158374498547,462.8997696549465,205.00034826984654,
44195,2079.212,2100.9097,2077.0578,2089.5402,2079.212,2100.9097,2077.0578,2089.5402,23.851900000000114,29.1362160522217,2250.6479,2083.7326,0,,,0,4628997.696549465,0.0,0.0,0.0,4628997.696549465,0.0,-0.04816158374498547,462.8997696549465,205.5717075808311,
44196,2090.2027,2120.4233,2090.2027,2118.4328,2090.2027,2120.4233,2090.2027,2118.4328,30.883100000000013,29.302585952010112,2250.6479,2077.0578,0,,,0,4628997.696549465,0.0,0.0,0.0,4628997.696549465,0.0,-0.04816158374498547,462.8997696549465,208.41419949290335,
44200,2124.1254,2156.9573,2124.1254,2154.8522,2124.1254,2156.9573,2124.1254,2154.8522,38.52449999999999,30.1808634803901,2250.6479,2077.0578,0,,,0,4628997.696549465,0.0,0.0,0.0,4628997.696549465,0.0,-0.04816158374498547,462.8997696549465,211.99718786856096,
44201,2148.8449,2152.3377,2131.5375,2149.9473,2148.8449,2152.3377,2131.5375,2149.9473,23.314699999999903,29.526943148924367,2250.6479,2077.0578,0,,,0,4628997.696549465,0.0,0.0,0.0,4628997.696549465,0.0,-0.04816158374498547,462.8997696549465,211.51463736844943,
44202,2147.7398,2147.7398,2109.6893,2116.2346,2147.7398,2147.7398,2109.6893,2116.2346,40.25799999999981,30.548948563312504,2244.385,2077.0578,0,,,0,4628997.696549465,0.0,0.0,0.0,4628997.696549465,0.0,-0.04816158374498547,462.8997696549465,208.19793769157297,
44203,2108.0955,2108.0955,2040.2214,2047.974,2108.0955,2108.0955,2040.2214,2047.974,76.01319999999987,34.87887727156844,2237.6812,2077.0578,0,,,0,4628997.696549465,0.0,0.0,0.0,4628997.696549465,0.0,-0.04816158374498547,462.8997696549465,201.48237026554688,
44204,2041.2138,2056.4411,2001.7145,2038.9265,2041.2138,2056.4411,2001.7145,2038.9265,54.72659999999996,36.76913657903811,2206.2397,2040.2214,0,,,0,4628997.696549465,0.0,0.0,0.0,4628997.696549465,0.0,-0.04816158374498547,462.8997696549465,200.5922653399094,
44207,2036.6132,2036.6132,1977.6852,1983.6452,2036.6132,2036.6132,1977.6852,1983.6452,61.24130000000014,39.09981880960592,2193.6838,2001.7145,0,,,0,4628997.696549465,0.0,0.0,0.0,4628997.696549465,0.0,-0.04816158374498547,462.8997696549465,195.15361848435322,
44208,1978.3073,2003.0382,1978.3073,1994.35,1978.3073,2003.0382,1978.3073,1994.35,24.73090000000002,37.731350351548215,2179.4849,1977.6852,0,,,0,4628997.696549465,0.0,0.0,0.0,4628997.696549465,0.0,-0.04816158374498547,462.8997696549465,196.20677075934236,
44209,1993.4649,1993.4649,1949.1815,1953.9742,1993.4649,1993.4649,1949.1815,1953.9742,45.168499999999995,38.43965031806743,2179.4849,1977.6852,0,,,0,4628997.696549465,0.0,0.0,0.0,4628997.696549465,0.0,-0.04816158374498547,462.8997696549465,192.23454655856267,
44210,1948.0835,1966.6408,1928.6729,1956.64,1948.0835,1966.6408,1928.6729,1956.64,37.96789999999987,38.39472171634671,2179.4849,1949.1815,0,,,0,4628997.696549465,0.0,0.0,0.0,4628997.696549465,0.0,-0.04816158374498547,462.8997696549465,192.49681146165904,
44211,1955.1999,1988.8233,1955.1999,1988.2339,1955.1999,1988.8233,1955.1999,1988.2339,33.62339999999995,37.94031012431368,2179.4849,1928.6729,0,,,0,4628997.696549465,0.0,0.0,0.0,4628997.696549465,0.0,-0.04816158374498547,462.8997696549465,195.60506081342456,
44214,1987.2246,2026.9797,1987.2246,2026.84,1987.2246,2026.9797,1987.2246,2026.84,39.755100000000084,38.113147255331434,2179.4849,1928.6729,0,,,0,4628997.696549465,0.0,0.0,0.0,4628997.696549465,0.0,-0.04816158374498547,462.8997696549465,199.40317960531777,
44215,2025.759,2045.5714,2025.759,2036.6951,2025.759,2045.5714,2025.759,2036.6951,19.812400000000025,36.370218945299875,2179.4849,1928.6729,0,,,0,4628997.696549465,0.0,0.0,0.0,4628997.696549465,0.0,-0.04816158374498547,462.8997696549465,200.37273727900114,
44216,2036.1339,2044.6382,2028.1772,2044.6382,2036.1339,2044.6382,2028.1772,2044.6382,16.461000000000013,34.47410285527132,2179.4849,1928.6729,0,,,0,4628997.696549465,0.0,0.0,0.0,4628997.696549465,0.0,-0.04816158374498547,462.8997696549465,201.15418988301676,
44217,2043.6851,2064.7041,2042.3782,2056.6686,2043.6851,2064.7041,2042.3782,2056.6686,22.32589999999982,33.31713115476927,2157.3728,1928.6729,0,,,0,4628997.696549465,0.0,0.0,0.0,4628997.696549465,0.0,-0.04816158374498547,462.8997696549465,202.3377564259722,
44218,2050.6684,2050.6684,2028.685,2034.5069,2050.6684,2050.6684,2028.685,2034.5069,27.983600000000024,32.80917580669601,2156.9573,1928.6729,0,,,0,4628997.696549465,0.0,0.0,0.0,4628997.696549465,0.0,-0.04816158374498547,462.8997696549465,200.15745929079665,
44221,2028.4739,2028.4739,1998.6623,2001.6687,2028.4739,2028.4739,1998.6623,2001.6687,35.84460000000013,33.09826382510593,2156.9573,1928.6729,0,,,0,4628997.696549465,0.0,0.0,0.0,4628997.696549465,0.0,-0.04816158374498547,462.8997696549465,196.9267940717782,
44222,1993.5466,2004.6085,1982.1296,1983.9552,1993.5466,2004.6085,1982.1296,1983.9552,22.478900000000067,32.08689584176251,2156.9573,1928.6729,0,,,0,4628997.696549465,0.0,0.0,0.0,4628997.696549465,0.0,-0.04816158374498547,462.8997696549465,195.18411669125544,
44223,1982.1702,1987.4162,1973.2909,1985.9154,1982.1702,1987.4162,1973.2909,1985.9154,14.125299999999925,30.37626766635655,2156.9573,1928.6729,0,,,0,4628997.696549465,0.0,0.0,0.0,4628997.696549465,0.0,-0.04816158374498547,462.8997696549465,195.37696374018992,
44224,1969.3285,1991.3248,1960.9951,1961.072,1969.3285,1991.3248,1960.9951,1961.072,30.329700000000003,30.37183265051307,2156.9573,1928.6729,0,,,0,4628997.696549465,0.0,0.0,0.0,4628997.696549465,0.0,-0.04816158374498547,462.8997696549465,192.93283743904783,
44225,1964.5509,1964.5509,1908.7727,1928.5808,1964.5509,1964.5509,1908.7727,1928.5808,55.77819999999997,32.79148668379754,2156.9573,1955.1999,0,,,0,4628997.696549465,0.0,0.0,0.0,4628997.696549465,0.0,-0.04816158374498547,462.8997696549465,189.73631053549732,
44228,1920.3292,1937.1805,1919.2223,1937.1736,1920.3292,1937.1805,1919.2223,1937.1736,17.958200000000033,31.378792713912063,2156.9573,1908.7727,0,,,0,4628997.696549465,0.0,0.0,0.0,4628997.696549465,0.0,-0.04816158374498547,462.8997696549465,190.58168147830122,
44229,1935.2986,1941.5863,1924.2314,1941.4725,1935.2986,1941.5863,1924.2314,1941.4725,17.354900000000043,30.04318388401568,2152.3377,1908.7727,0,,,0,4628997.696549465,0.0,0.0,0.0,4628997.696549465,0.0,-0.04816158374498547,462.8997696549465,191.0046129029846,
44230,1937.4511,1937.4511,1913.3768,1913.8042,1937.4511,1937.4511,1913.3768,1913.8042,28.09570000000008,29.857709228395148,2147.7398,1908.7727,0,,,0,4628997.696549465,0.0,0.0,0.0,4628997.696549465,0.0,-0.04816158374498547,462.8997696549465,188.2825692319135,
44231,1906.2011,1906.2011,1852.3529,1871.6673,1906.2011,1906.2011,1852.3529,1871.6673,61.45129999999995,32.866622635214654,2108.0955,1908.7727,0,,,0,4628997.696549465,0.0,0.0,0.0,4628997.696549465,0.0,-0.04816158374498547,462.8997696549465,184.13708570153548,
44232,1871.8707,1888.1198,1839.4419,1839.4419,1871.8707,1888.1198,1839.4419,1839.4419,48.67789999999991,34.37245857471801,2064.7041,1852.3529,0,,,0,4628997.696549465,0.0,0.0,0.0,4628997.696549465,0.0,-0.04816158374498547,462.8997696549465,180.9667085508708,
44235,1839.4428,1847.0538,1828.7139,1838.0629,1839.4428,1847.0538,1828.7139,1838.0629,18.339899999999943,32.84554823426867,2064.7041,1839.4419,0,,,0,4628997.696549465,0.0,0.0,0.0,4628997.696549465,0.0,-0.04816158374498547,462.8997696549465,180.8310407208123,
44236,1836.5871,1874.3431,1836.5871,1871.7342,1836.5871,1874.3431,1836.5871,1871.7342,37.756000000000085,33.313210307195476,2064.7041,1828.7139,0,,,0,4628997.696549465,0.0,0.0,0.0,4628997.696549465,0.0,-0.04816158374498547,462.8997696549465,184.14366741134762,
44237,1873.184,1881.6598,1870.3072,1880.9772,1873.184,1881.6598,1870.3072,1880.9772,11.352599999999939,31.221723611272093,2064.7041,1828.7139,0,,,0,4628997.696549465,0.0,0.0,0.0,4628997.696549465,0.0,-0.04816158374498547,462.8997696549465,185.053005883596,
44245,1905.3961,1933.4338,1905.3961,1933.4338,1905.3961,1933.4338,1905.3961,1933.4338,52.45659999999998,33.24409279115094,2064.7041,1828.7139,0,,,0,4628997.696549465,0.0,0.0,0.0,4628997.696549465,0.0,-0.04816158374498547,462.8997696549465,190.2137550454856,
44246,1933.327,1990.6623,1933.327,1990.6623,1933.327,1990.6623,1933.327,1990.6623,57.33529999999996,35.53849347770799,2064.7041,1828.7139,0,,,0,4628997.696549465,0.0,0.0,0.0,4628997.696549465,0.0,-0.04816158374498547,462.8997696549465,195.8439699929126,
44249,1999.8821,2051.5429,1999.8821,2015.4403,1999.8821,2051.5429,1999.8821,2015.4403,60.88059999999996,37.952027432211985,2064.7041,1828.7139,0,,,0,4628997.696549465,0.0,0.0,0.0,4628997.696549465,0.0,-0.04816158374498547,462.8997696549465,198.2816621562114,
44250,2010.2085,2015.9277,1990.2936,2002.9091,2010.2085,2015.9277,1990.2936,2002.9091,25.63409999999999,36.77889148628704,2064.7041,1828.7139,0,,,0,4628997.696549465,0.0,0.0,0.0,4628997.696549465,0.0,-0.04816158374498547,462.8997696549465,197.04882625191203,
44251,2001.3449,2017.5827,1994.5429,2004.9824,2001.3449,2017.5827,1994.5429,2004.9824,23.039800000000014,35.47040658283113,2064.7041,1828.7139,0,,,0,4628997.696549465,0.0,0.0,0.0,4628997.696549465,0.0,-0.04816158374498547,462.8997696549465,197.25280022730018,
44252,2014.3618,2014.3618,1985.547,1986.5923,2014.3618,2014.3618,1985.547,1986.5923,28.814799999999877,34.836539289228156,2064.7041,1828.7139,0,,,0,4628997.696549465,0.0,0.0,0.0,4628997.696549465,0.0,-0.04816158374498547,462.8997696549465,195.44355805068054,
44253,1961.1531,2000.2365,1961.1531,1991.6987,1961.1531,2000.2365,1961.1531,1991.6987,39.08339999999998,35.24100221406357,2051.5429,1828.7139,0,,,0,4628997.696549465,0.0,0.0,0.0,4628997.696549465,0.0,-0.04816158374498547,462.8997696549465,195.9459323852785,
44256,1997.9581,2041.1171,1997.9581,2041.1171,1997.9581,2041.1171,1997.9581,2041.1171,49.41840000000002,36.591230574628945,2051.5429,1828.7139,0,,,0,4628997.696549465,0.0,0.0,0.0,4628997.696549465,0.0,-0.04816158374498547,462.8997696549465,200.80777944326405,
44257,2043.0461,2043.0461,2017.5901,2027.6842,2043.0461,2043.0461,2017.5901,2027.6842,25.45600000000013,35.53073242466429,2051.5429,1836.5871,0,,,0,4628997.696549465,0.0,0.0,0.0,4628997.696549465,0.0,-0.04816158374498547,462.8997696549465,199.48623310940434,
44258,2023.4203,2053.4461,2023.4203,2053.4461,2023.4203,2053.4461,2023.4203,2053.4461,30.025800000000118,35.006453146124855,2051.5429,1870.3072,1,2051.5429,2016.0121675753355,2200,114700.63767346505,4517581.42,902.6788760000001,3284.3611239995807,4632282.0576734645,0.0007095188503654093,-0.04748623644615069,463.2282057673464,202.02072264615825,BUY
44259,2045.2756,2053.8001,2033.2709,2036.7519,2045.2756,2053.8001,2033.2709,2036.7519,20.529199999999946,33.627667132208195,2053.4461,1905.3961,1,,2016.0121675753355,2200,114700.63767346505,4480854.18,0.0,-36727.24000000022,4595554.817673464,-0.007928541384728649,-0.05503828124001098,459.5554817673464,200.37832533755613,
44260,2025.8964,2060.6726,2025.8964,2056.4106,2025.8964,2060.6726,2025.8964,2056.4106,34.77619999999979,33.737051214855015,2053.8001,1933.327,1,,2016.0121675753355,2200,114700.63767346505,4524103.32,0.0,43249.140000000596,4638803.957673465,0.009411081298317692,-0.04614516968096272,463.8803957673465,202.3123740473246,
44263,2064.2198,2075.5282,2030.3597,2030.3597,2064.2198,2075.5282,2030.3597,2030.3597,45.16850000000022,34.82576062296408,2060.6726,1961.1531,1,,2016.0121675753355,2200,114700.63767346505,4466791.34,0.0,-57311.98000000045,4581491.977673464,-0.012354904523437682,-0.057929955038774295,458.14919776734644,199.74945231123283,
44264,2026.8617,2026.8617,1945.9023,1975.6115,2026.8617,2026.8617,1945.9023,1975.6115,84.4574,39.552583420777026,2075.5282,1961.1531,0,2016.0121675753355,,0,4546822.747601137,0.0,3104.6587380660167,-34669.23007232789,4546822.747601137,-0.007567235791588911,-0.06505882120118855,454.6822747601136,194.36325253341718,SELL
44265,1985.3057,1985.3057,1945.7224,1947.7812,1985.3057,1985.3057,1945.7224,1947.7812,39.58329999999978,39.55550880927443,2075.5282,1945.9023,0,,,0,4546822.747601137,0.0,0.0,0.0,4546822.747601137,0.0,-0.06505882120118855,454.6822747601136,191.6252710897068,
44266,1946.9486,1989.8433,1937.4388,1989.8433,1946.9486,1989.8433,1937.4388,1989.8433,52.4045000000001,40.77922225601021,2075.5282,1945.7224,0,,,0,4546822.747601137,0.0,0.0,0.0,4546822.747601137,0.0,-0.06505882120118855,454.6822747601136,195.76339569790323,
44267,1990.9002,1996.5953,1976.0264,1994.2474,1990.9002,1996.5953,1976.0264,1994.2474,20.568899999999985,38.85442966019971,2075.5282,1937.4388,0,,,0,4546822.747601137,0.0,0.0,0.0,4546822.747601137,0.0,-0.06505882120118855,454.6822747601136,196.1966768366709,
44270,1989.7202,2003.1978,1983.025,1995.4246,1989.7202,2003.1978,1983.025,1995.4246,20.172799999999825,37.075226835418775,2075.5282,1937.4388,0,,,0,4546822.747601137,0.0,0.0,0.0,4546822.747601137,0.0,-0.06505882120118855,454.6822747601136,196.31249131784915,
44271,1996.219,2026.0616,1996.219,2025.9216,1996.219,2026.0616,1996.219,2025.9216,30.636999999999944,36.46206237490269,2075.5282,1937.4388,0,,,0,4546822.747601137,0.0,0.0,0.0,4546822.747601137,0.0,-0.06505882120118855,454.6822747601136,199.3128262078372,
44272,2022.751,2036.7707,2016.0547,2036.571,2022.751,2036.7707,2016.0547,2036.571,20.716000000000122,34.96243738681673,2075.5282,1937.4388,0,,,0,4546822.747601137,0.0,0.0,0.0,4546822.747601137,0.0,-0.06505882120118855,454.6822747601136,200.360528158109,
44273,2033.5883,2042.1195,2031.2215,2034.0465,2033.5883,2042.1195,2031.2215,2034.0465,10.89799999999991,32.67058620711989,2075.5282,1937.4388,0,,,0,4546822.747601137,0.0,0.0,0.0,4546822.747601137,0.0,-0.06505882120118855,454.6822747601136,200.11216453448125,
44274,2016.6417,2046.9435,2016.6417,2028.8005,2016.6417,2046.9435,2016.6417,2028.8005,30.301800000000185,32.44498752072754,2075.5282,1937.4388,0,,,0,4546822.747601137,0.0,0.0,0.0,4546822.747601137,0.0,-0.06505882120118855,454.6822747601136,199.59605616864604,
44277,2030.1743,2063.4025,2030.1743,2063.4025,2030.1743,2063.4025,2030.1743,2063.4025,34.60200000000009,32.65041728065825,2075.5282,1937.4388,0,,,0,4546822.747601137,0.0,0.0,0.0,4546822.747601137,0.0,-0.06505882120118855,454.6822747601136,203.0002463468067,
44278,2062.7452,2062.7452,2030.8404,2036.4647,2062.7452,2062.7452,2030.8404,2036.4647,32.5621000000001,32.642006111071765,2075.5282,1937.4388,0,,,0,4546822.747601137,0.0,0.0,0.0,4546822.747601137,0.0,-0.06505882120118855,454.6822747601136,200.35007022458095,
44279,2025.7621,2036.2442,2016.5738,2019.4128,2025.7621,2036.2442,2016.5738,2019.4128,19.8909000000001,31.427615052874465,2075.5282,1937.4388,0,,,0,4546822.747601137,0.0,0.0,0.0,4546822.747601137,0.0,-0.06505882120118855,454.6822747601136,198.67248192046617,
44280,2014.6068,2023.4528,2004.6415,2009.9655,2014.6068,2023.4528,2004.6415,2009.9655,18.811300000000074,30.226061238315,2075.5282,1937.4388,0,,,0,4546822.747601137,0.0,0.0,0.0,4546822.747601137,0.0,-0.06505882120118855,454.6822747601136,197.7430441460561,
44281,2009.1233,2038.9679,2009.1233,2036.6295,2009.1233,2038.9679,2009.1233,2036.6295,29.844600000000128,30.18973159657073,2075.5282,1976.0264,0,,,0,4546822.747601137,0.0,0.0,0.0,4546822.747601137,0.0,-0.06505882120118855,454.6822747601136,200.3662834648954,
44284,2039.0871,2044.7763,2034.7237,2039.0511,2039.0871,2044.7763,2034.7237,2039.0511,10.052599999999984,28.27190953975447,2075.5282,1983.025,0,,,0,4546822.747601137,0.0,0.0,0.0,4546822.747601137,0.0,-0.06505882120118855,454.6822747601136,200.6045236514578,
44285,2034.3433,2034.3433,2015.0856,2018.1274,2034.3433,2034.3433,2015.0856,2018.1274,23.965499999999793,27.861775297873073,2075.5282,1996.219,0,,,0,4546822.747601137,0.0,0.0,0.0,4546822.747601137,0.0,-0.06505882120118855,454.6822747601136,198.54602258126593,
44286,2014.0468,2023.1798,2010.125,2023.1798,2014.0468,2023.1798,2010.125,2023.1798,13.054799999999886,26.451587174266102,2075.5282,2004.6415,0,,,0,4546822.747601137,0.0,0.0,0.0,4546822.747601137,0.0,-0.06505882120118855,454.6822747601136,199.04308432498414,
44287,2022.7807,2023.5464,2014.2057,2021.3605,2022.7807,2023.5464,2014.2057,2021.3605,9.34069999999997,24.821978871955043,2075.5282,2004.6415,0,,,0,4546822.747601137,0.0,0.0,0.0,4546822.747601137,0.0,-0.06505882120118855,454.6822747601136,198.86409920299332,
44288,2022.3796,2027.5796,2017.9603,2025.5786,2022.3796,2027.5796,2017.9603,2025.5786,9.619300000000067,23.374104693673615,2075.5282,2004.6415,0,,,0,4546822.747601137,0.0,0.0,0.0,4546822.747601137,0.0,-0.06505882120118855,454.6822747601136,199.2790814176196,
44292,2027.5992,2054.4393,2027.5992,2054.1935,2027.5992,2054.4393,2027.5992,2054.1935,28.86069999999995,23.896637579990408,2075.5282,2004.6415,0,,,0,4546822.747601137,0.0,0.0,0.0,4546822.747601137,0.0,-0.06505882120118855,454.6822747601136,202.09425283918628,
44293,2053.4295,2066.605,2050.0778,2066.605,2053.4295,2066.605,2050.0778,2066.605,16.527199999999993,23.194786381896083,2063.4025,2004.6415,1,2063.4025,2039.5058624200096,2200,6429.350501136565,4546531.0,907.8971,6137.602900000289,4552960.350501137,0.0013498663222002438,-0.06379677559068997,455.2960350501137,203.31531250036892,BUY
44294,2063.8914,2063.8914,2047.9005,2047.9005,2063.8914,2063.8914,2047.9005,2047.9005,18.704500000000053,22.767140059810746,2066.605,2004.6415,1,,2039.5058624200096,2200,6429.350501136565,4505381.1,0.0,-41149.90000000037,4511810.4505011365,-0.009038053668855461,-0.07225823057785685,451.18104505011365,201.47513923907167,
44295,2044.2178,2052.9847,2043.9291,2051.9245,2044.2178,2052.9847,2043.9291,2051.9245,9.055599999999913,21.461279101733524,2066.605,2004.6415,1,,2039.5058624200096,2200,6429.350501136565,4514233.9,0.0,8852.800000000745,4520663.250501137,0.0019621391672199895,-0.07043787211500774,452.06632505011373,201.87102564092473,
44298,2051.9332,2051.9332,2022.5161,2025.088,2051.9332,2051.9332,2022.5161,2025.088,29.41709999999989,22.218976330139846,2066.605,2009.1233,0,2039.5058624200096,,0,4490201.408797031,0.0,3140.839028126815,-30461.84170410596,4490201.408797031,-0.006738356744605767,-0.07670159334897164,449.02014087970315,199.23081554566406,SELL
44299,2020.6616,2020.6616,2007.3762,2010.6051,2020.6616,2020.6616,2007.3762,2010.6051,17.71180000000004,21.789721441555102,2066.605,2010.125,0,,,0,4490201.408797031,0.0,0.0,0.0,4490201.408797031,0.0,-0.07670159334897164,449.02014087970315,197.8059688335872,
44300,2007.8522,2033.2265,2004.9134,2033.2265,2007.8522,2033.2265,2004.9134,2033.2265,28.313100000000077,22.410995589978434,2066.605,2007.3762,0,,,0,4490201.408797031,0.0,0.0,0.0,4490201.408797031,0.0,-0.07670159334897164,449.02014087970315,200.03149185815934,
44301,2030.5096,2032.8742,2023.9944,2030.3775,2030.5096,2032.8742,2023.9944,2030.3775,9.232099999999946,21.15586267664715,2066.605,2004.9134,0,,,0,4490201.408797031,0.0,0.0,0.0,4490201.408797031,0.0,-0.07670159334897164,449.02014087970315,199.75120349859688,
44302,2030.9572,2068.886,2030.9572,2068.886,2030.9572,2068.886,2030.9572,2068.886,38.50849999999991,22.808494802680748,2066.605,2004.9134,1,2066.605,2045.449137323353,2100,149462.93469703128,4344660.6,867.9741,3922.1258999994025,4494123.534697031,0.0008734855172232159,-0.07589510556268675,449.4123534697031,203.53972027438152,BUY
44305,2069.727,2095.815,2069.727,2095.6424,2069.727,2095.815,2069.727,2095.6424,26.929000000000087,23.200923869092115,2068.886,2004.9134,1,,2045.449137323353,2100,149462.93469703128,4400849.04,0.0,56188.44000000041,4550311.974697031,0.01250264697136072,-0.06434134830303051,455.0311974697031,206.17205002650394,
44306,2092.0909,2103.2771,2087.1283,2087.1283,2092.0909,2103.2771,2087.1283,2087.1283,16.148799999999937,22.529293024416667,2095.815,2004.9134,1,,2045.449137323353,2100,149462.93469703128,4382969.43,0.0,-17879.610000000335,4532432.364697031,-0.003929315198479499,-0.06801784606373229,453.2432364697031,205.33442169300068,
44307,2078.0945,2087.0879,2072.9555,2080.0714,2078.0945,2087.0879,2072.9555,2080.0714,14.172799999999825,21.733436545900776,2103.2771,2004.9134,1,,2045.449137323353,2100,149462.93469703128,4368149.9399999995,0.0,-14819.490000000224,4517612.8746970305,-0.003269654968362845,-0.07106510614377548,451.761287469703,204.64015460820036,
44308,2083.6972,2093.1035,2083.6972,2089.8885,2083.6972,2093.1035,2083.6972,2089.8885,13.032100000000355,20.904737827243594,2103.2771,2004.9134,1,,2045.449137323353,2100,149462.93469703128,4388765.85,0.0,20615.91000000015,4538228.784697031,0.00456345210884912,-0.0668259562434238,453.8228784697031,205.6059737920054,
44309,2088.0625,2088.0625,2064.1013,2070.6617,2088.0625,2088.0625,2064.1013,2070.6617,25.78720000000021,21.369734224648987,2103.2771,2004.9134,1,,2045.449137323353,2100,149462.93469703128,4348389.57,0.0,-40376.27999999933,4497852.504697031,-0.00889692475093995,-0.07512833549025644,449.78525046970316,203.71441597114358,
44312,2070.6214,2086.3718,2064.3639,2064.7936,2070.6214,2086.3718,2064.3639,2064.7936,22.007900000000063,21.430511917539565,2103.2771,2004.9134,1,,2045.449137323353,2100,149462.93469703128,4336066.56,0.0,-12323.010000000708,4485529.494697031,-0.002739754135363981,-0.07766225645777791,448.55294946970304,203.13710459074753,
44313,2060.241,2060.241,2031.8871,2050.8825,2060.241,2060.241,2031.8871,2050.8825,32.90650000000005,22.523463163488184,2103.2771,2004.9134,0,2045.449137323353,,0,4441899.312844207,0.0,3006.8102318653287,-43630.181852824055,4441899.312844207,-0.009726874364421323,-0.08663371981077694,444.1899312844207,201.76851231320833,SELL
44314,2045.0452,2052.8133,2039.3966,2052.8133,2045.0452,2052.8133,2039.3966,2052.8133,13.416699999999764,21.656152386013098,2103.2771,2004.9134,0,,,0,4441899.312844207,0.0,0.0,0.0,4441899.312844207,0.0,-0.08663371981077694,444.1899312844207,201.9584669515527,
44315,2047.0338,2052.7538,2041.1953,2041.1953,2047.0338,2052.7538,2041.1953,2041.1953,11.61799999999971,20.70013787305944,2103.2771,2023.9944,0,,,0,4441899.312844207,0.0,0.0,0.0,4441899.312844207,0.0,-0.08663371981077694,444.1899312844207,200.81547286190843,
44316,2036.8079,2039.8327,2021.9332,2031.3346,2036.8079,2039.8327,2021.9332,2031.3346,19.262100000000146,20.563181885149028,2103.2771,2030.9572,0,,,0,4441899.312844207,0.0,0.0,0.0,4441899.312844207,0.0,-0.08663371981077694,444.1899312844207,199.8453642528746,
44322,2032.2648,2048.4966,2032.2648,2045.8988,2032.2648,2048.4966,2032.2648,2045.8988,17.162000000000035,20.239259800849123,2103.2771,2021.9332,0,,,0,4441899.312844207,0.0,0.0,0.0,4441899.312844207,0.0,-0.08663371981077694,444.1899312844207,201.27820936566482,
44323,2046.7201,2046.7201,2032.598,2033.565,2046.7201,2046.7201,2032.598,2033.565,14.122100000000046,19.65667315314921,2103.2771,2021.9332,0,,,0,4441899.312844207,0.0,0.0,0.0,4441899.312844207,0.0,-0.08663371981077694,444.1899312844207,200.06479393247028,
44326,2034.2573,2047.6151,2030.006,2047.6151,2034.2573,2047.6151,2030.006,2047.6151,17.6090999999999,19.461666186182608,2103.2771,2021.9332,0,,,0,4441899.312844207,0.0,0.0,0.0,4441899.312844207,0.0,-0.08663371981077694,444.1899312844207,201.44706121245918,
44327,2039.2678,2054.8469,2026.8962,2052.5053,2039.2678,2054.8469,2026.8962,2052.5053,27.950700000000097,20.270145597022367,2103.2771,2021.9332,0,,,0,4441899.312844207,0.0,0.0,0.0,4441899.312844207,0.0,-0.08663371981077694,444.1899312844207,201.92816550727568,
44328,2044.261,2078.1335,2043.1157,2078.1335,2044.261,2078.1335,2043.1157,2078.1335,35.01779999999985,21.674684111591652,2103.2771,2021.9332,0,,,0,4441899.312844207,0.0,0.0,0.0,4441899.312844207,0.0,-0.08663371981077694,444.1899312844207,204.44950146253657,
44329,2065.7542,2087.369,2065.7542,2068.9393,2065.7542,2087.369,2065.7542,2068.9393,21.614800000000287,21.668980862868665,2103.2771,2021.9332,0,,,0,4441899.312844207,0.0,0.0,0.0,4441899.312844207,0.0,-0.08663371981077694,444.1899312844207,203.54496399834247,
44330,2073.7423,2092.0466,2073.7423,2092.0466,2073.7423,2092.0466,2073.7423,2092.0466,23.107300000000123,21.805963637833568,2103.2771,2021.9332,0,,,0,4441899.312844207,0.0,0.0,0.0,4441899.312844207,0.0,-0.08663371981077694,444.1899312844207,205.81829050270096,
44333,2085.5683,2085.5683,2064.3121,2064.7065,2085.5683,2085.5683,2064.3121,2064.7065,27.734500000000025,22.37058614851609,2103.2771,2021.9332,0,,,0,4441899.312844207,0.0,0.0,0.0,4441899.312844207,0.0,-0.08663371981077694,444.1899312844207,203.1285355784211,
44334,2060.1873,2076.1171,2056.9548,2076.1171,2060.1873,2076.1171,2056.9548,2076.1171,19.16229999999996,22.065035086752648,2103.2771,2021.9332,0,,,0,4441899.312844207,0.0,0.0,0.0,4441899.312844207,0.0,-0.08663371981077694,444.1899312844207,204.2511253838347,
44335,2071.9155,2079.3696,2071.3503,2077.1497,2071.9155,2079.3696,2071.3503,2077.1497,8.01929999999993,20.727346030871438,2103.2771,2021.9332,0,,,0,4441899.312844207,0.0,0.0,0.0,4441899.312844207,0.0,-0.08663371981077694,444.1899312844207,204.35271392721276,
44336,2069.6419,2078.0566,2064.6499,2070.5335,2069.6419,2078.0566,2064.6499,2070.5335,13.4067,20.03014164697892,2103.2771,2026.8962,0,,,0,4441899.312844207,0.0,0.0,0.0,4441899.312844207,0.0,-0.08663371981077694,444.1899312844207,203.70180348686984,
44337,2071.24,2082.9844,2071.24,2077.7122,2071.24,2082.9844,2071.24,2077.7122,12.45089999999982,19.308309109171386,2103.2771,2026.8962,0,,,0,4441899.312844207,0.0,0.0,0.0,4441899.312844207,0.0,-0.08663371981077694,444.1899312844207,204.40805341554338,
44340,2077.6259,2089.2243,2077.6259,2089.2243,2077.6259,2089.2243,2077.6259,2089.2243,11.598399999999856,18.57403205115505,2093.1035,2026.8962,0,,,0,4441899.312844207,0.0,0.0,0.0,4441899.312844207,0.0,-0.08663371981077694,444.1899312844207,205.54062892418457,
44341,2087.8888,2100.9083,2082.8564,2100.9083,2087.8888,2100.9083,2082.8564,2100.9083,18.051899999999932,18.52430518914028,2093.1035,2026.8962,1,2093.1035,2074.529467948845,2100,45502.85937420602,4411907.43,879.1034700000001,15510.976529998705,4457410.289374205,0.003491969411631546,-0.08344427269874055,445.7410289374205,206.69011618045965,BUY
44342,2100.5481,2117.3146,2100.5481,2117.1304,2100.5481,2117.3146,2100.5481,2117.1304,16.76650000000018,18.356895171126936,2100.9083,2043.1157,1,,2074.529467948845,2100,45502.85937420602,4445973.84,0.0,34066.41000000015,4491476.699374205,0.007642646242642215,-0.07643936151330943,449.1476699374205,208.28606767138908,
44343,2115.8492,2135.962,2115.8492,2135.6198,2115.8492,2135.962,2115.8492,2135.6198,20.11279999999988,18.524124202448167,2117.3146,2056.9548,1,,2074.529467948845,2100,45502.85937420602,4484801.58,0.0,38827.74000000022,4530304.439374206,0.008644760420422504,-0.06845540105985948,453.03044393742056,210.1050791123487,
44344,2136.6624,2144.3949,2127.5947,2132.273,2136.6624,2144.3949,2127.5947,2132.273,16.800199999999677,18.359940945072122,2135.962,2056.9548,1,,2074.529467948845,2100,45502.85937420602,4477773.300000001,0.0,-7028.279999999329,4523276.159374206,-0.00155139242716551,-0.06990059229622214,452.32761593742066,209.7758165353801,
44347,2134.737,2163.0801,2133.839,2163.0801,2134.737,2163.0801,2133.839,2163.0801,30.80709999999999,19.54538466458906,2144.3949,2056.9548,1,,2074.529467948845,2100,45502.85937420602,4542468.21,0.0,64694.90999999922,4587971.069374206,0.014302666412689291,-0.05659769073719523,458.79710693742055,212.80665947040157,
44348,2164.0853,2181.4586,2164.0853,2181.4586,2164.0853,2181.4586,2164.0853,2181.4586,18.378499999999804,19.434252791771037,2163.0801,2056.9548,1,,2074.529467948845,2100,45502.85937420602,4581063.06,0.0,38594.84999999963,4626565.919374205,0.008412182513013011,-0.048661618328478484,462.65659193742056,214.61476042379522,
44349,2177.8255,2177.8255,2158.4736,2159.5193,2177.8255,2177.8255,2158.4736,2159.5193,22.985000000000127,19.77241919255476,2181.4586,2064.6499,1,,2074.529467948845,2100,45502.85937420602,4534990.53,0.0,-46072.52999999933,4580493.389374206,-0.009958256469894011,-0.05813528992281747,458.04933893742054,212.45634329253917,
44350,2157.4813,2174.0669,2155.8979,2155.8979,2157.4813,2174.0669,2155.8979,2155.8979,18.16899999999987,19.61971260278763,2181.4586,2064.6499,1,,2074.529467948845,2100,45502.85937420602,4527385.59,0.0,-7604.94000000041,4572888.449374205,-0.0016602883911245314,-0.05969905696696842,457.28884493742055,212.10006520713395,
44351,2149.615,2165.904,2149.615,2161.9098,2149.615,2165.904,2149.615,2161.9098,16.289000000000215,19.302501878712636,2181.4586,2071.24,1,,2074.529467948845,2100,45502.85937420602,4540010.58,0.0,12624.990000000224,4585513.439374206,0.0027608348945682426,-0.057103041312047464,458.5513439374206,212.69152382028014,
44354,2166.0174,2181.0553,2166.0174,2181.0553,2166.0174,2181.0553,2166.0174,2181.0553,19.145500000000084,19.287549318835254,2181.4586,2077.6259,1,,2074.529467948845,2100,45502.85937420602,4580216.13,0.0,40205.549999999814,4625718.9893742055,0.008767949441554013,-0.0488357684496763,462.57189893742054,214.57508324042857,
44355,2179.6867,2182.792,2170.8963,2177.3628,2179.6867,2182.792,2170.8963,2177.3628,11.895700000000033,18.583563669422375,2181.4586,2082.8564,1,,2074.529467948845,2100,45502.85937420602,4572461.88,0.0,-7754.25,4617964.7393742055,-0.0016763339964689372,-0.05043023738724939,461.7964739374205,214.21181024369838,
44356,2174.6675,2186.9118,2174.6675,2182.8121,2174.6675,2186.9118,2174.6675,2182.8121,12.24429999999984,17.979824272334515,2182.792,2100.5481,1,,2074.529467948845,2100,45502.85937420602,4583905.41,0.0,11443.53000000026,4629408.269374206,0.002478046205599771,-0.048077159640054545,462.9408269374205,214.74791953038272,
44357,2181.6141,2191.2721,2179.5218,2190.9701,2181.6141,2191.2721,2179.5218,2190.9701,11.750300000000152,17.386536246397906,2186.9118,2115.8492,1,,2074.529467948845,2100,45502.85937420602,4601037.21,0.0,17131.799999999814,4646540.069374206,0.0037006457419914707,-0.044554430434172065,464.6540069374206,215.5505142784734,
44358,2191.0016,2191.9335,2172.9271,2173.4138,2191.0016,2191.9335,2172.9271,2173.4138,19.006400000000212,17.54080898483622,2191.2721,2127.5947,1,,2074.529467948845,2100,45502.85937420602,4564168.9799999995,0.0,-36868.23000000045,4609671.839374205,-0.00793455548635047,-0.052135466320079815,460.96718393742054,213.8233024402894,
44362,2173.4224,2173.4224,2156.6161,2158.9121,2173.4224,2173.4224,2156.6161,2158.9121,16.806299999999737,17.470855748185127,2191.9335,2133.839,1,,2074.529467948845,2100,45502.85937420602,4533715.41,0.0,-30453.569999999367,4579218.269374206,-0.006606450754232829,-0.05839748668352007,457.9218269374206,212.39660615953593,
44363,2155.1231,2156.2942,2130.0678,2132.4948,2155.1231,2156.2942,2130.0678,2132.4948,28.844300000000203,18.554040915024657,2191.9335,2149.615,0,2149.615,,0,4556534.425324205,0.0,3159.93405,-22683.84405000042,4556534.425324205,-0.004953649884241185,-0.06306185586461144,455.6534425324205,209.79763751051203,SELL
44364,2129.0965,2150.0968,2129.0965,2150.0255,2129.0965,2150.0968,2129.0965,2150.0255,21.000299999999697,18.787017970736567,2191.9335,2130.0678,0,,,0,4556534.425324205,0.0,0.0,0.0,4556534.425324205,0.0,-0.06306185586461144,455.6534425324205,211.52233078709378,
44365,2147.8258,2172.6858,2137.4213,2172.6858,2147.8258,2172.6858,2137.4213,2172.6858,35.264500000000226,20.356301973523582,2191.9335,2129.0965,0,,,0,4556534.425324205,0.0,0.0,0.0,4556534.425324205,0.0,-0.06306185586461144,455.6534425324205,213.75168084472557,
44368,2165.4281,2204.479,2165.4281,2204.479,2165.4281,2204.479,2165.4281,2204.479,39.05089999999973,22.136739880807024,2191.9335,2129.0965,1,2191.9335,2171.5771980264767,2000,171790.6519242053,4408958.0,876.7734,24214.226599999703,4580748.651924205,0.005314176156647088,-0.05808280151879397,458.07486519242053,216.87953759208983,BUY
44369,2206.4579,2219.4999,2203.7602,2219.4999,2206.4579,2219.4999,2203.7602,2219.4999,15.73969999999963,21.527497987396796,2204.479,2129.0965,1,,2171.5771980264767,2000,171790.6519242053,4438999.8,0.0,30041.799999999814,4610790.451924205,0.00655827295553113,-0.05190545142964509,461.07904519242044,218.35731345033884,
44370,2218.6289,2229.5385,2213.7654,2226.9103,2218.6289,2229.5385,2213.7654,2226.9103,15.773099999999886,20.979460083835185,2219.4999,2129.0965,1,,2171.5771980264767,2000,171790.6519242053,4453820.6,0.0,14820.799999999814,4625611.251924205,0.0032143729268405696,-0.04885792198063543,462.56112519242043,219.08635832913902,
44371,2227.2605,2227.2605,2211.1389,2211.2341,2227.2605,2227.2605,2211.1389,2211.2341,16.121599999999944,20.516806742517545,2229.5385,2129.0965,1,,2171.5771980264767,2000,171790.6519242053,4422468.2,0.0,-31352.39999999944,4594258.851924205,-0.006778001499143982,-0.05530476441134957,459.4258851924205,217.54411319675123,
44372,2208.6045,2213.8362,2195.3334,2211.9236,2208.6045,2213.8362,2195.3334,2211.9236,18.502800000000207,20.324996576563514,2229.5385,2129.0965,1,,2171.5771980264767,2000,171790.6519242053,4423847.2,0.0,1379.0,4595637.851924205,0.00030015722762821717,-0.0550212073084817,459.5637851924205,217.61194711178047,
44375,2213.4216,2232.2656,2213.4216,2231.4905,2213.4216,2232.2656,2213.4216,2231.4905,20.3420000000001,20.32661595022414,2229.5385,2129.0965,1,,2171.5771980264767,2000,171790.6519242053,4462981.0,0.0,39133.799999999814,4634771.651924205,0.008515422942565909,-0.04697431321695811,463.4771651924205,219.53696441705333,
44376,2229.5741,2229.5741,2213.4093,2214.0409,2229.5741,2229.5741,2213.4093,2214.0409,18.08120000000008,20.112766812107566,2232.2656,2129.0965,1,,2171.5771980264767,2000,171790.6519242053,4428081.8,0.0,-34899.200000000186,4599872.451924205,-0.007529863954680693,-0.05415046698375059,459.9872451924205,217.82024986492243,
44377,2215.6546,2236.2408,2215.6546,2236.2408,2215.6546,2236.2408,2215.6546,2236.2408,22.19990000000007,20.311541401430663,2232.2656,2129.0965,1,,2171.5771980264767,2000,171790.6519242053,4472481.6,0.0,44399.799999999814,4644272.251924205,0.00965239807495677,-0.0450207507720658,464.4272251924205,220.00430516623885,
44378,2237.9308,2237.9308,2197.1391,2197.1391,2237.9308,2237.9308,2197.1391,2197.1391,40.79170000000022,22.262032696532525,2236.2408,2129.0965,1,,2171.5771980264767,2000,171790.6519242053,4394278.2,0.0,-78203.39999999944,4566068.851924205,-0.016838676924592066,-0.06110133781950444,456.6068851924205,216.15742859582713,
44379,2191.4813,2204.0964,2191.4813,2202.0643,2191.4813,2204.0964,2191.4813,2202.0643,12.615099999999984,21.343277201624662,2237.9308,2137.4213,1,,2171.5771980264767,2000,171790.6519242053,4404128.6,0.0,9850.399999999441,4575919.251924205,0.0021573043069309517,-0.059075847691810734,457.5919251924205,216.64197623658424,
44382,2206.2928,2239.5866,2206.2928,2239.5866,2206.2928,2239.5866,2206.2928,2239.5866,37.52230000000009,22.884136515755657,2237.9308,2165.4281,1,,2171.5771980264767,2000,171790.6519242053,4479173.2,0.0,75044.60000000056,4650963.851924205,0.016399896035849792,-0.04364478941633643,465.0963851924205,220.33346936189488,
44383,2239.8785,2246.0715,2216.7219,2240.7595,2239.8785,2246.0715,2216.7219,2240.7595,29.34960000000001,23.499894942826547,2239.5866,2191.4813,1,,2171.5771980264767,2000,171790.6519242053,4481519.0,0.0,2345.7999999998137,4653309.651924205,0.0005043685727699199,-0.043162433903713104,465.33096519242054,220.448860803429,
44384,2226.8247,2260.8259,2226.8247,2260.4397,2226.8247,2260.8259,2226.8247,2260.4397,34.0011999999997,24.500019233985896,2246.0715,2191.4813,1,,2171.5771980264767,2000,171790.6519242053,4520879.399999999,0.0,39360.39999999944,4692670.051924204,0.008458581728753689,-0.0350689451497459,469.2670051924204,222.38502471141808,
44385,2264.0504,2265.0426,2250.9274,2253.5985,2264.0504,2265.0426,2250.9274,2253.5985,14.115200000000186,23.510988830749163,2260.8259,2191.4813,1,,2171.5771980264767,2000,171790.6519242053,4507197.0,0.0,-13682.399999999441,4678987.651924205,-0.0029156961492293743,-0.0378823909106446,467.89876519242046,221.7119784757429,
44386,2242.8099,2273.9688,2241.1685,2272.3398,2242.8099,2273.9688,2241.1685,2272.3398,32.80029999999988,24.395685132582567,2265.0426,2191.4813,1,,2171.5771980264767,2000,171790.6519242053,4544679.600000001,0.0,37482.60000000056,4716470.251924206,0.008010835417483042,-0.030175025091967456,471.64702519242053,223.55577216934338,
44389,2281.7256,2312.7831,2281.7256,2312.7018,2281.7256,2312.7831,2281.7256,2312.7018,40.44329999999991,25.924029405669934,2273.9688,2191.4813,1,,2171.5771980264767,2000,171790.6519242053,4625403.6,0.0,80723.99999999907,4797194.251924205,0.017115341704331932,-0.013576139253021369,479.71942519242043,227.52663870800936,
44390,2310.5095,2329.6953,2305.8762,2329.6953,2310.5095,2329.6953,2305.8762,2329.6953,23.819099999999708,25.723559938463243,2312.7831,2191.4813,1,,2171.5771980264767,2000,171790.6519242053,4659390.6,0.0,33987.0,4831181.251924205,0.007084766264440434,-0.006587556761962099,483.1181251924205,229.19848154346897,
44391,2326.2466,2333.0018,2311.5353,2311.5353,2326.2466,2333.0018,2311.5353,2311.5353,21.466499999999996,25.318125658609603,2329.6953,2191.4813,1,,2171.5771980264767,2000,171790.6519242053,4623070.6,0.0,-36320.0,4794861.251924205,-0.00751783013430396,-0.014055862763529547,479.48612519242045,227.41187690687576,
44392,2300.3334,2300.8473,2262.746,2291.9068,2300.3334,2300.8473,2262.746,2291.9068,48.78929999999991,27.553475595884873,2333.0018,2191.4813,1,,2171.5771980264767,2000,171790.6519242053,4583813.600000001,0.0,-39256.99999999907,4755604.251924206,-0.008187306772275194,-0.022128089875410817,475.5604251924206,225.48079931274748,
44393,2289.7365,2310.7305,2289.7365,2293.6945,2289.7365,2310.7305,2289.7365,2293.6945,20.994000000000142,26.92876363437204,2333.0018,2191.4813,1,,2171.5771980264767,2000,171790.6519242053,4587389.0,0.0,3575.399999999441,4759179.651924205,0.0007518287499539422,-0.021392897659606835,475.91796519242047,225.65667558526056,
44396,2291.0731,2295.3383,2279.7385,2292.703,2291.0731,2295.3383,2279.7385,2292.703,15.59979999999996,25.849814716812794,2333.0018,2206.2928,1,,2171.5771980264767,2000,171790.6519242053,4585406.0,0.0,-1983.0,4757196.651924205,-0.00041666844814280957,-0.02180065236228046,475.7196651924205,225.55913051382984,
44397,2274.6828,2304.1629,2274.6828,2304.1629,2274.6828,2304.1629,2274.6828,2304.1629,29.480099999999766,26.19555617235441,2333.0018,2216.7219,1,,2171.5771980264767,2000,171790.6519242053,4608325.8,0.0,22919.799999999814,4780116.451924205,0.004817921493896815,-0.017087764699980856,478.01164519242053,226.68657051795398,
44398,2312.007,2342.5947,2312.007,2341.2213,2312.007,2342.5947,2312.007,2341.2213,38.431800000000294,27.360912727368305,2333.0018,2226.8247,1,,2171.5771980264767,2000,171790.6519242053,4682442.600000001,0.0,74116.80000000075,4854233.251924206,0.015505228951099292,-0.0018474854528173212,485.4233251924206,230.3324245523552,
44399,2343.6535,2366.7997,2334.3521,2366.7997,2343.6535,2366.7997,2334.3521,2366.7997,32.447599999999966,27.84535913428561,2342.5947,2241.1685,1,,2171.5771980264767,2000,171790.6519242053,4733599.4,0.0,51156.799999999814,4905390.051924205,0.010538595354832037,0.0,490.5390051924205,232.84886111824923,
44400,2361.7266,2361.8507,2331.9822,2339.125,2361.7266,2361.8507,2331.9822,2339.125,34.81750000000011,28.509372550067944,2366.7997,2241.1685,1,,2171.5771980264767,2000,171790.6519242053,4678250.0,0.0,-55349.40000000037,4850040.651924205,-0.011283384076316016,-0.011283384076316016,485.0040651924205,230.12618780677752,
44403,2334.1685,2336.4261,2280.3644,2314.7603,2334.1685,2336.4261,2280.3644,2314.7603,58.76060000000007,31.39044183101386,2366.7997,2262.746,1,,2171.5771980264767,2000,171790.6519242053,4629520.6,0.0,-48729.40000000037,4801311.251924205,-0.010047214754925315,-0.021217232248264217,480.1311251924204,227.7291566399712,
44404,2314.6188,2327.6119,2262.2436,2262.2436,2314.6188,2327.6119,2262.2436,2262.2436,65.36830000000009,34.62642832329826,2366.7997,2262.746,0,2262.746,,0,4694114.807524205,0.0,3167.8444,-107196.44439999945,4694114.807524205,-0.022326493488010968,-0.043070019338650734,469.4114807524206,222.5624947611951,SELL
44405,2238.7766,2238.7766,2169.7522,2195.9726,2238.7766,2238.7766,2169.7522,2195.9726,92.49139999999989,40.137378006793654,2366.7997,2262.2436,0,,,0,4694114.807524205,0.0,0.0,0.0,4694114.807524205,0.0,-0.043070019338650734,469.4114807524206,216.04266679469353,
44406,2223.614,2280.5277,2223.614,2276.2036,2223.614,2280.5277,2223.614,2276.2036,84.55510000000004,44.36763724424188,2366.7997,2169.7522,0,,,0,4694114.807524205,0.0,0.0,0.0,4694114.807524205,0.0,-0.043070019338650734,469.4114807524206,223.93589788491983,
44407,2275.7822,2310.8277,2275.7822,2310.8277,2275.7822,2310.8277,2275.7822,2310.8277,35.04549999999972,43.479814649552154,2366.7997,2169.7522,0,,,0,4694114.807524205,0.0,0.0,0.0,4694114.807524205,0.0,-0.043070019338650734,469.4114807524206,227.34226229008868,
44410,2312.9961,2357.8341,2312.9961,2357.8341,2312.9961,2357.8341,2312.9961,2357.8341,47.00640000000021,43.815679921023396,2366.7997,2169.7522,0,,,0,4694114.807524205,0.0,0.0,0.0,4694114.807524205,0.0,-0.043070019338650734,469.4114807524206,231.96681362211265,
44411,2352.5133,2366.3422,2327.1778,2332.9273,2352.5133,2366.3422,2327.1778,2332.9273,39.164400000000114,43.37270088092594,2366.7997,2169.7522,0,,,0,4694114.807524205,0.0,0.0,0.0,4694114.807524205,0.0,-0.043070019338650734,469.4114807524206,229.51644994575253,
44412,2329.7989,2370.4949,2329.7989,2370.2427,2329.7989,2370.4949,2329.7989,2370.2427,40.69600000000037,43.117776987504456,2366.7997,2169.7522,1,2366.7997,2323.426999119074,1900,196295.9936382055,4503461.13,899.383886,5642.316114000045,4699757.123638205,0.001201997894247464,-0.041919791516953464,469.97571236382055,233.18758797748873,BUY
44413,2362.6395,2362.6395,2337.6849,2348.5032,2362.6395,2362.6395,2337.6849,2348.5032,32.55779999999959,42.11206489345638,2370.4949,2169.7522,1,,2323.426999119074,1900,196295.9936382055,4462156.08,0.0,-41305.049999999814,4658452.073638205,-0.008788762677170991,-0.05034013109500546,465.8452073638205,231.04882743248777,
44414,2349.2941,2359.7253,2336.9297,2359.6943,2349.2941,2359.7253,2336.9297,2359.6943,22.795599999999922,40.27240157027005,2370.4949,2169.7522,1,,2323.426999119074,1900,196295.9936382055,4483419.17,0.0,21263.08999999985,4679715.163638205,0.0045644110240665725,-0.04600549312026192,467.9715163638205,232.14982253978835,
44417,2355.6091,2377.9588,2347.4538,2377.9588,2355.6091,2377.9588,2347.4538,2377.9588,30.50500000000011,39.342172849291956,2370.4949,2169.7522,1,,2323.426999119074,1900,196295.9936382055,4518121.72,0.0,34702.549999999814,4714417.713638205,0.007415526113563775,-0.03893112194229875,471.4417713638205,233.946708023547,
44418,2374.0502,2406.2917,2374.0502,2398.3877,2374.0502,2406.2917,2374.0502,2398.3877,32.24150000000009,38.66591829221654,2377.9588,2169.7522,1,,2323.426999119074,1900,196295.9936382055,4556936.630000001,0.0,38814.91000000108,4753232.623638206,0.008233235228120472,-0.031018415798823917,475.3232623638207,235.9565300202705,
44419,2396.8996,2424.051,2391.9588,2424.051,2396.8996,2424.051,2391.9588,2424.051,32.09220000000005,38.039849883434016,2406.2917,2169.7522,1,,2323.426999119074,1900,196295.9936382055,4605696.899999999,0.0,48760.26999999862,4801992.893638205,0.010258338663567512,-0.02107827454932798,480.19928936382047,238.48131915960323,
44420,2422.4071,2438.9939,2418.9796,2434.0965,2422.4071,2438.9939,2418.9796,2434.0965,20.01429999999982,36.32313084691647,2424.051,2223.614,1,,2323.426999119074,1900,196295.9936382055,4624783.350000001,0.0,19086.450000001118,4821079.343638206,0.003974693512205585,-0.017187360718222133,482.1079343638206,239.4696086352033,
44421,2427.107,2439.2127,2423.7161,2437.3391,2427.107,2439.2127,2423.7161,2437.3391,15.496599999999944,34.339651718638706,2438.9939,2275.7822,1,,2323.426999119074,1900,196295.9936382055,4630944.29,0.0,6160.9399999994785,4827240.283638205,0.001277917155238173,-0.01593140758609901,482.72402836382054,239.78861987940027,
44424,2434.4552,2439.2593,2420.1253,2425.6964,2434.4552,2439.2593,2420.1253,2425.6964,19.134000000000015,32.891494412101686,2439.2127,2312.9961,1,,2323.426999119074,1900,196295.9936382055,4608823.159999999,0.0,-22121.13000000082,4805119.153638205,-0.0045825624373785345,-0.020440963353498875,480.5119153638205,238.64319577133503,
44425,2420.7619,2420.7619,2350.1139,2354.7298,2420.7619,2420.7619,2350.1139,2354.7298,75.58249999999998,36.957304468092,2439.2593,2327.1778,1,,2323.426999119074,1900,196295.9936382055,4473986.62,0.0,-134836.5399999991,4670282.613638205,-0.02806101902757341,-0.04792838811946787,467.02826136382055,231.66140851344656,
44426,2350.4292,2381.8376,2350.4292,2379.6839,2350.4292,2381.8376,2350.4292,2379.6839,31.4083999999998,36.42883737589274,2439.2593,2329.7989,1,,2323.426999119074,1900,196295.9936382055,4521399.41,0.0,47412.79000000004,4717695.4036382055,0.010152017323650675,-0.03826294062230062,471.76954036382057,234.11642562589208,
44427,2372.8806,2384.7131,2348.1171,2373.5779,2372.8806,2384.7131,2348.1171,2373.5779,36.596000000000004,36.444757625807725,2439.2593,2336.9297,1,,2323.426999119074,1900,196295.9936382055,4509798.010000001,0.0,-11601.399999999441,4706094.003638206,-0.0024591244256788602,-0.04062797171609678,470.60940036382067,233.5157093312314,
44428,2365.4195,2373.0966,2342.0751,2370.5688,2365.4195,2373.0966,2342.0751,2370.5688,31.502800000000207,35.97409499477844,2439.2593,2336.9297,1,,2323.426999119074,1900,196295.9936382055,4504080.72,0.0,-5717.290000000969,4700376.713638205,-0.0012148694853059139,-0.04179348351831491,470.0376713638205,233.21967012352363,
44431,2376.5425,2442.5331,2376.5425,2442.4068,2376.5425,2442.5331,2376.5425,2442.4068,71.9643000000001,39.40173356670431,2439.2593,2342.0751,1,,2323.426999119074,1900,196295.9936382055,4640572.92,0.0,136492.2000000002,4836868.913638205,0.02903856612257605,-0.01396854023037819,483.6868913638205,240.2871868572011,
44432,2444.7116,2456.6348,2438.3617,2452.1006,2444.7116,2456.6348,2438.3617,2452.1006,18.273099999999886,37.389482750827696,2442.5331,2342.0751,1,,2323.426999119074,1900,196295.9936382055,4658991.140000001,0.0,18418.22000000067,4855287.133638206,0.0038078807445180995,-0.010213850021232429,485.5287133638206,241.24087562516405,
44433,2448.3554,2474.3072,2448.3554,2474.3072,2448.3554,2474.3072,2448.3554,2474.3072,25.951800000000276,36.300179631701276,2456.6348,2342.0751,1,,2323.426999119074,1900,196295.9936382055,4701183.680000001,0.0,42192.54000000004,4897479.673638206,0.008690019526895298,-0.001612589050466351,489.74796736382064,243.42559008127478,
44434,2470.7973,2478.7672,2460.5303,2460.5303,2470.7973,2478.7672,2460.5303,2460.5303,18.236899999999878,34.57986728582495,2474.3072,2342.0751,1,,2323.426999119074,1900,196295.9936382055,4675007.569999999,0.0,-26176.110000001267,4871303.563638205,-0.005344812381948283,-0.0069487824464906645,487.13035636382045,242.07020057588485,
44435,2451.0177,2458.3811,2435.7832,2457.444,2451.0177,2458.3811,2435.7832,2457.444,24.747100000000046,33.64341325860353,2478.7672,2342.0751,1,,2323.426999119074,1900,196295.9936382055,4669143.6,0.0,-5863.969999999739,4865439.593638205,-0.0012037783979982342,-0.008144196050287489,486.5439593638205,241.7665663308453,
44438,2455.067,2477.8828,2455.067,2466.309,2455.067,2477.8828,2455.067,2466.309,22.815799999999854,32.61221199587937,2478.7672,2342.0751,1,,2323.426999119074,1900,196295.9936382055,4685987.100000001,0.0,16843.50000000093,4882283.093638206,0.0034618660196756856,-0.004710524146175787,488.2283093638206,242.63871666693558,
44439,2462.2407,2464.0271,2441.1387,2458.8636,2462.2407,2464.0271,2441.1387,2458.8636,25.170300000000225,31.903458472462308,2478.7672,2342.0751,1,,2323.426999119074,1900,196295.9936382055,4671840.84,0.0,-14146.260000000708,4868136.833638205,-0.002897468198522546,-0.007594343750786381,486.81368336382053,241.9062284421949,
44440,2461.8505,2464.8177,2395.5302,2416.9532,2461.8505,2464.8177,2395.5302,2416.9532,69.28749999999991,35.46384337984684,2478.7672,2342.0751,1,,2323.426999119074,1900,196295.9936382055,4592211.08,0.0,-79629.75999999978,4788507.073638205,-0.016357338078455075,-0.02382745858102575,478.85070736382056,237.783028279118,
44441,2408.2076,2460.4346,2408.2076,2460.3972,2408.2076,2460.4346,2408.2076,2460.3972,52.22699999999986,37.060334486528085,2478.7672,2342.0751,1,,2323.426999119074,1900,196295.9936382055,4674754.68,0.0,82543.59999999963,4871050.673638205,0.017237856962647236,-0.007000335941181768,487.1050673638205,242.05710602317941,
44442,2460.3475,2499.1432,2443.8761,2459.9079,2460.3475,2499.1432,2443.8761,2459.9079,55.26710000000003,38.794312154477794,2478.7672,2342.0751,1,,2323.426999119074,1900,196295.9936382055,4673825.010000001,0.0,-929.6699999989942,4870121.003638206,-0.00019085615451108762,-0.007189856038494757,487.01210036382065,242.00896804693025,
44445,2461.4254,2478.9658,2432.7837,2478.9124,2461.4254,2478.9658,2432.7837,2478.9124,46.18209999999999,39.49791099690848,2499.1432,2376.5425,1,,2323.426999119074,1900,196295.9936382055,4709933.5600000005,0.0,36108.549999999814,4906229.553638206,0.0074143024317105954,0.0,490.6229553638206,243.8786557020038,
44446,2478.9306,2514.437,2478.9306,2514.437,2478.9306,2514.437,2478.9306,2514.437,35.52459999999974,39.11950042577432,2499.1432,2395.5302,1,,2323.426999119074,1900,196295.9936382055,4777430.3,0.0,67496.73999999929,4973726.293638205,0.013757354657396137,0.0,497.3726293638205,247.3736124791579,
44447,2518.7928,2539.6832,2518.7928,2539.6832,2518.7928,2539.6832,2518.7928,2539.6832,25.246200000000044,37.79823371855772,2514.437,2395.5302,1,,2323.426999119074,1900,196295.9936382055,4825398.08,0.0,47967.78000000026,5021694.073638205,0.009644233954199555,0.0,502.1694073638206,249.85736677301026,
44448,2535.008,2539.0782,2520.8755,2532.5991,2535.008,2539.0782,2520.8755,2532.5991,18.80769999999984,35.98961145964744,2539.6832,2395.5302,1,,2323.426999119074,1900,196295.9936382055,4811938.29,0.0,-13459.790000000037,5008234.283638205,-0.002680328551007971,-0.002680328551007971,500.82342836382054,249.16042371650752,
44449,2532.1864,2532.1864,2504.6186,2517.8866,2532.1864,2532.1864,2504.6186,2517.8866,27.98050000000012,35.22683893968103,2539.6832,2395.5302,1,,2323.426999119074,1900,196295.9936382055,4783984.54,0.0,-27953.75,4980280.533638205,-0.005581557973700302,-0.008246926115512254,498.0280533638205,247.71298865506054,
44452,2520.1409,2537.6149,2511.0797,2537.6149,2520.1409,2537.6149,2511.0797,2537.6149,26.53520000000026,34.39906380256858,2539.6832,2395.5302,1,,2323.426999119074,1900,196295.9936382055,4821468.3100000005,0.0,37483.770000000484,5017764.303638206,0.007526437466087499,-0.0007825586231207105,501.77643036382057,249.6538847041851,
44453,2535.3135,2556.3986,2519.0674,2522.5745,2535.3135,2556.3986,2519.0674,2522.5745,37.33120000000008,34.678314868990626,2539.6832,2395.5302,1,,2323.426999119074,1900,196295.9936382055,4792891.550000001,0.0,-28576.759999999776,4989187.543638206,-0.005695118038780644,-0.0064732198981704014,498.9187543638206,248.1741904103406,
44454,2518.4575,2559.2149,2514.1882,2559.2149,2518.4575,2559.2149,2514.1882,2559.2149,45.02669999999989,35.66387535765818,2556.3986,2395.5302,1,,2323.426999119074,1900,196295.9936382055,4862508.31,0.0,69616.75999999885,5058804.303638205,0.013953526379012926,0.0,505.88043036382044,251.7789210560801,
44455,2563.4459,2582.1129,2515.9501,2515.9501,2563.4459,2582.1129,2515.9501,2515.9501,66.16280000000006,38.56853484740502,2559.2149,2408.2076,1,,2323.426999119074,1900,196295.9936382055,4780305.19,0.0,-82203.11999999918,4976601.183638206,-0.016249515708856355,-0.016249515708856355,497.6601183638206,247.5224732432344,
44456,2510.9606,2532.0137,2472.0541,2510.2573,2510.9606,2532.0137,2472.0541,2510.2573,59.95960000000014,40.60577914765218,2582.1129,2432.7837,1,,2323.426999119074,1900,196295.9936382055,4769488.87,0.0,-10816.320000000298,4965784.863638205,-0.0021734351620462666,-0.018387633602094722,496.57848636382056,246.962408106935,
44461,2487.5926,2531.0965,2487.5926,2531.0796,2487.5926,2531.0965,2487.5926,2531.0796,43.50390000000016,40.881790657399605,2582.1129,2432.7837,1,,2323.426999119074,1900,196295.9936382055,4809051.24,0.0,39562.37000000011,5005347.233638206,0.007966992345901813,-0.010567135392360205,500.53472336382055,249.0109333120305,
44462,2543.5215,2548.9394,2528.3569,2531.749,2543.5215,2548.9394,2528.3569,2531.749,20.582499999999982,38.94852488050441,2582.1129,2472.0541,1,,2323.426999119074,1900,196295.9936382055,4810323.1,0.0,1271.859999999404,5006619.093638205,0.00025410025331540353,-0.010315720250824723,500.66190936382054,249.0767897626767,
44463,2527.3423,2527.3423,2470.9178,2471.0923,2527.3423,2527.3423,2470.9178,2471.0923,60.831199999999626,41.03258917759919,2582.1129,2472.0541,0,2472.0541,,0,4889910.951685205,0.0,3287.831953,-116708.14195299987,4889910.951685205,-0.023310769157833144,-0.03338602203519414,488.9910951685205,243.10930399943643,SELL
44466,2474.4511,2474.4511,2350.3178,2373.7211,2474.4511,2474.4511,2350.3178,2373.7211,124.13330000000042,48.94694258925645,2582.1129,2470.9178,0,,,0,4889910.951685205,0.0,0.0,0.0,4889910.951685205,0.0,-0.03338602203519414,488.9910951685205,233.52979753519395,
44467,2367.694,2395.2633,2365.6688,2386.5994,2367.694,2395.2633,2365.6688,2386.5994,29.594500000000153,47.10385281885109,2582.1129,2350.3178,0,,,0,4889910.951685205,0.0,0.0,0.0,4889910.951685205,0.0,-0.03338602203519414,488.9910951685205,234.79678159309253,
44468,2367.0576,2372.5284,2302.8966,2302.8966,2367.0576,2372.5284,2302.8966,2302.8966,83.70280000000002,50.58946683610337,2582.1129,2350.3178,0,,,0,4889910.951685205,0.0,0.0,0.0,4889910.951685205,0.0,-0.03338602203519414,488.9910951685205,226.56199026182415,
44469,2316.4124,2372.3478,2316.4124,2370.0659,2316.4124,2372.3478,2316.4124,2370.0659,69.45119999999997,52.385822375522096,2582.1129,2302.8966,0,,,0,4889910.951685205,0.0,0.0,0.0,4889910.951685205,0.0,-0.03338602203519414,488.9910951685205,233.17019416142327,
44477,2397.9559,2401.2344,2379.5849,2394.0635,2397.9559,2401.2344,2379.5849,2394.0635,31.168499999999767,50.36512500642473,2582.1129,2302.8966,0,,,0,4889910.951685205,0.0,0.0,0.0,4889910.951685205,0.0,-0.03338602203519414,488.9910951685205,235.53110954837862,
44480,2398.9798,2398.9798,2360.6387,2378.4949,2398.9798,2398.9798,2360.6387,2378.4949,38.3411000000001,49.21997976771762,2582.1129,2302.8966,0,,,0,4889910.951685205,0.0,0.0,0.0,4889910.951685205,0.0,-0.03338602203519414,488.9910951685205,233.99945024522526,
44481,2372.4812,2374.8032,2306.5133,2329.6206,2372.4812,2374.8032,2306.5133,2329.6206,71.98160000000007,51.387753123173084,2582.1129,2302.8966,0,,,0,4889910.951685205,0.0,0.0,0.0,4889910.951685205,0.0,-0.03338602203519414,488.9910951685205,229.1911324594187,
44482,2330.3689,2332.3935,2300.7271,2331.1183,2330.3689,2332.3935,2300.7271,2331.1183,31.666400000000067,49.509529016204226,2582.1129,2302.8966,0,,,0,4889910.951685205,0.0,0.0,0.0,4889910.951685205,0.0,-0.03338602203519414,488.9910951685205,229.33847815128132,
44483,2324.1057,2361.8765,2315.3725,2355.6689,2324.1057,2361.8765,2315.3725,2355.6689,46.503999999999905,49.223288157518105,2582.1129,2300.7271,0,,,0,4889910.951685205,0.0,0.0,0.0,4889910.951685205,0.0,-0.03338602203519414,488.9910951685205,231.7537984040977,
44484,2351.6284,2351.6284,2330.082,2333.1597,2351.6284,2351.6284,2330.082,2333.1597,25.58690000000024,46.97220357108783,2582.1129,2300.7271,0,,,0,4889910.951685205,0.0,0.0,0.0,4889910.951685205,0.0,-0.03338602203519414,488.9910951685205,229.53931376279795,
44487,2329.972,2365.7255,2329.8321,2365.7255,2329.972,2365.7255,2329.8321,2365.7255,35.89339999999993,45.917079421460414,2582.1129,2300.7271,0,,,0,4889910.951685205,0.0,0.0,0.0,4889910.951685205,0.0,-0.03338602203519414,488.9910951685205,232.7431799122675,
44488,2364.7632,2381.6049,2364.7632,2379.9073,2364.7632,2381.6049,2364.7632,2379.9073,16.841699999999946,43.1479956670356,2582.1129,2300.7271,0,,,0,4889910.951685205,0.0,0.0,0.0,4889910.951685205,0.0,-0.03338602203519414,488.9910951685205,234.13840401112415,
44489,2372.1659,2393.3097,2371.2378,2384.2095,2372.1659,2393.3097,2371.2378,2384.2095,22.071899999999914,41.14074846065125,2582.1129,2300.7271,0,,,0,4889910.951685205,0.0,0.0,0.0,4889910.951685205,0.0,-0.03338602203519414,488.9910951685205,234.5616600941391,
44490,2381.5981,2387.5506,2370.9167,2374.1551,2381.5981,2387.5506,2370.9167,2374.1551,16.633899999999812,38.80676289297016,2582.1129,2300.7271,0,,,0,4889910.951685205,0.0,0.0,0.0,4889910.951685205,0.0,-0.03338602203519414,488.9910951685205,233.572495024857,
44491,2372.3805,2373.4731,2342.5265,2342.5265,2372.3805,2373.4731,2342.5265,2342.5265,31.628600000000006,38.12312833173491,2582.1129,2300.7271,0,,,0,4889910.951685205,0.0,0.0,0.0,4889910.951685205,0.0,-0.03338602203519414,488.9910951685205,230.4608318415447,
44494,2342.5263,2375.3672,2342.5263,2375.3672,2342.5263,2375.3672,2342.5263,2375.3672,32.84090000000015,37.62005896680779,2582.1129,2300.7271,0,,,0,4889910.951685205,0.0,0.0,0.0,4889910.951685205,0.0,-0.03338602203519414,488.9910951685205,233.69174301384464,
44495,2378.5083,2386.3154,2366.0085,2371.4195,2378.5083,2386.3154,2366.0085,2371.4195,20.30690000000004,35.97118668425467,2548.9394,2300.7271,0,,,0,4889910.951685205,0.0,0.0,0.0,4889910.951685205,0.0,-0.03338602203519414,488.9910951685205,233.303363106142,
44496,2364.7076,2364.7076,2330.7651,2340.9134,2364.7076,2364.7076,2330.7651,2340.9134,40.654399999999896,36.41720700003992,2548.9394,2300.7271,0,,,0,4889910.951685205,0.0,0.0,0.0,4889910.951685205,0.0,-0.03338602203519414,488.9910951685205,230.30213294620944,
44497,2332.5491,2334.8566,2283.6871,2284.8625,2332.5491,2334.8566,2283.6871,2284.8625,57.22629999999981,38.39902538098848,2548.9394,2315.3725,0,,,0,4889910.951685205,0.0,0.0,0.0,4889910.951685205,0.0,-0.03338602203519414,488.9910951685205,224.78777183248576,
44498,2287.2765,2326.4749,2273.8979,2325.6355,2287.2765,2326.4749,2273.8979,2325.6355,52.577000000000226,39.749308678037224,2527.3423,2283.6871,0,,,0,4889910.951685205,0.0,0.0,0.0,4889910.951685205,0.0,-0.03338602203519414,488.9910951685205,228.7990730906253,
44501,2326.0664,2374.316,2326.0664,2366.6197,2326.0664,2374.316,2326.0664,2366.6197,48.68049999999994,40.59989832774796,2474.4511,2273.8979,0,,,0,4889910.951685205,0.0,0.0,0.0,4889910.951685205,0.0,-0.03338602203519414,488.9910951685205,232.83115248198345,
44502,2368.9222,2379.1197,2318.2853,2334.1406,2368.9222,2379.1197,2318.2853,2334.1406,60.83440000000019,42.526993725105314,2401.2344,2273.8979,0,,,0,4889910.951685205,0.0,0.0,0.0,4889910.951685205,0.0,-0.03338602203519414,488.9910951685205,229.63581599231526,
44503,2332.8852,2344.3897,2321.4577,2344.3897,2332.8852,2344.3897,2321.4577,2344.3897,22.932000000000244,40.66080384652388,2401.2344,2273.8979,0,,,0,4889910.951685205,0.0,0.0,0.0,4889910.951685205,0.0,-0.03338602203519414,488.9910951685205,230.64413590315817,
44504,2350.3172,2388.3838,2350.3172,2388.3838,2350.3172,2388.3838,2350.3172,2388.3838,43.99409999999989,40.97826062304541,2401.2344,2273.8979,0,,,0,4889910.951685205,0.0,0.0,0.0,4889910.951685205,0.0,-0.03338602203519414,488.9910951685205,234.9723332072741,
44505,2387.8744,2391.3263,2367.6422,2367.6422,2387.8744,2391.3263,2367.6422,2367.6422,23.6841000000004,39.33119770656493,2401.2344,2273.8979,0,,,0,4889910.951685205,0.0,0.0,0.0,4889910.951685205,0.0,-0.03338602203519414,488.9910951685205,232.93174737410433,
44508,2365.6346,2386.5122,2354.1094,2386.5122,2365.6346,2386.5122,2354.1094,2386.5122,32.4028000000003,38.671350305939725,2398.9798,2273.8979,0,,,0,4889910.951685205,0.0,0.0,0.0,4889910.951685205,0.0,-0.03338602203519414,488.9910951685205,234.7882027426349,
44509,2390.8359,2420.9149,2390.8359,2420.9149,2390.8359,2420.9149,2390.8359,2420.9149,34.402700000000095,38.26481218156452,2393.3097,2273.8979,1,2393.3097,2354.6383496940603,2000,102334.22780520566,4841829.800000001,957.3238799999999,54253.076120001264,4944164.027805206,0.011094900634397886,-0.022661535997854476,494.4164027805207,238.17278552519684,BUY
44510,2415.6342,2435.026,2401.868,2435.026,2415.6342,2435.026,2401.868,2435.026,33.1579999999999,37.778449116653604,2420.9149,2273.8979,1,,2354.6383496940603,2000,102334.22780520566,4870052.0,0.0,28222.199999999255,4972386.227805206,0.005708184405145644,-0.017082707819088605,497.2386227805206,239.56105406525356,
44511,2430.4984,2455.7447,2430.4984,2452.2043,2430.4984,2455.7447,2430.4984,2452.2043,25.246300000000247,36.58491110554376,2435.026,2273.8979,1,,2354.6383496940603,2000,102334.22780520566,4904408.6,0.0,34356.59999999963,5006742.827805205,0.006909479357794179,-0.01029126107834577,500.67428278052046,241.25107776727938,
44512,2449.2531,2483.3597,2449.2531,2481.7674,2449.2531,2483.3597,2449.2531,2481.7674,34.10660000000007,36.34888147644436,2455.7447,2273.8979,1,,2354.6383496940603,2000,102334.22780520566,4963534.800000001,0.0,59126.20000000112,5065869.027805206,0.011809314365347712,0.0,506.58690278052063,244.15953434944177,
44515,2487.9222,2496.6949,2479.5747,2496.1326,2487.9222,2496.6949,2479.5747,2496.1326,17.12019999999984,34.51757847868774,2483.3597,2318.2853,1,,2354.6383496940603,2000,102334.22780520566,4992265.2,0.0,28730.39999999944,5094599.427805206,0.005671366520197507,0.0,509.4599427805206,245.57280158102702,
44516,2494.0409,2495.9522,2471.9541,2472.0982,2494.0409,2495.9522,2471.9541,2472.0982,24.178499999999985,33.53290433786033,2496.6949,2318.2853,1,,2354.6383496940603,2000,102334.22780520566,4944196.399999999,0.0,-48068.800000000745,5046530.627805205,-0.009435246221253801,-0.009435246221253801,504.6530627805205,243.20826576176847,
44517,2471.812,2523.3742,2471.812,2523.3742,2471.812,2523.3742,2471.812,2523.3742,51.5622000000003,35.249980115206995,2496.6949,2321.4577,1,,2354.6383496940603,2000,102334.22780520566,5046748.4,0.0,102552.00000000093,5149082.627805206,0.020321287546530176,0.0,514.9082627805205,248.25286594601698,
44518,2524.2971,2529.4661,2512.1454,2512.1454,2524.2971,2529.4661,2512.1454,2512.1454,17.320700000000215,33.542429628044445,2523.3742,2350.3172,1,,2354.6383496940603,2000,102334.22780520566,5024290.8,0.0,-22457.60000000056,5126625.027805205,-0.004361475941117909,-0.004361475941117909,512.6625027805205,247.14816186323185,
44519,2509.0248,2542.0551,2509.0248,2542.0551,2509.0248,2542.0551,2509.0248,2542.0551,33.0302999999999,33.493655377754486,2529.4661,2354.1094,1,,2354.6383496940603,2000,102334.22780520566,5084110.2,0.0,59819.40000000037,5186444.427805206,0.01166837825578404,0.0,518.6444427805206,250.09071740833716,
44522,2545.466,2575.0342,2542.8333,2574.7564,2545.466,2575.0342,2542.8333,2574.7564,32.97910000000002,33.44465010368263,2542.0551,2354.1094,1,,2354.6383496940603,2000,102334.22780520566,5149512.800000001,0.0,65402.60000000056,5251847.027805206,0.012610296111410957,0.0,525.1847027805206,253.30791422566233,
44523,2573.5971,2588.8055,2569.5512,2580.2213,2573.5971,2588.8055,2569.5512,2580.2213,19.254300000000057,32.0931881890462,2575.0342,2390.8359,1,,2354.6383496940603,2000,102334.22780520566,5160442.600000001,0.0,10929.799999999814,5262776.827805206,0.0020811344927096354,0.0,526.2776827805206,253.84555826082305,
44524,2579.3829,2586.746,2570.15,2580.4125,2579.3829,2586.746,2570.15,2580.4125,16.596000000000004,30.617265504375133,2588.8055,2401.868,1,,2354.6383496940603,2000,102334.22780520566,5160825.0,0.0,382.3999999994412,5263159.227805206,7.266126087257518e-05,0.0,526.3159227805206,253.86436876778978,
44525,2582.4603,2596.3855,2579.1757,2583.5705,2582.4603,2596.3855,2579.1757,2583.5705,17.209800000000087,29.340364027767986,2588.8055,2430.4984,1,,2354.6383496940603,2000,102334.22780520566,5167141.0,0.0,6316.0,5269475.227805206,0.0012000396960503146,0.0,526.9475227805206,254.17505695294182,
44526,2578.8261,2592.0478,2575.9968,2587.8891,2578.8261,2592.0478,2575.9968,2587.8891,16.05099999999993,28.074710310837695,2596.3855,2449.2531,1,,2354.6383496940603,2000,102334.22780520566,5175778.2,0.0,8637.200000000186,5278112.427805206,0.001639100598561427,0.0,527.8112427805206,254.5999264894832,
44529,2550.8368,2602.5555,2550.8368,2602.1007,2550.8368,2602.5555,2550.8368,2602.1007,51.7186999999999,30.326518852662666,2596.3855,2471.812,1,,2354.6383496940603,2000,102334.22780520566,5204201.4,0.0,28423.200000000186,5306535.627805206,0.005385106965563269,0.0,530.6535627805206,255.99808235145503,
44530,2614.0388,2639.5336,2612.8207,2624.9807,2614.0388,2639.5336,2612.8207,2624.9807,37.432900000000245,31.003317057171007,2602.5555,2471.812,1,,2354.6383496940603,2000,102334.22780520566,5249961.4,0.0,45760.0,5352295.627805206,0.008623328515920292,0.0,535.2295627805206,258.24904678346235,
44531,2619.765,2650.2083,2619.765,2650.2083,2619.765,2650.2083,2619.765,2650.2083,30.44329999999991,30.94998209934519,2639.5336,2471.812,1,,2354.6383496940603,2000,102334.22780520566,5300416.6,0.0,50455.199999999255,5402750.827805205,0.009426833551174685,0.0,540.2750827805205,260.73097118490057,
44532,2646.0842,2646.0842,2605.6173,2605.6173,2646.0842,2646.0842,2605.6173,2605.6173,44.590999999999894,32.2491266613123,2650.2083,2509.0248,1,,2354.6383496940603,2000,102334.22780520566,5211234.6,0.0,-89182.0,5313568.827805205,-0.016506776426006065,-0.016506776426006065,531.3568827805204,256.3440500753011,
44533,2606.4133,2622.9423,2599.3863,2616.1364,2606.4133,2622.9423,2599.3863,2616.1364,23.55600000000004,31.42120983642542,2650.2083,2509.0248,1,,2354.6383496940603,2000,102334.22780520566,5232272.8,0.0,21038.200000000186,5334607.027805205,0.003959335181640933,-0.01261279710500407,533.4607027805205,257.37893294054265,
44536,2615.737,2615.737,2569.1482,2571.5471,2615.737,2615.737,2569.1482,2571.5471,46.98819999999978,32.9037803281944,2650.2083,2542.8333,1,,2354.6383496940603,2000,102334.22780520566,5143094.199999999,0.0,-89178.60000000056,5245428.427805205,-0.01671699518543368,-0.029118944221958598,524.5428427805205,252.9921790791745,
44537,2581.7918,2581.7918,2513.3788,2533.5955,2581.7918,2581.7918,2513.3788,2533.5955,68.41300000000001,36.28561077312827,2650.2083,2550.8368,0,2550.8368,,0,5200436.656285205,0.0,3571.17152,-44991.77151999995,5200436.656285205,-0.008577330172213515,-0.03744651159531409,520.0436656285204,249.25845085636996,SELL
44538,2539.3267,2575.831,2536.5904,2575.831,2539.3267,2575.831,2536.5904,2575.831,42.23550000000023,36.852266889973215,2650.2083,2513.3788,0,,,0,5200436.656285205,0.0,0.0,0.0,5200436.656285205,0.0,-0.03744651159531409,520.0436656285204,253.41363478416912,
44539,2577.0494,2580.5861,2572.3421,2575.1668,2577.0494,2580.5861,2572.3421,2575.1668,8.244000000000142,34.12767004330912,2650.2083,2513.3788,0,,,0,5200436.656285205,0.0,0.0,0.0,5200436.656285205,0.0,-0.03744651159531409,520.0436656285204,253.34828991634834,
44540,2568.3798,2592.7665,2566.4274,2590.9838,2568.3798,2592.7665,2566.4274,2590.9838,26.339100000000144,33.38590146775588,2650.2083,2513.3788,0,,,0,5200436.656285205,0.0,0.0,0.0,5200436.656285205,0.0,-0.03744651159531409,520.0436656285204,254.9043871375485,
44543,2595.7725,2607.9339,2584.0731,2607.4079,2595.7725,2607.9339,2584.0731,2607.4079,23.860799999999927,32.478748947017216,2650.2083,2513.3788,0,,,0,5200436.656285205,0.0,0.0,0.0,5200436.656285205,0.0,-0.03744651159531409,520.0436656285204,256.52021165362066,
44544,2606.1839,2625.9257,2606.1839,2624.6002,2606.1839,2625.9257,2606.1839,2624.6002,19.741799999999785,31.265706190158415,2650.2083,2513.3788,0,,,0,5200436.656285205,0.0,0.0,0.0,5200436.656285205,0.0,-0.03744651159531409,520.0436656285204,258.2116126940227,
44545,2623.1355,2643.7922,2623.1355,2631.0698,2623.1355,2643.7922,2623.1355,2631.0698,20.6567,30.255324648238563,2650.2083,2513.3788,0,,,0,5200436.656285205,0.0,0.0,0.0,5200436.656285205,0.0,-0.03744651159531409,520.0436656285204,258.84810043394026,
44546,2633.7946,2653.713,2632.8567,2653.713,2633.7946,2653.713,2632.8567,2653.713,22.64319999999998,29.530360396025365,2650.2083,2513.3788,1,2650.2083,2619.9529753517613,1900,164033.80713120537,5042054.7,1007.0791539999999,5651.850846000947,5206088.507131206,0.001086803132035019,-0.036400405449364515,520.6088507131205,261.0757681711268,BUY
44547,2652.8851,2652.8851,2631.3416,2631.3416,2652.8851,2652.8851,2631.3416,2631.3416,22.371399999999994,28.848554644022947,2653.713,2513.3788,1,,2619.9529753517613,1900,164033.80713120537,4999549.04,0.0,-42505.66000000015,5163582.847131206,-0.008164605719202966,-0.04426781621005427,516.3582847131206,258.87484047470167,
44550,2627.0918,2636.7961,2597.4088,2597.4088,2627.0918,2636.7961,2597.4088,2597.4088,39.38729999999987,29.852244677925512,2653.713,2513.3788,0,2619.9529753517613,,0,5138459.922842335,0.0,3484.5374572178425,-25122.924288870767,5138459.922842335,-0.0048654054815502334,-0.048917840815959845,513.8459922842335,255.5364870709247,SELL
44551,2596.9498,2638.4887,2596.9498,2638.4887,2596.9498,2638.4887,2596.9498,2638.4887,41.53890000000001,30.965259470504037,2653.713,2513.3788,0,,,0,5138459.922842335,0.0,0.0,0.0,5138459.922842335,0.0,-0.048917840815959845,513.8459922842335,259.5779815538974,
44552,2644.6141,2654.5647,2638.5491,2650.8181,2644.6141,2654.5647,2638.5491,2650.8181,16.076000000000022,29.547234759027464,2653.713,2536.5904,1,2653.713,2622.7477405294962,1900,95396.81190233477,5036554.39,1008.4109400000001,-6508.720940000378,5131951.201902335,-0.0012666676470641791,-0.05012254581669817,513.1951201902335,260.7909641093166,BUY
44553,2648.7507,2649.8312,2636.2971,2639.0544,2648.7507,2649.8312,2636.2971,2639.0544,14.521000000000186,28.11616478197725,2654.5647,2566.4274,1,,2622.7477405294962,1900,95396.81190233477,5014203.36,0.0,-22351.02999999933,5109600.171902335,-0.004355269393776395,-0.05425951802074103,510.96001719023354,259.63363586242826,
44554,2642.8675,2642.8675,2583.3454,2583.3454,2642.8675,2642.8675,2583.3454,2583.3454,59.52209999999968,31.107206231312723,2654.5647,2566.4274,0,2622.7477405294962,,0,5075129.264413473,0.0,3488.25449490423,-34470.90748886205,5075129.264413473,-0.006746302318998976,-0.060639769227488816,507.5129264413473,254.15291131947833,SELL
44557,2579.678,2609.2094,2571.7058,2599.6659,2579.678,2609.2094,2571.7058,2599.6659,37.503600000000006,31.716386590235324,2654.5647,2583.3454,0,,,0,5075129.264413473,0.0,0.0,0.0,5075129.264413473,0.0,-0.060639769227488816,507.5129264413473,255.75854353156643,
44558,2602.6948,2623.6602,2600.5793,2623.6252,2602.6948,2623.6602,2600.5793,2623.6252,23.99429999999984,30.980949772117658,2654.5647,2571.7058,0,,,0,5075129.264413473,0.0,0.0,0.0,5075129.264413473,0.0,-0.060639769227488816,507.5129264413473,258.1156909142496,
44559,2621.448,2633.6962,2613.8385,2626.2207,2621.448,2633.6962,2613.8385,2626.2207,19.857700000000023,29.921592650963596,2654.5647,2571.7058,0,,,0,5075129.264413473,0.0,0.0,0.0,5075129.264413473,0.0,-0.060639769227488816,507.5129264413473,258.37103961107107,
44560,2627.9865,2660.9684,2627.9865,2653.5784,2627.9865,2660.9684,2627.9865,2653.5784,34.74770000000035,30.38122192230043,2654.5647,2571.7058,1,2654.5647,2624.643107349036,1900,30447.599827473496,5041798.96,1008.734586,-2882.7045860001817,5072246.559827473,-0.0005680061404964576,-0.061173331606705794,507.2246559827473,261.0625260464525,BUY
44561,2660.3487,2676.253,2659.8506,2666.9693,2660.3487,2676.253,2659.8506,2666.9693,22.674600000000282,29.647257929700416,2660.9684,2571.7058,1,,2624.643107349036,1900,30447.599827473496,5067241.67,0.0,25442.709999999963,5097689.269827473,0.0050160633360192275,-0.05646411757650116,509.7689269827473,262.37994036518353,
44565,2675.3655,2700.2387,2675.3655,2697.7209,2675.3655,2700.2387,2675.3655,2697.7209,33.26939999999968,29.99222384115749,2676.253,2571.7058,1,,2624.643107349036,1900,30447.599827473496,5125669.71,0.0,58428.04000000004,5156117.309827473,0.011461671535341944,-0.04564961921035393,515.6117309827473,265.4053231373564,
44566,2697.058,2697.058,2624.797,2648.9806,2697.058,2697.058,2624.797,2648.9806,72.92389999999978,34.08095490390437,2700.2387,2571.7058,1,,2624.643107349036,1900,30447.599827473496,5033063.14,0.0,-92606.5700000003,5063510.739827473,-0.017960524254072685,-0.0627902523714099,506.3510739827473,260.6101884474366,
44567,2633.5138,2683.0628,2633.5138,2677.4415,2633.5138,2683.0628,2633.5138,2677.4415,49.54899999999998,35.554102055913475,2700.2387,2571.7058,1,,2624.643107349036,1900,30447.599827473496,5087138.85,0.0,54075.70999999996,5117586.449827473,0.010679489543620857,-0.05278133067143076,511.7586449827472,263.41020914686476,
44568,2678.3529,2681.7766,2613.9284,2613.9284,2678.3529,2681.7766,2613.9284,2613.9284,67.84820000000036,38.6297304315408,2700.2387,2571.7058,0,2624.643107349036,,0,5013778.728457868,0.0,3490.7753327742184,-103807.72136960458,5013778.728457868,-0.020284507626266768,-0.07199519499316831,501.37787284578684,257.1617070023489,SELL
44571,2606.5115,2637.9058,2589.9616,2636.2099,2606.5115,2637.9058,2589.9616,2636.2099,47.94419999999991,39.51682277139405,2700.2387,2571.7058,0,,,0,5013778.728457868,0.0,0.0,0.0,5013778.728457868,0.0,-0.07199519499316831,501.37787284578684,259.3537902187725,
44572,2638.0454,2656.2556,2620.5471,2625.6355,2638.0454,2656.2556,2620.5471,2625.6355,35.708500000000186,39.154125364594634,2700.2387,2571.7058,0,,,0,5013778.728457868,0.0,0.0,0.0,5013778.728457868,0.0,-0.07199519499316831,501.37787284578684,258.31346686694474,
44573,2630.6615,2670.5664,2630.6615,2670.5664,2630.6615,2670.5664,2630.6615,2670.5664,44.93090000000029,39.70429437749041,2700.2387,2589.9616,0,,,0,5013778.728457868,0.0,0.0,0.0,5013778.728457868,0.0,-0.07199519499316831,501.37787284578684,262.7338277846929,
44574,2673.0556,2673.0556,2645.9454,2645.9454,2673.0556,2673.0556,2645.9454,2645.9454,27.110200000000077,38.504856817729426,2700.2387,2589.9616,0,,,0,5013778.728457868,0.0,0.0,0.0,5013778.728457868,0.0,-0.07199519499316831,501.37787284578684,260.31158148747033,
44575,2638.7234,2669.9721,2638.7234,2646.7729,2638.7234,2669.9721,2638.7234,2646.7729,31.2487000000001,37.813794263659965,2700.2387,2589.9616,0,,,0,5013778.728457868,0.0,0.0,0.0,5013778.728457868,0.0,-0.07199519499316831,501.37787284578684,260.3929920236367,
44578,2654.303,2696.8735,2654.303,2696.8735,2654.303,2696.8735,2654.303,2696.8735,50.10060000000021,38.98396623854951,2700.2387,2589.9616,0,,,0,5013778.728457868,0.0,0.0,0.0,5013778.728457868,0.0,-0.07199519499316831,501.37787284578684,265.32195481306957,
44579,2698.606,2698.606,2642.3816,2644.5093,2698.606,2698.606,2642.3816,2644.5093,56.22440000000006,40.62591231106862,2700.2387,2589.9616,0,,,0,5013778.728457868,0.0,0.0,0.0,5013778.728457868,0.0,-0.07199519499316831,501.37787284578684,260.17029608446313,
44580,2631.5015,2654.0811,2628.6721,2644.3098,2631.5015,2654.0811,2628.6721,2644.3098,25.409000000000106,39.176682567157336,2700.2387,2589.9616,0,,,0,5013778.728457868,0.0,0.0,0.0,5013778.728457868,0.0,-0.07199519499316831,501.37787284578684,260.15066901260184,
44581,2642.5272,2642.5272,2562.8674,2562.8674,2642.5272,2642.5272,2562.8674,2562.8674,81.4423999999999,43.20198898933282,2700.2387,2589.9616,0,,,0,5013778.728457868,0.0,0.0,0.0,5013778.728457868,0.0,-0.07199519499316831,501.37787284578684,252.1382588003068,
44582,2552.9733,2562.2148,2528.6697,2529.0969,2552.9733,2562.2148,2528.6697,2529.0969,34.19770000000017,42.344437657015426,2700.2387,2562.8674,0,,,0,5013778.728457868,0.0,0.0,0.0,5013778.728457868,0.0,-0.07199519499316831,501.37787284578684,248.8158726835628,
44585,2515.0855,2539.0047,2511.5513,2527.2421,2515.0855,2539.0047,2511.5513,2527.2421,27.453399999999874,40.92624359444252,2700.2387,2528.6697,0,,,0,5013778.728457868,0.0,0.0,0.0,5013778.728457868,0.0,-0.07199519499316831,501.37787284578684,248.63339502497504,
44586,2517.6097,2517.6097,2413.9628,2413.9628,2517.6097,2517.6097,2413.9628,2413.9628,113.27930000000015,47.81701087116229,2700.2387,2511.5513,0,,,0,5013778.728457868,0.0,0.0,0.0,5013778.728457868,0.0,-0.07199519499316831,501.37787284578684,237.48882880195566,
44587,2418.2048,2439.4952,2405.714,2430.7537,2418.2048,2439.4952,2405.714,2430.7537,33.7811999999999,46.480266978670635,2700.2387,2413.9628,0,,,0,5013778.728457868,0.0,0.0,0.0,5013778.728457868,0.0,-0.07199519499316831,501.37787284578684,239.14073958348501,
44588,2431.1835,2431.1835,2348.8395,2349.3906,2431.1835,2431.1835,2348.8395,2349.3906,82.34400000000005,49.895860599749625,2700.2387,2405.714,0,,,0,5013778.728457868,0.0,0.0,0.0,5013778.728457868,0.0,-0.07199519499316831,501.37787284578684,231.13613100927813,
44589,2358.9493,2410.2455,2337.0782,2388.8164,2358.9493,2410.2455,2337.0782,2388.8164,73.16730000000007,52.11218816167824,2700.2387,2348.8395,0,,,0,5013778.728457868,0.0,0.0,0.0,5013778.728457868,0.0,-0.07199519499316831,501.37787284578684,235.01489296309953,
44599,2418.2439,2421.7695,2398.8377,2416.3912,2418.2439,2421.7695,2398.8377,2416.3912,32.95309999999972,50.28751309866124,2700.2387,2337.0782,0,,,0,5013778.728457868,0.0,0.0,0.0,5013778.728457868,0.0,-0.07199519499316831,501.37787284578684,237.7277379814437,
44600,2415.6282,2452.9368,2406.8132,2452.9368,2415.6282,2452.9368,2406.8132,2452.9368,46.1235999999999,49.89094994640779,2700.2387,2337.0782,0,,,0,5013778.728457868,0.0,0.0,0.0,5013778.728457868,0.0,-0.07199519499316831,501.37787284578684,241.32314207874992,
44601,2453.0377,2492.5332,2450.9389,2492.5332,2453.0377,2492.5332,2450.9389,2492.5332,41.59429999999975,49.10079280865464,2698.606,2337.0782,0,,,0,5013778.728457868,0.0,0.0,0.0,5013778.728457868,0.0,-0.07199519499316831,501.37787284578684,245.2186878844987,
44602,2492.1757,2492.1757,2465.2661,2477.7613,2492.1757,2492.1757,2465.2661,2477.7613,27.267100000000028,47.02139349354468,2698.606,2337.0782,0,,,0,5013778.728457868,0.0,0.0,0.0,5013778.728457868,0.0,-0.07199519499316831,501.37787284578684,243.76540897308408,
44603,2467.1382,2467.1382,2413.0635,2416.4751,2467.1382,2467.1382,2413.0635,2416.4751,64.69779999999992,48.70486077987375,2698.606,2337.0782,0,,,0,5013778.728457868,0.0,0.0,0.0,5013778.728457868,0.0,-0.07199519499316831,501.37787284578684,237.73599217356983,
44606,2405.641,2438.7896,2405.641,2423.6946,2405.641,2438.7896,2405.641,2423.6946,33.14859999999999,47.223312134171486,2698.606,2337.0782,0,,,0,5013778.728457868,0.0,0.0,0.0,5013778.728457868,0.0,-0.07199519499316831,501.37787284578684,238.4462560597969,
44607,2426.5396,2438.7485,2414.1241,2435.134,2426.5396,2438.7485,2414.1241,2435.134,24.62440000000015,45.071034788059926,2698.606,2337.0782,0,,,0,5013778.728457868,0.0,0.0,0.0,5013778.728457868,0.0,-0.07199519499316831,501.37787284578684,239.57167924701307,
44608,2446.0004,2474.7266,2446.0004,2471.6117,2446.0004,2474.7266,2446.0004,2471.6117,39.59259999999995,44.54927909395897,2698.606,2337.0782,0,,,0,5013778.728457868,0.0,0.0,0.0,5013778.728457868,0.0,-0.07199519499316831,501.37787284578684,243.16040325319452,
44609,2467.4165,2487.2797,2464.5962,2468.6678,2467.4165,2487.2797,2464.5962,2468.6678,22.683500000000095,42.46682394215336,2698.606,2337.0782,0,,,0,5013778.728457868,0.0,0.0,0.0,5013778.728457868,0.0,-0.07199519499316831,501.37787284578684,242.87077850706754,
44610,2454.718,2485.35,2454.718,2485.35,2454.718,2485.35,2454.718,2485.35,30.632000000000062,41.33969785242448,2698.606,2337.0782,0,,,0,5013778.728457868,0.0,0.0,0.0,5013778.728457868,0.0,-0.07199519499316831,501.37787284578684,244.51199523991852,
44613,2488.2595,2529.3493,2488.2595,2529.3493,2488.2595,2529.3493,2488.2595,2529.3493,43.99929999999995,41.59299329505072,2698.606,2398.8377,0,,,0,5013778.728457868,0.0,0.0,0.0,5013778.728457868,0.0,-0.07199519499316831,501.37787284578684,248.84070412685992,
44614,2515.6977,2515.6977,2487.6964,2504.1785,2515.6977,2515.6977,2487.6964,2504.1785,41.652900000000045,41.59869869552208,2698.606,2405.641,0,,,0,5013778.728457868,0.0,0.0,0.0,5013778.728457868,0.0,-0.07199519499316831,501.37787284578684,246.3643677839767,
44615,2509.3398,2552.4926,2509.3398,2552.4705,2509.3398,2552.4926,2509.3398,2552.4705,48.31410000000005,42.23826072451998,2654.0811,2405.641,0,,,0,5013778.728457868,0.0,0.0,0.0,5013778.728457868,0.0,-0.07199519499316831,501.37787284578684,251.11539813146337,
44616,2541.2458,2566.617,2454.6393,2486.1149,2541.2458,2566.617,2454.6393,2486.1149,111.97770000000037,48.88011208408954,2642.5272,2405.641,0,,,0,5013778.728457868,0.0,0.0,0.0,5013778.728457868,0.0,-0.07199519499316831,501.37787284578684,244.5872471059169,
44617,2500.2951,2530.2951,2500.2951,2513.5699,2500.2951,2530.2951,2500.2951,2513.5699,44.180199999999786,48.43250140941432,2566.617,2405.641,0,,,0,5013778.728457868,0.0,0.0,0.0,5013778.728457868,0.0,-0.07199519499316831,501.37787284578684,247.28830604301305,
44620,2516.5185,2518.068,2480.5757,2517.8487,2516.5185,2518.068,2480.5757,2517.8487,37.49230000000034,47.390577465660606,2566.617,2405.641,0,,,0,5013778.728457868,0.0,0.0,0.0,5013778.728457868,0.0,-0.07199519499316831,501.37787284578684,247.70926000331346,
44621,2522.0702,2540.2929,2521.6861,2540.2929,2522.0702,2540.2929,2521.6861,2540.2929,22.44419999999991,45.014731992740536,2566.617,2414.1241,0,,,0,5013778.728457868,0.0,0.0,0.0,5013778.728457868,0.0,-0.07199519499316831,501.37787284578684,249.91734985929503,
44622,2530.7195,2556.4521,2530.1204,2556.0766,2530.7195,2556.4521,2530.1204,2556.0766,26.331700000000183,43.23539561247955,2566.617,2446.0004,0,,,0,5013778.728457868,0.0,0.0,0.0,5013778.728457868,0.0,-0.07199519499316831,501.37787284578684,251.47017098278602,
44623,2564.0601,2564.0601,2542.84,2544.768,2564.0601,2564.0601,2542.84,2544.768,21.220100000000002,41.138700792243405,2566.617,2454.6393,0,,,0,5013778.728457868,0.0,0.0,0.0,5013778.728457868,0.0,-0.07199519499316831,501.37787284578684,250.3576160712564,
44624,2534.0884,2543.2616,2501.4428,2508.6563,2534.0884,2543.2616,2501.4428,2508.6563,43.32520000000022,41.34693881202977,2566.617,2454.6393,0,,,0,5013778.728457868,0.0,0.0,0.0,5013778.728457868,0.0,-0.07199519499316831,501.37787284578684,246.804899625482,
44627,2502.0356,2503.4372,2464.5268,2475.1863,2502.0356,2503.4372,2464.5268,2475.1863,44.12950000000001,41.6119446394555,2566.617,2454.6393,0,,,0,5013778.728457868,0.0,0.0,0.0,5013778.728457868,0.0,-0.07199519499316831,501.37787284578684,243.51207709317063,
44628,2471.6769,2471.6769,2390.5124,2391.8465,2471.6769,2471.6769,2390.5124,2391.8465,84.67389999999978,45.713083245221625,2566.617,2454.6393,0,,,0,5013778.728457868,0.0,0.0,0.0,5013778.728457868,0.0,-0.07199519499316831,501.37787284578684,235.3129981783716,
44629,2393.3402,2401.7679,2264.6678,2366.5016,2393.3402,2401.7679,2264.6678,2366.5016,137.10009999999966,54.416608650438576,2566.617,2390.5124,0,,,0,5013778.728457868,0.0,0.0,0.0,5013778.728457868,0.0,-0.07199519499316831,501.37787284578684,232.81953364896683,
44630,2408.092,2431.7207,2406.7854,2412.3818,2408.092,2431.7207,2406.7854,2412.3818,65.2190999999998,55.44541735039679,2566.617,2264.6678,0,,,0,5013778.728457868,0.0,0.0,0.0,5013778.728457868,0.0,-0.07199519499316831,501.37787284578684,237.33328794675447,
44631,2381.3032,2430.8915,2359.7986,2428.5798,2381.3032,2430.8915,2359.7986,2428.5798,71.0929000000001,56.93565379321615,2566.617,2264.6678,0,,,0,5013778.728457868,0.0,0.0,0.0,5013778.728457868,0.0,-0.07199519499316831,501.37787284578684,238.9268684480505,
44634,2416.1994,2416.1994,2359.5694,2359.5694,2416.1994,2416.1994,2359.5694,2359.5694,69.01040000000012,58.085629622433665,2566.617,2264.6678,0,,,0,5013778.728457868,0.0,0.0,0.0,5013778.728457868,0.0,-0.07199519499316831,501.37787284578684,232.13753471384612,
44635,2342.1734,2351.8515,2245.1455,2245.1455,2342.1734,2351.8515,2245.1455,2245.1455,114.42389999999978,63.45117918220187,2566.617,2264.6678,0,,,0,5013778.728457868,0.0,0.0,0.0,5013778.728457868,0.0,-0.07199519499316831,501.37787284578684,220.88036124043882,
44636,2278.0093,2323.4072,2215.072,2319.5871,2278.0093,2323.4072,2215.072,2319.5871,108.33519999999999,67.72584783151598,2566.617,2245.1455,0,,,0,5013778.728457868,0.0,0.0,0.0,5013778.728457868,0.0,-0.07199519499316831,501.37787284578684,228.2040235595697,
44637,2337.5281,2394.3453,2337.5281,2361.4845,2337.5281,2394.3453,2337.5281,2361.4845,74.75819999999976,68.39559565708586,2566.617,2215.072,0,,,0,5013778.728457868,0.0,0.0,0.0,5013778.728457868,0.0,-0.07199519499316831,501.37787284578684,232.3259447655829,
44638,2350.7233,2393.0345,2350.7233,2388.5092,2350.7233,2393.0345,2350.7233,2388.5092,42.3112000000001,65.91136749926817,2566.617,2215.072,0,,,0,5013778.728457868,0.0,0.0,0.0,5013778.728457868,0.0,-0.07199519499316831,501.37787284578684,234.98467022387257,
44641,2392.1056,2429.0438,2392.1056,2429.0438,2392.1056,2429.0438,2392.1056,2429.0438,40.534599999999955,63.49453249933786,2566.617,2215.072,0,,,0,5013778.728457868,0.0,0.0,0.0,5013778.728457868,0.0,-0.07199519499316831,501.37787284578684,238.9725173770912,
44642,2427.2619,2436.2474,2408.033,2422.9036,2427.2619,2436.2474,2408.033,2422.9036,28.214400000000296,60.13451988035333,2566.617,2215.072,0,,,0,5013778.728457868,0.0,0.0,0.0,5013778.728457868,0.0,-0.07199519499316831,501.37787284578684,238.36843644154007,
44643,2425.3508,2441.1603,2422.6919,2430.6717,2425.3508,2441.1603,2422.6919,2430.6717,18.4684000000002,56.166317986986364,2566.617,2215.072,0,,,0,5013778.728457868,0.0,0.0,0.0,5013778.728457868,0.0,-0.07199519499316831,501.37787284578684,239.1326723158528,
44644,2417.8126,2417.8126,2396.2582,2400.7713,2417.8126,2417.8126,2396.2582,2400.7713,34.41349999999966,54.094621035844774,2566.617,2215.072,0,,,0,5013778.728457868,0.0,0.0,0.0,5013778.728457868,0.0,-0.07199519499316831,501.37787284578684,236.19103171695457,
44645,2401.783,2424.8588,2391.5029,2391.5029,2401.783,2424.8588,2391.5029,2391.5029,33.35590000000002,52.1195047467167,2564.0601,2215.072,0,,,0,5013778.728457868,0.0,0.0,0.0,5013778.728457868,0.0,-0.07199519499316831,501.37787284578684,235.27919435936644,
44648,2380.5893,2397.561,2353.7812,2379.8228,2380.5893,2397.561,2353.7812,2379.8228,43.77980000000025,51.325247151791324,2564.0601,2215.072,0,,,0,5013778.728457868,0.0,0.0,0.0,5013778.728457868,0.0,-0.07199519499316831,501.37787284578684,234.1300907902105,
44649,2383.352,2385.5772,2353.8853,2360.0544,2383.352,2385.5772,2353.8853,2360.0544,31.69190000000026,49.45540456590646,2564.0601,2215.072,0,,,0,5013778.728457868,0.0,0.0,0.0,5013778.728457868,0.0,-0.07199519499316831,501.37787284578684,232.1852496504512,
44650,2365.2026,2396.1313,2356.9117,2396.1313,2365.2026,2396.1313,2356.9117,2396.1313,39.2195999999999,48.480566035820125,2564.0601,2215.072,0,,,0,5013778.728457868,0.0,0.0,0.0,5013778.728457868,0.0,-0.07199519499316831,501.37787284578684,235.73454242654753,
44651,2391.6878,2410.8547,2386.0172,2391.275,2391.6878,2410.8547,2386.0172,2391.275,24.83750000000009,46.228845460980125,2564.0601,2337.5281,0,,,0,5013778.728457868,0.0,0.0,0.0,5013778.728457868,0.0,-0.07199519499316831,501.37787284578684,235.25677325822772,
44652,2377.2883,2383.015,2371.5766,2376.2308,2377.2883,2383.015,2371.5766,2376.2308,19.69840000000022,43.70213636945823,2543.2616,2350.7233,0,,,0,5013778.728457868,0.0,0.0,0.0,5013778.728457868,0.0,-0.07199519499316831,501.37787284578684,233.77670511539534,
44657,2372.3023,2399.4684,2372.3023,2399.4684,2372.3023,2399.4684,2372.3023,2399.4684,27.16610000000037,42.1272757628432,2503.4372,2353.7812,0,,,0,5013778.728457868,0.0,0.0,0.0,5013778.728457868,0.0,-0.07199519499316831,501.37787284578684,236.06285070478407,
44658,2389.1943,2389.1943,2332.8168,2332.8168,2389.1943,2389.1943,2332.8168,2332.8168,66.65160000000014,44.462925690191476,2471.6769,2353.7812,0,,,0,5013778.728457868,0.0,0.0,0.0,5013778.728457868,0.0,-0.07199519499316831,501.37787284578684,229.5055788107116,
44659,2330.7506,2330.7506,2286.5691,2312.1417,2330.7506,2330.7506,2286.5691,2312.1417,46.247699999999895,44.63290419588752,2441.1603,2332.8168,0,,,0,5013778.728457868,0.0,0.0,0.0,5013778.728457868,0.0,-0.07199519499316831,501.37787284578684,227.47153533482899,
44662,2302.9679,2302.9679,2233.2423,2245.4756,2302.9679,2302.9679,2233.2423,2245.4756,78.89940000000024,47.8963799867554,2441.1603,2286.5691,0,,,0,5013778.728457868,0.0,0.0,0.0,5013778.728457868,0.0,-0.07199519499316831,501.37787284578684,220.91283691172404,
44663,2240.9461,2281.5248,2228.2724,2281.5248,2240.9461,2281.5248,2228.2724,2281.5248,53.25240000000031,48.40647713087396,2441.1603,2233.2423,0,,,0,5013778.728457868,0.0,0.0,0.0,5013778.728457868,0.0,-0.07199519499316831,501.37787284578684,224.45940452546168,
44664,2270.752,2270.752,2232.1489,2232.1489,2270.752,2270.752,2232.1489,2232.1489,49.3759,48.498803118409775,2441.1603,2228.2724,0,,,0,5013778.728457868,0.0,0.0,0.0,5013778.728457868,0.0,-0.07199519499316831,501.37787284578684,219.6017386732611,
44665,2239.0489,2262.6904,2239.0489,2252.7767,2239.0489,2262.6904,2239.0489,2252.7767,30.541499999999814,46.7885837737993,2441.1603,2228.2724,0,,,0,5013778.728457868,0.0,0.0,0.0,5013778.728457868,0.0,-0.07199519499316831,501.37787284578684,221.6311287130583,
44666,2241.9855,2241.9855,2195.4806,2201.1033,2241.9855,2241.9855,2195.4806,2201.1033,57.296100000000024,47.78929960486604,2441.1603,2228.2724,0,,,0,5013778.728457868,0.0,0.0,0.0,5013778.728457868,0.0,-0.07199519499316831,501.37787284578684,216.54743179518744,
44669,2188.2495,2222.6375,2174.5588,2220.8878,2188.2495,2222.6375,2174.5588,2220.8878,48.078700000000026,47.816861547259755,2441.1603,2195.4806,0,,,0,5013778.728457868,0.0,0.0,0.0,5013778.728457868,0.0,-0.07199519499316831,501.37787284578684,218.49385687407937,
44670,2218.8202,2243.0021,2218.8202,2239.5246,2218.8202,2243.0021,2218.8202,2239.5246,24.18190000000004,45.56591282847312,2441.1603,2174.5588,0,,,0,5013778.728457868,0.0,0.0,0.0,5013778.728457868,0.0,-0.07199519499316831,501.37787284578684,220.32736972051447,
44671,2237.0963,2247.8666,2208.1666,2214.6848,2237.0963,2247.8666,2208.1666,2214.6848,39.69999999999982,45.00725446385661,2441.1603,2174.5588,0,,,0,5013778.728457868,0.0,0.0,0.0,5013778.728457868,0.0,-0.07199519499316831,501.37787284578684,217.8835975920977,
44672,2204.1184,2205.7655,2113.7011,2119.2815,2204.1184,2205.7655,2113.7011,2119.2815,100.98369999999977,50.338344514917864,2441.1603,2174.5588,0,,,0,5013778.728457868,0.0,0.0,0.0,5013778.728457868,0.0,-0.07199519499316831,501.37787284578684,208.49769571289656,
44673,2104.0607,2114.1734,2076.6693,2088.0494,2104.0607,2114.1734,2076.6693,2088.0494,42.61220000000003,49.60252122778283,2441.1603,2113.7011,0,,,0,5013778.728457868,0.0,0.0,0.0,5013778.728457868,0.0,-0.07199519499316831,501.37787284578684,205.42504072002527,
44676,2054.524,2054.524,1921.2797,1921.2797,2054.524,2054.524,1921.2797,1921.2797,166.76969999999983,60.76130015847016,2424.8588,2076.6693,0,,,0,5013778.728457868,0.0,0.0,0.0,5013778.728457868,0.0,-0.07199519499316831,501.37787284578684,189.01801873416306,
44677,1916.5943,1918.6098,1839.6363,1845.8949,1916.5943,1918.6098,1839.6363,1845.8949,81.64340000000016,62.75007157194921,2424.8588,1921.2797,0,,,0,5013778.728457868,0.0,0.0,0.0,5013778.728457868,0.0,-0.07199519499316831,501.37787284578684,181.60156316099943,
44678,1815.7254,1907.2921,1795.2201,1907.2921,1815.7254,1907.2921,1795.2201,1907.2921,112.07199999999989,67.44739808890643,2410.8547,1839.6363,0,,,0,5013778.728457868,0.0,0.0,0.0,5013778.728457868,0.0,-0.07199519499316831,501.37787284578684,187.6419002862109,
44679,1889.8097,1898.0187,1851.4484,1868.6976,1889.8097,1898.0187,1851.4484,1868.6976,55.8436999999999,66.34228398520104,2410.8547,1795.2201,0,,,0,5013778.728457868,0.0,0.0,0.0,5013778.728457868,0.0,-0.07199519499316831,501.37787284578684,183.84492271754368,
44680,1879.9149,1960.75,1879.9149,1953.1131,1879.9149,1960.75,1879.9149,1953.1131,92.05240000000003,68.79086646280093,2410.8547,1795.2201,0,,,0,5013778.728457868,0.0,0.0,0.0,5013778.728457868,0.0,-0.07199519499316831,501.37787284578684,192.14983041029336,
44686,1953.4971,2006.9397,1953.4971,1993.7153,1953.4971,2006.9397,1953.4971,1993.7153,53.82659999999987,67.36569822824845,2410.8547,1795.2201,0,,,0,5013778.728457868,0.0,0.0,0.0,5013778.728457868,0.0,-0.07199519499316831,501.37787284578684,196.14432814024298,
44687,1949.4562,1990.9553,1949.4562,1976.3664,1949.4562,1990.9553,1949.4562,1976.3664,44.25909999999999,65.16506982555812,2399.4684,1795.2201,0,,,0,5013778.728457868,0.0,0.0,0.0,5013778.728457868,0.0,-0.07199519499316831,501.37787284578684,194.43752058628968,
44690,1978.1825,2019.4243,1978.1825,2014.3806,1978.1825,2019.4243,1978.1825,2014.3806,43.05789999999979,63.059625080266855,2399.4684,1795.2201,0,,,0,5013778.728457868,0.0,0.0,0.0,5013778.728457868,0.0,-0.07199519499316831,501.37787284578684,198.1774074792622,
44691,1991.3411,2052.5901,1991.3411,2052.5901,1991.3411,2052.5901,1991.3411,2052.5901,61.248999999999796,62.887184596431894,2389.1943,1795.2201,0,,,0,5013778.728457868,0.0,0.0,0.0,5013778.728457868,0.0,-0.07199519499316831,501.37787284578684,201.9365082425831,
44692,2058.4865,2110.0737,2058.4865,2058.9727,2058.4865,2110.0737,2058.4865,2058.9727,57.483600000000024,62.37255749200981,2330.7506,1795.2201,0,,,0,5013778.728457868,0.0,0.0,0.0,5013778.728457868,0.0,-0.07199519499316831,501.37787284578684,202.56443680830557,
44693,2047.7425,2079.3605,2047.6375,2076.454,2047.7425,2079.3605,2047.6375,2076.454,31.72299999999973,59.45355201658028,2302.9679,1795.2201,0,,,0,5013778.728457868,0.0,0.0,0.0,5013778.728457868,0.0,-0.07199519499316831,501.37787284578684,204.28427004804553,
44694,2083.7957,2088.2999,2063.0767,2088.2999,2083.7957,2088.2999,2063.0767,2088.2999,25.223199999999906,56.193518491191675,2281.5248,1795.2201,0,,,0,5013778.728457868,0.0,0.0,0.0,5013778.728457868,0.0,-0.07199519499316831,501.37787284578684,205.44968523882852,
44697,2100.2366,2107.4209,2085.6144,2093.7014,2100.2366,2107.4209,2085.6144,2093.7014,21.806500000000142,52.91856434917344,2270.752,1795.2201,0,,,0,5013778.728457868,0.0,0.0,0.0,5013778.728457868,0.0,-0.07199519499316831,501.37787284578684,205.98109189877113,
44698,2092.4351,2092.4351,2057.0343,2089.8032,2092.4351,2092.4351,2057.0343,2089.8032,36.66710000000012,51.370805839728355,2262.6904,1851.4484,0,,,0,5013778.728457868,0.0,0.0,0.0,5013778.728457868,0.0,-0.07199519499316831,501.37787284578684,205.5975818660416,
44699,2089.5675,2123.0363,2089.5675,2109.4197,2089.5675,2123.0363,2089.5675,2109.4197,33.4688000000001,49.66585290261138,2247.8666,1879.9149,0,,,0,5013778.728457868,0.0,0.0,0.0,5013778.728457868,0.0,-0.07199519499316831,501.37787284578684,207.52747888441885,
44700,2079.402,2126.5293,2079.402,2126.5293,2079.402,2126.5293,2079.402,2126.5293,47.127300000000105,49.42408595950554,2247.8666,1949.4562,0,,,0,5013778.728457868,0.0,0.0,0.0,5013778.728457868,0.0,-0.07199519499316831,501.37787284578684,209.21074379026993,
44701,2132.7608,2148.9998,2129.5257,2148.9998,2132.7608,2148.9998,2129.5257,2148.9998,22.4704999999999,46.85707777288595,2247.8666,1949.4562,0,,,0,5013778.728457868,0.0,0.0,0.0,5013778.728457868,0.0,-0.07199519499316831,501.37787284578684,211.42142107477255,
44704,2153.5771,2186.2577,2153.5771,2186.2577,2153.5771,2186.2577,2153.5771,2186.2577,37.25790000000006,45.94287036594444,2247.8666,1978.1825,0,,,0,5013778.728457868,0.0,0.0,0.0,5013778.728457868,0.0,-0.07199519499316831,501.37787284578684,215.08690218103501,
44705,2188.9234,2188.9234,2088.7274,2088.7274,2188.9234,2188.9234,2088.7274,2088.7274,100.19599999999991,51.109835092997336,2205.7655,1991.3411,0,,,0,5013778.728457868,0.0,0.0,0.0,5013778.728457868,0.0,-0.07199519499316831,501.37787284578684,205.49174324995977,
44706,2085.6804,2133.131,2085.6804,2133.131,2085.6804,2133.131,2085.6804,2133.131,47.45059999999967,50.76133651271184,2188.9234,2047.6375,0,,,0,5013778.728457868,0.0,0.0,0.0,5013778.728457868,0.0,-0.07199519499316831,501.37787284578684,209.86022770158033,
44707,2137.3451,2146.4136,2102.2708,2140.4928,2137.3451,2146.4136,2102.2708,2140.4928,44.14280000000008,50.130999701977395,2188.9234,2047.6375,0,,,0,5013778.728457868,0.0,0.0,0.0,5013778.728457868,0.0,-0.07199519499316831,501.37787284578684,210.5844912485887,
44708,2145.1368,2156.4498,2125.798,2144.4216,2145.1368,2156.4498,2125.798,2144.4216,30.651800000000094,48.27583782559861,2188.9234,2057.0343,0,,,0,5013778.728457868,0.0,0.0,0.0,5013778.728457868,0.0,-0.07199519499316831,501.37787284578684,210.9710117494834,
44711,2151.3412,2161.7598,2132.5411,2161.7598,2151.3412,2161.7598,2132.5411,2161.7598,29.2186999999999,46.460872318398735,2188.9234,2057.0343,0,,,0,5013778.728457868,0.0,0.0,0.0,5013778.728457868,0.0,-0.07199519499316831,501.37787284578684,212.67676662339196,
44712,2163.5781,2183.1878,2145.9279,2182.7675,2163.5781,2183.1878,2145.9279,2182.7675,37.259900000000016,45.584589240456,2188.9234,2057.0343,0,,,0,5013778.728457868,0.0,0.0,0.0,5013778.728457868,0.0,-0.07199519499316831,501.37787284578684,214.74353172384127,
44713,2177.5112,2204.3604,2177.5112,2197.6458,2177.5112,2204.3604,2177.5112,2197.6458,26.84920000000011,43.80026645565068,2188.9234,2079.402,1,2188.9234,2143.3388107595442,2100,416120.2406298675,4615056.18,919.3478280000002,17397.692171999253,5031176.420629867,0.003469976062814961,-0.06877504053361738,503.1176420629867,216.2072784069153,BUY
44714,2191.0066,2220.2343,2182.9673,2219.2126,2191.0066,2220.2343,2182.9673,2219.2126,37.26700000000028,43.178050602731595,2204.3604,2079.402,1,,2143.3388107595442,2100,416120.2406298675,4660346.46,0.0,45290.28000000026,5076466.700629868,0.00900192643102149,-0.060392221957770054,507.6466700629868,218.3290484992324,
44718,2221.0744,2259.1285,2221.0744,2257.7617,2221.0744,2259.1285,2221.0744,2257.7617,39.915899999999965,42.86736959294763,2220.2343,2085.6804,1,,2143.3388107595442,2100,416120.2406298675,4741299.57,0.0,80953.11000000034,5157419.810629868,0.015946743034866318,-0.0454085381677688,515.7419810629868,222.12155955630814,
44719,2258.6293,2258.6293,2226.182,2244.1359,2258.6293,2258.6293,2226.182,2244.1359,32.44730000000027,41.87498201266693,2259.1285,2085.6804,1,,2143.3388107595442,2100,416120.2406298675,4712685.390000001,0.0,-28614.179999999702,5128805.630629868,-0.005548158003547354,-0.05070476242685129,512.8805630629868,220.78103546725023,
44720,2241.975,2252.6579,2195.0274,2239.5353,2241.975,2252.6579,2195.0274,2239.5353,57.63050000000021,43.3755075352701,2259.1285,2085.6804,1,,2143.3388107595442,2100,416120.2406298675,4703024.13,0.0,-9661.260000000708,5119144.370629868,-0.0018837251196073268,-0.0524929737117914,511.91443706298674,220.3284224005591,
44721,2235.1076,2235.1076,2189.1724,2197.5481,2235.1076,2235.1076,2189.1724,2197.5481,50.36290000000008,44.040973484292,2259.1285,2085.6804,1,,2143.3388107595442,2100,416120.2406298675,4614851.01,0.0,-88173.12000000011,5030971.250629867,-0.017224190922583982,-0.0688130156330693,503.0971250629867,216.1976665526755,
44722,2185.749,2249.1344,2185.749,2244.7175,2185.749,2249.1344,2185.749,2244.7175,63.38540000000012,45.88329981912135,2259.1285,2102.2708,1,,2143.3388107595442,2100,416120.2406298675,4713906.75,0.0,99055.74000000022,5130026.990629868,0.01968918824324395,-0.05047869980821007,513.0026990629868,220.83825403865126,
44725,2234.2052,2261.5953,2234.2052,2261.501,2234.2052,2261.5953,2234.2052,2261.501,27.390100000000075,44.122042693490755,2259.1285,2125.798,1,,2143.3388107595442,2100,416120.2406298675,4749152.100000001,0.0,35245.35000000056,5165272.340629868,0.0068704024490275906,-0.04395510634196864,516.5272340629868,222.48943679846747,
44726,2243.6475,2262.7391,2200.929,2262.7391,2243.6475,2262.7391,2200.929,2262.7391,61.81009999999969,45.80661957982494,2261.5953,2132.5411,1,,2143.3388107595442,2100,416120.2406298675,4751752.109999999,0.0,2600.009999998845,5167872.350629867,0.0005033635844420292,-0.04347386815740939,516.7872350629867,222.61124270158228,
44727,2266.0889,2277.4703,2248.3963,2248.3963,2266.0889,2277.4703,2248.3963,2248.3963,29.07400000000007,44.213036762698756,2262.7391,2145.9279,1,,2143.3388107595442,2100,416120.2406298675,4721632.2299999995,0.0,-30119.87999999989,5137752.470629867,-0.005828294113404131,-0.049048783780944794,513.7752470629868,221.200179211399,
44728,2246.5392,2280.744,2246.5392,2270.8078,2246.5392,2280.744,2246.5392,2270.8078,34.20479999999998,43.259871356727444,2277.4703,2177.5112,1,,2143.3388107595442,2100,416120.2406298675,4768696.38,0.0,47064.15000000037,5184816.620629868,0.009160454939984852,-0.040337638014646404,518.4816620629867,223.40505199845896,
44729,2258.3353,2284.3811,2246.993,2284.3811,2258.3353,2284.3811,2246.993,2284.3811,37.38810000000012,42.700655037039134,2280.744,2182.9673,1,,2143.3388107595442,2100,416120.2406298675,4797200.3100000005,0.0,28503.930000000633,5213320.550629868,0.005497577269480747,-0.03506182002701952,521.3320550629868,224.74041106860602,
44732,2288.9917,2314.0038,2288.9917,2311.6527,2288.9917,2314.0038,2288.9917,2311.6527,29.622699999999895,41.45513550970207,2284.3811,2185.749,1,,2143.3388107595442,2100,416120.2406298675,4854470.67,0.0,57270.359999999404,5270590.910629868,0.010985390106710513,-0.02446159769115719,527.0590910629868,227.4234268729736,
44733,2312.319,2314.1046,2277.8386,2298.122,2312.319,2314.1046,2277.8386,2298.122,36.266000000000076,40.960932127825686,2314.0038,2185.749,1,,2143.3388107595442,2100,416120.2406298675,4826056.199999999,0.0,-28414.47000000067,5242176.440629867,-0.005391135544724923,-0.029720857447088633,524.2176440629867,226.09225884674277,
44734,2297.7908,2302.9446,2276.6198,2276.6198,2297.7908,2302.9446,2276.6198,2276.6198,26.32479999999987,39.567014782318466,2314.1046,2185.749,1,,2143.3388107595442,2100,416120.2406298675,4780901.58,0.0,-45154.61999999918,5197021.820629868,-0.008613716175217778,-0.03807856659177311,519.7021820629867,223.97684418721883,
44735,2276.342,2323.315,2266.018,2323.315,2276.342,2323.315,2266.018,2323.315,57.297000000000025,41.25558480305004,2314.1046,2185.749,1,,2143.3388107595442,2100,416120.2406298675,4878961.5,0.0,98059.91999999993,5295081.740629868,0.018868483409237413,-0.019928567984519918,529.5081740629868,228.5707792547655,
44736,2329.1885,2351.2946,2329.1885,2349.3753,2329.1885,2351.2946,2329.1885,2349.3753,27.97960000000012,39.991205297997666,2323.315,2185.749,1,,2143.3388107595442,2100,416120.2406298675,4933688.13,0.0,54726.62999999989,5349808.370629868,0.010335370194585414,-0.009799166917502489,534.9808370629868,231.13462577519556,
44739,2359.7118,2374.2199,2354.0662,2372.9727,2359.7118,2374.2199,2354.0662,2372.9727,24.8445999999999,38.54867146009312,2351.2946,2200.929,1,,2143.3388107595442,2100,416120.2406298675,4983242.67,0.0,49554.54000000004,5399362.910629868,0.009262862623650614,-0.0006270726308349461,539.9362910629867,233.45616896085323,
44740,2372.7039,2408.6181,2369.3929,2408.6181,2372.7039,2408.6181,2369.3929,2408.6181,39.225200000000314,38.61310274960809,2374.2199,2200.929,1,,2143.3388107595442,2100,416120.2406298675,5058098.010000001,0.0,74855.34000000078,5474218.250629868,0.013863735636778785,0.0,547.4218250629868,236.96301020056802,
44741,2405.6217,2405.6217,2344.8858,2344.8858,2405.6217,2405.6217,2344.8858,2344.8858,63.73230000000012,41.00540724964543,2408.6181,2246.5392,1,,2143.3388107595442,2100,416120.2406298675,4924260.18,0.0,-133837.830000001,5340380.420629867,-0.024448756675823358,-0.024448756675823358,534.0380420629867,230.6929428723329,
44742,2346.732,2377.1264,2346.674,2361.8825,2346.732,2377.1264,2346.674,2361.8825,32.240600000000086,40.17066370206016,2408.6181,2246.5392,1,,2143.3388107595442,2100,416120.2406298675,4959953.25,0.0,35693.0700000003,5376073.490629868,0.006683619365788651,-0.017928543493622717,537.6073490629867,232.36510052799284,
44743,2361.3564,2375.13,2353.6987,2361.2815,2361.3564,2375.13,2353.6987,2361.2815,21.431300000000192,38.38596239710207,2408.6181,2246.993,1,,2143.3388107595442,2100,416120.2406298675,4958691.15,0.0,-1262.0999999996275,5374811.390629868,-0.00023476241576669832,-0.018159096961207655,537.4811390629868,232.3059733591276,
44746,2360.2525,2377.7403,2352.0436,2377.7403,2360.2525,2377.7403,2352.0436,2377.7403,25.696699999999964,37.177461216425684,2408.6181,2266.018,1,,2143.3388107595442,2100,416120.2406298675,4993254.63,0.0,34563.479999999516,5409374.870629868,0.006430640535639132,-0.011845231050577887,540.9374870629867,233.92521170674655,
44747,2377.7383,2380.4263,2331.2885,2357.2678,2377.7383,2380.4263,2331.2885,2357.2678,49.13779999999997,38.31654110057562,2408.6181,2266.018,1,,2143.3388107595442,2100,416120.2406298675,4950262.38,0.0,-42992.25,5366382.620629868,-0.007947729826125682,-0.019698818180585498,536.6382620629868,231.91110028479423,
44748,2350.3426,2355.5174,2321.7933,2341.3437,2350.3426,2355.5174,2321.7933,2341.3437,35.47450000000026,38.045870519568446,2408.6181,2266.018,1,,2143.3388107595442,2100,416120.2406298675,4916821.77,0.0,-33440.610000000335,5332942.010629867,-0.006231499384975914,-0.025807564392184346,533.2942010629866,230.34446642501592,
44749,2340.9924,2367.951,2333.8115,2363.7826,2340.9924,2367.951,2333.8115,2363.7826,34.139500000000226,37.67383523199052,2408.6181,2266.018,1,,2143.3388107595442,2100,416120.2406298675,4963943.46,0.0,47121.69000000041,5380063.700629868,0.008835965196335449,-0.017199633936620495,538.0063700629868,232.55203486004078,
44750,2367.9349,2380.0291,2362.137,2364.9621,2367.9349,2380.0291,2362.137,2364.9621,17.892100000000028,35.78986044799143,2408.6181,2321.7933,1,,2143.3388107595442,2100,416120.2406298675,4966420.41,0.0,2476.9500000001863,5382540.650629868,0.00046039417706333907,-0.016747158370869153,538.2540650629868,232.66807561823805,
44753,2359.6785,2359.6785,2335.6164,2351.5991,2359.6785,2359.6785,2335.6164,2351.5991,29.345700000000306,35.17613088151609,2408.6181,2321.7933,1,,2143.3388107595442,2100,416120.2406298675,4938358.109999999,0.0,-28062.300000000745,5354478.350629867,-0.005213578832278243,-0.02187342457276409,535.4478350629867,231.35340613812812,
44754,2350.9837,2350.9837,2310.0996,2310.0996,2350.9837,2350.9837,2310.0996,2310.0996,41.4994999999999,35.77835651184788,2408.6181,2321.7933,0,2321.7933,,0,5288473.134478867,0.0,3413.036151,-66005.216151,5288473.134478867,-0.012327104869746197,-0.0339308934439414,528.8473134478867,227.27063085639355,SELL
44755,2309.7901,2351.7652,2309.7901,2348.7348,2309.7901,2351.7652,2309.7901,2348.7348,41.97509999999966,36.368522558338526,2408.6181,2310.0996,0,,,0,5288473.134478867,0.0,0.0,0.0,5288473.134478867,0.0,-0.0339308934439414,528.8473134478867,231.07161254448312,
44756,2345.2054,2375.4533,2345.2054,2366.3409,2345.2054,2375.4533,2345.2054,2366.3409,30.2479000000003,35.78560612421108,2408.6181,2309.7901,0,,,0,5288473.134478867,0.0,0.0,0.0,5288473.134478867,0.0,-0.0339308934439414,528.8473134478867,232.80372377203395,
44757,2357.5072,2357.5219,2325.5002,2325.5002,2357.5072,2357.5219,2325.5002,2325.5002,40.8407000000002,36.26704363619099,2408.6181,2309.7901,0,,,0,5288473.134478867,0.0,0.0,0.0,5288473.134478867,0.0,-0.0339308934439414,528.8473134478867,228.7857620990322,
44760,2327.9987,2391.6553,2327.9987,2391.6553,2327.9987,2391.6553,2327.9987,2391.6553,66.15509999999995,39.113525194648986,2408.6181,2309.7901,0,,,0,5288473.134478867,0.0,0.0,0.0,5288473.134478867,0.0,-0.0339308934439414,528.8473134478867,235.29418767140484,
44761,2398.0877,2420.6295,2398.0877,2418.8617,2398.0877,2420.6295,2398.0877,2418.8617,28.97420000000011,38.14787517611099,2408.6181,2309.7901,1,2408.6181,2369.5045748053512,2100,229363.50487686635,5079609.57,1011.6196020000002,20499.94039799925,5308973.074876866,0.003876343866502374,-0.03018607738812551,530.8973074876866,237.9707890141917,BUY
44762,2422.5183,2440.5354,2416.8945,2440.5354,2422.5183,2440.5354,2416.8945,2440.5354,23.64090000000033,36.76625849267188,2420.6295,2309.7901,1,,2369.5045748053512,2100,229363.50487686635,5125124.340000001,0.0,45514.770000000484,5354487.844876867,0.008573177779971353,-0.021871690216082484,535.4487844876867,240.10307606882444,
44763,2436.1912,2450.4624,2430.7609,2430.7609,2436.1912,2450.4624,2430.7609,2430.7609,19.70149999999967,35.14104339813167,2440.5354,2309.7901,1,,2369.5045748053512,2100,229363.50487686635,5104597.890000001,0.0,-20526.450000000186,5333961.394876867,-0.0038335038933069443,-0.02562134889979284,533.3961394876867,239.14144792893563,
44764,2430.7802,2443.4623,2408.1133,2427.6458,2430.7802,2443.4623,2408.1133,2427.6458,35.34900000000016,35.16084878878581,2450.4624,2309.7901,1,,2369.5045748053512,2100,229363.50487686635,5098056.18,0.0,-6541.710000000894,5327419.684876866,-0.001226426199163022,-0.02681635240540725,532.7419684876866,238.83498030209358,
44767,2430.3912,2430.3912,2395.5762,2398.3122,2430.3912,2430.3912,2395.5762,2398.3122,34.815000000000055,35.127910808901454,2450.4624,2309.7901,1,,2369.5045748053512,2100,229363.50487686635,5036455.62,0.0,-61600.55999999959,5265819.124876866,-0.011562926077490654,-0.03806920298236627,526.5819124876866,235.94910223117006,
44768,2397.9488,2428.6542,2378.7667,2428.6542,2397.9488,2428.6542,2378.7667,2428.6542,49.88749999999982,36.53358596995844,2450.4624,2309.7901,1,,2369.5045748053512,2100,229363.50487686635,5100173.82,0.0,63718.200000000186,5329537.324876866,0.012100339660164439,-0.02642951360888013,532.9537324876866,238.93418801770702,
44769,2423.9118,2459.006,2423.9118,2459.006,2423.9118,2459.006,2423.9118,2459.006,35.0942,36.39650159186716,2450.4624,2309.7901,1,,2369.5045748053512,2100,229363.50487686635,5163912.6,0.0,63738.77999999933,5393276.104876866,0.011959533466907812,-0.014786064794491738,539.3276104876866,241.92023794110736,
44770,2469.4042,2486.6805,2469.4042,2479.1091,2469.4042,2486.6805,2469.4042,2479.1091,27.67450000000008,35.5658347735941,2459.006,2325.5002,1,,2369.5045748053512,2100,229363.50487686635,5206129.11,0.0,42216.51000000071,5435492.614876866,0.007827618905293265,-0.007074185569518776,543.5492614876866,243.89800730618978,
44771,2482.9758,2487.282,2472.5517,2473.7382,2482.9758,2487.282,2472.5517,2473.7382,14.73030000000017,33.58149812848991,2486.6805,2325.5002,1,,2369.5045748053512,2100,229363.50487686635,5194850.22,0.0,-11278.890000000596,5424213.724876866,-0.0020750446738039274,-0.009134550992235146,542.4213724876867,243.36961111441232,
44774,2472.3148,2488.0099,2460.0519,2488.0099,2472.3148,2488.0099,2460.0519,2488.0099,27.958000000000084,33.04592687815755,2487.282,2327.9987,1,,2369.5045748053512,2100,229363.50487686635,5224820.79,0.0,29970.570000000298,5454184.294876866,0.005525329848738769,-0.0036596925507486056,545.4184294876866,244.77367969327068,
44775,2462.4363,2462.4363,2363.7711,2380.8888,2462.4363,2462.4363,2363.7711,2380.8888,124.23880000000008,41.73096241357113,2488.0099,2378.7667,0,2378.7667,,0,5221276.787827866,0.0,3496.787049,-232907.5070489999,5221276.787827866,-0.04270253707190841,-0.046205951465836836,522.1276787827867,234.234965269429,SELL
44776,2381.8542,2431.9514,2360.1708,2362.877,2381.8542,2431.9514,2360.1708,2362.877,71.78060000000005,44.592832659897695,2488.0099,2363.7711,0,,,0,5221276.787827866,0.0,0.0,0.0,5221276.787827866,0.0,-0.046205951465836836,522.1276787827867,232.46294074336134,
44777,2375.2474,2399.4342,2358.3125,2399.4342,2375.2474,2399.4342,2358.3125,2399.4342,41.121700000000146,44.26224859705031,2488.0099,2360.1708,0,,,0,5221276.787827866,0.0,0.0,0.0,5221276.787827866,0.0,-0.046205951465836836,522.1276787827867,236.05948606389356,
44778,2405.3016,2416.6796,2387.7319,2416.0086,2405.3016,2416.6796,2387.7319,2416.0086,28.947699999999713,42.803720159235965,2488.0099,2358.3125,0,,,0,5221276.787827866,0.0,0.0,0.0,5221276.787827866,0.0,-0.046205951465836836,522.1276787827867,237.69009729124764,
44781,2411.9883,2467.7989,2411.9883,2467.7989,2411.9883,2467.7989,2411.9883,2467.7989,55.810599999999795,44.04247062026109,2488.0099,2358.3125,0,,,0,5221276.787827866,0.0,0.0,0.0,5221276.787827866,0.0,-0.046205951465836836,522.1276787827867,242.78529498456,
44782,2467.6983,2478.4004,2467.6081,2478.4004,2467.6983,2478.4004,2467.6081,2478.4004,10.792300000000068,40.875787704045756,2488.0099,2358.3125,0,,,0,5221276.787827866,0.0,0.0,0.0,5221276.787827866,0.0,-0.046205951465836836,522.1276787827867,243.82828446995885,
44783,2474.2908,2500.3411,2474.2908,2500.3411,2474.2908,2500.3411,2474.2908,2500.3411,26.05029999999988,39.46383649413662,2488.0099,2358.3125,1,2488.0099,2447.1341122959543,2000,244261.78386786632,5000682.2,995.20396,23667.196040000767,5244943.983867867,0.004532836890619452,-0.04188255861658807,524.4943983867868,245.9868393350525,BUY
44784,2509.1621,2525.0974,2507.7919,2523.7652,2509.1621,2525.0974,2507.7919,2523.7652,24.75630000000001,38.06311873279028,2500.3411,2358.3125,1,,2447.1341122959543,2000,244261.78386786632,5047530.399999999,0.0,46848.199999999255,5291792.183867866,0.00893206870160923,-0.033324587805941386,529.1792183867866,248.29133303923876,
44785,2523.4256,2534.5041,2508.1402,2508.3133,2523.4256,2534.5041,2508.1402,2508.3133,26.363900000000285,36.94890742490552,2525.0974,2358.3125,1,,2447.1341122959543,2000,244261.78386786632,5016626.6,0.0,-30903.799999999814,5260888.383867866,-0.005839949666619715,-0.038969923557113595,526.0888383867866,246.7711548352644,
44788,2505.0648,2531.7916,2502.6181,2531.7916,2505.0648,2531.7916,2502.6181,2531.7916,29.173499999999876,36.208392432057366,2534.5041,2358.3125,1,,2447.1341122959543,2000,244261.78386786632,5063583.2,0.0,46956.60000000056,5307844.983867867,0.00892560278298049,-0.03039215083228708,530.7844983867867,249.08098080659298,
44789,2535.084,2562.8834,2535.084,2562.8834,2535.084,2562.8834,2535.084,2562.8834,31.09180000000015,35.721097914718584,2534.5041,2358.3125,1,,2447.1341122959543,2000,244261.78386786632,5125766.800000001,0.0,62183.60000000056,5370028.5838678675,0.011715413729864954,-0.019032793723562813,537.0028583867868,252.1398329013082,
44790,2568.3643,2568.9163,2555.9077,2564.0779,2568.3643,2568.9163,2555.9077,2564.0779,13.00859999999966,33.55800287522154,2562.8834,2358.3125,1,,2447.1341122959543,2000,244261.78386786632,5128155.800000001,0.0,2389.0,5372417.5838678675,0.0004448765891444939,-0.01859638437877187,537.2417583867867,252.25734937919424,
44791,2560.3262,2582.7182,2558.756,2582.7182,2560.3262,2582.7182,2558.756,2582.7182,23.96219999999994,32.6441168871052,2568.9163,2358.3125,1,,2447.1341122959543,2000,244261.78386786632,5165436.399999999,0.0,37280.599999998696,5409698.183867866,0.006939259545263976,-0.011786169971315763,540.9698183867866,254.0912065602233,
44792,2586.845,2587.5833,2537.5998,2537.5998,2586.845,2587.5833,2537.5998,2537.5998,49.98349999999982,34.295486707380874,2582.7182,2387.7319,1,,2447.1341122959543,2000,244261.78386786632,5075199.6,0.0,-90236.79999999981,5319461.383867866,-0.0166805608987749,-0.028270130944120786,531.9461383867866,249.652399146365,
44795,2532.4149,2548.9201,2526.9155,2548.9201,2532.4149,2548.9201,2526.9155,2548.9201,22.004599999999755,33.124926068582674,2587.5833,2411.9883,1,,2447.1341122959543,2000,244261.78386786632,5097840.199999999,0.0,22640.599999999627,5342101.983867866,0.004256182791111396,-0.02413427099783627,534.2101983867866,250.76610511925188,
44796,2543.7381,2571.5522,2543.7381,2571.5522,2543.7381,2571.5522,2543.7381,2571.5522,27.814100000000053,32.619133109670045,2587.5833,2467.6081,1,,2447.1341122959543,2000,244261.78386786632,5143104.4,0.0,45264.20000000112,5387366.183867867,0.008473106679110609,-0.015865656571512843,538.7366183867866,252.9926808238687,
44797,2573.1539,2573.1539,2483.6004,2484.0431,2573.1539,2573.1539,2483.6004,2484.0431,89.55349999999999,38.041453765891944,2587.5833,2474.2908,1,,2447.1341122959543,2000,244261.78386786632,4968086.2,0.0,-175018.2000000002,5212347.983867867,-0.03248678371336278,-0.04783701613136637,521.2347983867867,244.38342070249766,
44798,2490.8071,2490.8071,2425.8939,2458.951,2490.8071,2490.8071,2425.8939,2458.951,64.91319999999996,40.60066769294985,2587.5833,2483.6004,0,2483.6004,,0,5207985.543307867,0.0,3477.04056,-4362.440560000017,5207985.543307867,-0.0008369434607017334,-0.0486339227142375,520.7985543307867,241.91482696891504,SELL
44799,2459.6117,2482.5255,2437.7789,2442.4528,2459.6117,2482.5255,2437.7789,2442.4528,44.7466000000004,40.99551838885942,2587.5833,2425.8939,0,,,0,5207985.543307867,0.0,0.0,0.0,5207985.543307867,0.0,-0.0486339227142375,520.7985543307867,240.2917123975801,
44802,2407.644,2469.9525,2407.644,2469.9525,2407.644,2469.9525,2407.644,2469.9525,62.308500000000095,43.025326161349014,2587.5833,2425.8939,0,,,0,5207985.543307867,0.0,0.0,0.0,5207985.543307867,0.0,-0.0486339227142375,520.7985543307867,242.99716897934894,
44803,2471.9444,2471.9444,2435.8147,2447.4497,2471.9444,2471.9444,2435.8147,2447.4497,36.12969999999996,42.36859986026815,2587.5833,2407.644,0,,,0,5207985.543307867,0.0,0.0,0.0,5207985.543307867,0.0,-0.0486339227142375,520.7985543307867,240.7833139784498,
44804,2440.9855,2440.9855,2357.8668,2357.8731,2440.9855,2440.9855,2357.8668,2357.8731,89.58290000000034,46.865199873575975,2587.5833,2407.644,0,,,0,5207985.543307867,0.0,0.0,0.0,5207985.543307867,0.0,-0.0486339227142375,520.7985543307867,231.97065049330354,
44805,2359.4284,2379.4731,2346.5254,2349.3881,2359.4284,2379.4731,2346.5254,2349.3881,32.94770000000017,45.53972369514018,2587.5833,2357.8668,0,,,0,5207985.543307867,0.0,0.0,0.0,5207985.543307867,0.0,-0.0486339227142375,520.7985543307867,231.13588505599668,
44806,2353.0081,2393.6238,2350.0812,2392.1259,2353.0081,2393.6238,2350.0812,2392.1259,44.235699999999724,45.415530962269656,2587.5833,2346.5254,0,,,0,5207985.543307867,0.0,0.0,0.0,5207985.543307867,0.0,-0.0486339227142375,520.7985543307867,235.34048591710862,
44809,2393.4628,2412.8928,2389.6331,2403.8487,2393.4628,2412.8928,2389.6331,2403.8487,23.259700000000066,43.30545182300588,2587.5833,2346.5254,0,,,0,5207985.543307867,0.0,0.0,0.0,5207985.543307867,0.0,-0.0486339227142375,520.7985543307867,236.49379036831206,
44810,2411.1291,2445.8021,2401.6707,2445.8021,2411.1291,2445.8021,2401.6707,2445.8021,44.13139999999976,43.38411355414815,2587.5833,2346.5254,0,,,0,5207985.543307867,0.0,0.0,0.0,5207985.543307867,0.0,-0.0486339227142375,520.7985543307867,240.6212209278302,
44811,2441.0317,2469.4046,2441.0317,2463.7576,2441.0317,2469.4046,2441.0317,2463.7576,28.372899999999845,41.954474168038786,2587.5833,2346.5254,0,,,0,5207985.543307867,0.0,0.0,0.0,5207985.543307867,0.0,-0.0486339227142375,520.7985543307867,242.3877065859992,
44812,2463.8517,2465.8447,2433.6175,2433.6812,2463.8517,2465.8447,2433.6175,2433.6812,32.227200000000266,41.02806710441607,2587.5833,2346.5254,0,,,0,5207985.543307867,0.0,0.0,0.0,5207985.543307867,0.0,-0.0486339227142375,520.7985543307867,239.4287508760856,
44813,2434.5314,2434.5314,2401.8775,2418.9801,2434.5314,2434.5314,2401.8775,2418.9801,32.653899999999794,40.23052738018595,2587.5833,2346.5254,0,,,0,5207985.543307867,0.0,0.0,0.0,5207985.543307867,0.0,-0.0486339227142375,520.7985543307867,237.98243736160208,
44817,2423.8758,2437.244,2414.8061,2423.3598,2423.8758,2437.244,2414.8061,2423.3598,22.437900000000354,38.53599143921589,2587.5833,2346.5254,0,,,0,5207985.543307867,0.0,0.0,0.0,5207985.543307867,0.0,-0.0486339227142375,520.7985543307867,238.41331799634258,
44818,2386.9,2403.4457,2381.5472,2398.0843,2386.9,2403.4457,2381.5472,2398.0843,41.8126000000002,38.84804939738583,2587.5833,2346.5254,0,,,0,5207985.543307867,0.0,0.0,0.0,5207985.543307867,0.0,-0.0486339227142375,520.7985543307867,235.92668113003134,
44819,2407.3837,2407.3837,2296.1365,2326.2764,2407.3837,2407.3837,2296.1365,2326.2764,111.2471999999998,45.74320659763478,2587.5833,2346.5254,0,,,0,5207985.543307867,0.0,0.0,0.0,5207985.543307867,0.0,-0.0486339227142375,520.7985543307867,228.8621256738628,
44820,2320.8559,2325.0568,2272.5038,2272.5038,2320.8559,2325.0568,2272.5038,2272.5038,53.77260000000024,46.5079107311934,2587.5833,2296.1365,0,,,0,5207985.543307867,0.0,0.0,0.0,5207985.543307867,0.0,-0.0486339227142375,520.7985543307867,223.57190670460773,
44823,2270.6286,2277.3136,2235.0827,2244.7643,2270.6286,2277.3136,2235.0827,2244.7643,42.23090000000002,46.100576375841655,2587.5833,2272.5038,0,,,0,5207985.543307867,0.0,0.0,0.0,5207985.543307867,0.0,-0.0486339227142375,520.7985543307867,220.84285828408034,
44824,2257.9249,2298.4507,2257.9249,2290.8255,2257.9249,2298.4507,2257.9249,2290.8255,53.68640000000005,46.823035768618645,2573.1539,2235.0827,0,,,0,5207985.543307867,0.0,0.0,0.0,5207985.543307867,0.0,-0.0486339227142375,520.7985543307867,225.37441959944636,
44825,2284.6965,2303.9856,2256.4321,2297.1588,2284.6965,2303.9856,2256.4321,2297.1588,47.553499999999985,46.89260379065497,2573.1539,2235.0827,0,,,0,5207985.543307867,0.0,0.0,0.0,5207985.543307867,0.0,-0.0486339227142375,520.7985543307867,225.9974979664583,
44826,2283.4297,2317.5212,2283.4297,2291.6818,2283.4297,2317.5212,2283.4297,2291.6818,34.091499999999996,45.67345104868783,2573.1539,2235.0827,0,,,0,5207985.543307867,0.0,0.0,0.0,5207985.543307867,0.0,-0.0486339227142375,520.7985543307867,225.45866351741526,
44827,2293.0356,2293.0356,2227.3793,2234.2689,2293.0356,2293.0356,2227.3793,2234.2689,65.6563000000001,47.576579520241374,2490.8071,2235.0827,0,,,0,5207985.543307867,0.0,0.0,0.0,5207985.543307867,0.0,-0.0486339227142375,520.7985543307867,219.81030705594708,
44830,2219.3071,2236.8054,2196.0873,2198.2663,2219.3071,2236.8054,2196.0873,2198.2663,40.71810000000005,46.9233909945041,2482.5255,2227.3793,0,,,0,5207985.543307867,0.0,0.0,0.0,5207985.543307867,0.0,-0.0486339227142375,520.7985543307867,216.268324011376,
44831,2205.6693,2252.3877,2203.6242,2252.3877,2205.6693,2252.3877,2203.6242,2252.3877,54.12140000000045,47.608915661694226,2471.9444,2196.0873,0,,,0,5207985.543307867,0.0,0.0,0.0,5207985.543307867,0.0,-0.0486339227142375,520.7985543307867,221.5928583824617,
44832,2249.7417,2249.7417,2179.4394,2179.4394,2249.7417,2249.7417,2179.4394,2179.4394,72.94830000000002,50.022190360580495,2471.9444,2196.0873,0,,,0,5207985.543307867,0.0,0.0,0.0,5207985.543307867,0.0,-0.0486339227142375,520.7985543307867,214.41610887741808,
44833,2198.0267,2198.0267,2158.0723,2167.9942,2198.0267,2198.0267,2158.0723,2167.9942,39.95440000000008,49.06335318338236,2469.4046,2179.4394,0,,,0,5207985.543307867,0.0,0.0,0.0,5207985.543307867,0.0,-0.0486339227142375,520.7985543307867,213.29011507858894,
44834,2165.2412,2168.3855,2136.3707,2136.3707,2165.2412,2168.3855,2136.3707,2136.3707,32.01479999999992,47.43968145163166,2469.4046,2158.0723,0,,,0,5207985.543307867,0.0,0.0,0.0,5207985.543307867,0.0,-0.0486339227142375,520.7985543307867,210.17895363997084,
44844,2143.0272,2147.693,2090.1505,2098.1741,2143.0272,2147.693,2090.1505,2098.1741,57.54250000000002,48.401854646714355,2469.4046,2136.3707,0,,,0,5207985.543307867,0.0,0.0,0.0,5207985.543307867,0.0,-0.0486339227142375,520.7985543307867,206.42112199558233,
44845,2101.0213,2124.6388,2085.9695,2122.4305,2101.0213,2124.6388,2085.9695,2122.4305,38.66930000000002,47.47494468036061,2469.4046,2090.1505,0,,,0,5207985.543307867,0.0,0.0,0.0,5207985.543307867,0.0,-0.0486339227142375,520.7985543307867,208.80749846623533,
44846,2121.3398,2189.8925,2100.2981,2189.8925,2121.3398,2189.8925,2100.2981,2189.8925,89.59439999999995,51.48632137746912,2469.4046,2085.9695,0,,,0,5207985.543307867,0.0,0.0,0.0,5207985.543307867,0.0,-0.0486339227142375,520.7985543307867,215.44449857602888,
44847,2180.1319,2227.3892,2180.1319,2210.78,2180.1319,2227.3892,2180.1319,2210.78,47.257300000000214,51.08355743675779,2469.4046,2085.9695,0,,,0,5207985.543307867,0.0,0.0,0.0,5207985.543307867,0.0,-0.0486339227142375,520.7985543307867,217.4994382427051,
44848,2222.2829,2264.2223,2222.2829,2259.795,2222.2829,2264.2223,2222.2829,2259.795,53.442299999999705,51.30819958563798,2465.8447,2085.9695,0,,,0,5207985.543307867,0.0,0.0,0.0,5207985.543307867,0.0,-0.0486339227142375,520.7985543307867,222.3215982791928,
44851,2250.4021,2296.5667,2250.4021,2296.5667,2250.4021,2296.5667,2250.4021,2296.5667,46.164600000000064,50.81833295843437,2437.244,2085.9695,0,,,0,5207985.543307867,0.0,0.0,0.0,5207985.543307867,0.0,-0.0486339227142375,520.7985543307867,225.93924639127505,
44852,2303.5473,2322.8669,2294.9474,2308.0286,2303.5473,2322.8669,2294.9474,2308.0286,27.91949999999997,48.63749172429776,2437.244,2085.9695,0,,,0,5207985.543307867,0.0,0.0,0.0,5207985.543307867,0.0,-0.0486339227142375,520.7985543307867,227.06688315802438,
44853,2299.901,2311.4676,2291.0627,2291.0627,2299.901,2311.4676,2291.0627,2291.0627,20.404899999999998,45.94867346484083,2407.3837,2085.9695,0,,,0,5207985.543307867,0.0,0.0,0.0,5207985.543307867,0.0,-0.0486339227142375,520.7985543307867,225.39775564679218,
44854,2280.5256,2305.5412,2257.9457,2277.5081,2280.5256,2305.5412,2257.9457,2277.5081,47.5954999999999,46.105514087236934,2407.3837,2085.9695,0,,,0,5207985.543307867,0.0,0.0,0.0,5207985.543307867,0.0,-0.0486339227142375,520.7985543307867,224.06423630719053,
44855,2278.5256,2296.9261,2268.6183,2283.282,2278.5256,2296.9261,2268.6183,2283.282,28.307800000000043,44.41049369797628,2325.0568,2085.9695,0,,,0,5207985.543307867,0.0,0.0,0.0,5207985.543307867,0.0,-0.0486339227142375,520.7985543307867,224.63228016794085,
44858,2290.6716,2313.9451,2253.1921,2258.0973,2290.6716,2313.9451,2253.1921,2258.0973,60.7529999999997,45.96692286959756,2322.8669,2085.9695,0,,,0,5207985.543307867,0.0,0.0,0.0,5207985.543307867,0.0,-0.0486339227142375,520.7985543307867,222.15457632481258,
44859,2247.3455,2264.5247,2213.6363,2258.9979,2247.3455,2264.5247,2213.6363,2258.9979,50.88839999999982,46.43563497725492,2322.8669,2085.9695,0,,,0,5207985.543307867,0.0,0.0,0.0,5207985.543307867,0.0,-0.0486339227142375,520.7985543307867,222.2431785349291,
44860,2259.9947,2309.1321,2259.9947,2301.667,2259.9947,2309.1321,2259.9947,2301.667,50.134199999999964,46.7878792651354,2322.8669,2100.2981,0,,,0,5207985.543307867,0.0,0.0,0.0,5207985.543307867,0.0,-0.0486339227142375,520.7985543307867,226.44102059986628,
44861,2302.141,2313.7949,2287.3458,2287.3458,2302.141,2313.7949,2287.3458,2287.3458,26.449099999999817,44.85085266845582,2322.8669,2180.1319,0,,,0,5207985.543307867,0.0,0.0,0.0,5207985.543307867,0.0,-0.0486339227142375,520.7985543307867,225.03208214603484,
44862,2274.1255,2274.1255,2193.5482,2198.3915,2274.1255,2274.1255,2193.5482,2198.3915,93.79759999999987,49.5124476524124,2322.8669,2213.6363,0,,,0,5207985.543307867,0.0,0.0,0.0,5207985.543307867,0.0,-0.0486339227142375,520.7985543307867,216.28064135171203,
44865,2186.7424,2241.486,2186.7424,2226.2882,2186.7424,2241.486,2186.7424,2226.2882,54.74359999999979,50.01065263789691,2322.8669,2193.5482,0,,,0,5207985.543307867,0.0,0.0,0.0,5207985.543307867,0.0,-0.0486339227142375,520.7985543307867,219.02515531457817,
44866,2231.6786,2284.9115,2231.6786,2284.9115,2231.6786,2284.9115,2231.6786,2284.9115,58.6233000000002,50.830904767621035,2322.8669,2186.7424,0,,,0,5207985.543307867,0.0,0.0,0.0,5207985.543307867,0.0,-0.0486339227142375,520.7985543307867,224.79259251680256,
44867,2285.6257,2328.3266,2285.6257,2317.5292,2285.6257,2328.3266,2285.6257,2317.5292,43.41509999999971,50.124637646895195,2322.8669,2186.7424,1,2322.8669,2272.035995232379,2000,561322.596547867,4635058.399999999,929.14676,-11604.546760000288,5196380.996547867,-0.0022282217689547634,-0.05075377731789077,519.6380996547867,228.00156465639537,BUY
44868,2301.1462,2333.643,2301.1462,2331.7159,2301.1462,2333.643,2301.1462,2331.7159,32.496799999999894,48.4457959662385,2328.3266,2186.7424,1,,2272.035995232379,2000,561322.596547867,4663431.800000001,0.0,28373.400000001304,5224754.396547868,0.005460223185876911,-0.045570681083695774,522.4754396547868,229.39727082368378,
44869,2333.1775,2373.1572,2333.1775,2372.4716,2333.1775,2373.1572,2333.1775,2372.4716,41.441299999999956,47.77870111231102,2333.643,2186.7424,1,,2272.035995232379,2000,561322.596547867,4744943.199999999,0.0,81511.39999999851,5306265.796547866,0.015601001274596848,-0.030680628062769943,530.6265796547866,233.40687008511557,
44872,2374.159,2395.0001,2374.159,2390.4635,2374.159,2395.0001,2374.159,2390.4635,22.52850000000035,45.37392005399572,2373.1572,2186.7424,1,,2272.035995232379,2000,561322.596547867,4780927.0,0.0,35983.800000000745,5342249.596547867,0.006781379105323282,-0.024107305927529743,534.2249596547867,235.1769368230628,
44873,2390.498,2390.498,2369.3199,2389.034,2390.498,2390.498,2369.3199,2389.034,21.178100000000086,43.069556239329465,2395.0001,2186.7424,1,,2272.035995232379,2000,561322.596547867,4778068.0,0.0,-2859.0,5339390.596547867,-0.0005351678068069576,-0.024629572280295497,533.9390596547867,235.03630073671863,
44874,2389.3503,2405.8785,2384.0736,2394.0587,2389.3503,2405.8785,2384.0736,2394.0587,21.804899999999634,41.04435088320282,2395.0001,2186.7424,1,,2272.035995232379,2000,561322.596547867,4788117.4,0.0,10049.400000000373,5349439.996547868,0.0018821249013880603,-0.02279380331020664,534.9439996547868,235.5306373180782,
44875,2383.8581,2399.3265,2378.893,2383.6827,2383.8581,2399.3265,2378.893,2383.6827,20.433500000000095,39.08141270385018,2405.8785,2186.7424,1,,2272.035995232379,2000,561322.596547867,4767365.399999999,0.0,-20752.00000000093,5328687.996547867,-0.0038792845631304695,-0.026584664224020838,532.8687996547867,234.5098328186679,
44876,2428.3845,2428.3845,2382.5639,2382.5639,2428.3845,2428.3845,2382.5639,2382.5639,45.82060000000001,39.723240065388254,2405.8785,2186.7424,1,,2272.035995232379,2000,561322.596547867,4765127.8,0.0,-2237.5999999996275,5326450.396547867,-0.0004199157468872672,-0.026993416651774682,532.6450396547867,234.39976380614476,
44879,2380.2626,2390.6731,2366.1817,2374.5048,2380.2626,2390.6731,2366.1817,2374.5048,24.491399999999885,38.27258863058936,2428.3845,2186.7424,1,,2272.035995232379,2000,561322.596547867,4749009.600000001,0.0,-16118.199999999255,5310332.196547868,-0.0030260677937498093,-0.029937800536751324,531.0332196547868,233.60689896986898,
44880,2373.0131,2423.4745,2373.0131,2423.4745,2373.0131,2423.4745,2373.0131,2423.4745,50.461399999999685,39.433427808628444,2428.3845,2231.6786,1,,2272.035995232379,2000,561322.596547867,4846949.0,0.0,97939.39999999944,5408271.596547867,0.018443177634662522,-0.012046771075379215,540.8271596547867,238.42460233289637,
44881,2424.3737,2435.0992,2409.1415,2414.1417,2424.3737,2435.0992,2409.1415,2414.1417,25.95769999999993,38.15002516018763,2428.3845,2285.6257,1,,2272.035995232379,2000,561322.596547867,4828283.4,0.0,-18665.599999999627,5389605.996547868,-0.0034513059610234986,-0.015456499943579227,538.9605996547867,237.5064292187776,
44882,2409.4873,2426.245,2397.4204,2426.245,2409.4873,2426.245,2397.4204,2426.245,28.82459999999992,37.261889430645944,2435.0992,2301.1462,1,,2272.035995232379,2000,561322.596547867,4852490.0,0.0,24206.599999999627,5413812.596547867,0.0044913487211317715,-0.01103457175370215,541.3812596547867,238.6971677594207,
44883,2427.8101,2437.3624,2407.7624,2409.3498,2427.8101,2437.3624,2407.7624,2409.3498,29.59999999999991,36.53218567534632,2435.0992,2333.1775,1,,2272.035995232379,2000,561322.596547867,4818699.6,0.0,-33790.40000000037,5380022.196547867,-0.006241516380073198,-0.017207215673427534,538.0022196547867,237.03499580698843,
44886,2400.4205,2426.9009,2389.9213,2426.9009,2400.4205,2426.9009,2389.9213,2426.9009,36.97960000000012,36.57479656340858,2437.3624,2366.1817,1,,2272.035995232379,2000,561322.596547867,4853801.8,0.0,35102.200000000186,5415124.396547867,0.006524545572046847,-0.010794939364210054,541.5124396547867,238.761696062347,
44887,2423.5085,2427.7554,2379.9351,2389.1816,2423.5085,2427.7554,2379.9351,2389.1816,47.82029999999986,37.64579689070299,2437.3624,2366.1817,1,,2272.035995232379,2000,561322.596547867,4778363.2,0.0,-75438.59999999963,5339685.796547867,-0.01393109270917059,-0.024575646772307946,533.9685796547867,235.05082181845657,
44888,2386.1605,2386.1605,2330.5936,2373.309,2386.1605,2386.1605,2330.5936,2373.309,58.58799999999974,39.64029242492173,2437.3624,2366.1817,0,2366.1817,,0,5290373.342167867,0.0,3312.6543800000004,-49312.45438000001,5290373.342167867,-0.009235085407437449,-0.033583773982860055,529.0373342167867,233.48925459627657,SELL
44889,2376.2627,2391.5091,2376.2627,2386.087,2376.2627,2391.5091,2376.2627,2386.087,18.20010000000002,37.59836933683395,2437.3624,2330.5936,0,,,0,5290373.342167867,0.0,0.0,0.0,5290373.342167867,0.0,-0.033583773982860055,529.0373342167867,234.74637100852254,
44890,2380.2409,2380.2409,2353.1449,2354.0211,2380.2409,2380.2409,2353.1449,2354.0211,32.94210000000021,37.15491511427835,2437.3624,2330.5936,0,,,0,5290373.342167867,0.0,0.0,0.0,5290373.342167867,0.0,-0.033583773982860055,529.0373342167867,231.59168567721565,
44893,2327.5745,2347.6615,2327.5745,2346.7769,2327.5745,2347.6615,2327.5745,2346.7769,26.446599999999762,36.13507557958515,2437.3624,2330.5936,0,,,0,5290373.342167867,0.0,0.0,0.0,5290373.342167867,0.0,-0.033583773982860055,529.0373342167867,230.8789917725676,
44894,2350.088,2387.8335,2350.088,2387.706,2350.088,2387.8335,2350.088,2387.706,41.056600000000344,36.60379219105326,2437.3624,2327.5745,0,,,0,5290373.342167867,0.0,0.0,0.0,5290373.342167867,0.0,-0.033583773982860055,529.0373342167867,234.90565035360214,
44895,2389.5971,2398.4653,2377.7042,2389.463,2389.5971,2398.4653,2377.7042,2389.463,20.761099999999715,35.09496436333387,2437.3624,2327.5745,0,,,0,5290373.342167867,0.0,0.0,0.0,5290373.342167867,0.0,-0.033583773982860055,529.0373342167867,235.07850631981876,
44896,2405.3103,2408.7901,2398.4679,2405.4542,2405.3103,2408.7901,2398.4679,2405.4542,19.327099999999973,33.59326299539731,2437.3624,2327.5745,0,,,0,5290373.342167867,0.0,0.0,0.0,5290373.342167867,0.0,-0.033583773982860055,529.0373342167867,236.6517415656717,
44897,2399.5137,2426.8987,2399.5137,2424.3001,2399.5137,2426.8987,2399.5137,2424.3001,27.38500000000022,33.001999852978535,2437.3624,2327.5745,0,,,0,5290373.342167867,0.0,0.0,0.0,5290373.342167867,0.0,-0.033583773982860055,529.0373342167867,238.50582594456878,
44900,2434.4158,2435.6791,2424.0778,2435.6791,2434.4158,2435.6791,2424.0778,2435.6791,11.60129999999981,30.96383796221866,2437.3624,2327.5745,0,,,0,5290373.342167867,0.0,0.0,0.0,5290373.342167867,0.0,-0.033583773982860055,529.0373342167867,239.6253069005046,
44901,2428.5871,2428.5871,2411.8576,2418.0733,2428.5871,2428.5871,2411.8576,2418.0733,23.821500000000015,30.283615299150213,2437.3624,2327.5745,0,,,0,5290373.342167867,0.0,0.0,0.0,5290373.342167867,0.0,-0.033583773982860055,529.0373342167867,237.89322518734753,
44902,2412.2349,2424.4743,2407.7267,2420.3074,2412.2349,2424.4743,2407.7267,2420.3074,16.747599999999693,28.9944709849454,2437.3624,2327.5745,0,,,0,5290373.342167867,0.0,0.0,0.0,5290373.342167867,0.0,-0.033583773982860055,529.0373342167867,238.1130188777998,
44903,2417.0858,2419.6245,2407.2225,2411.025,2417.0858,2419.6245,2407.2225,2411.025,13.084900000000289,27.479273748283962,2437.3624,2327.5745,0,,,0,5290373.342167867,0.0,0.0,0.0,5290373.342167867,0.0,-0.033583773982860055,529.0373342167867,237.19980418183542,
44904,2410.2419,2410.2419,2394.9177,2403.9986,2410.2419,2410.2419,2394.9177,2403.9986,16.107300000000123,26.396228629399786,2437.3624,2327.5745,0,,,0,5290373.342167867,0.0,0.0,0.0,5290373.342167867,0.0,-0.033583773982860055,529.0373342167867,236.50853772706898,
44907,2401.6493,2405.8643,2389.9571,2402.2118,2401.6493,2405.8643,2389.9571,2402.2118,15.907200000000103,25.397273521837914,2437.3624,2327.5745,0,,,0,5290373.342167867,0.0,0.0,0.0,5290373.342167867,0.0,-0.033583773982860055,529.0373342167867,236.33274999773724,
44908,2401.845,2402.9684,2388.8419,2391.2851,2401.845,2402.9684,2388.8419,2391.2851,14.126500000000306,24.32386651975814,2437.3624,2350.088,0,,,0,5290373.342167867,0.0,0.0,0.0,5290373.342167867,0.0,-0.033583773982860055,529.0373342167867,235.25776690948484,
44909,2389.8096,2397.3981,2377.7593,2382.5376,2389.8096,2397.3981,2377.7593,2382.5376,19.63879999999972,23.877669708352578,2437.3624,2377.7042,0,,,0,5290373.342167867,0.0,0.0,0.0,5290373.342167867,0.0,-0.033583773982860055,529.0373342167867,234.39717637762368,
44910,2379.7998,2398.2074,2379.7998,2397.6195,2379.7998,2398.2074,2379.7998,2397.6195,18.407600000000002,23.356710688509477,2437.3624,2377.7593,0,,,0,5290373.342167867,0.0,0.0,0.0,5290373.342167867,0.0,-0.033583773982860055,529.0373342167867,235.88095349594056,
44911,2386.666,2386.666,2364.6778,2367.3612,2386.666,2386.666,2364.6778,2367.3612,32.941699999999855,24.269566813413324,2437.3624,2377.7593,0,,,0,5290373.342167867,0.0,0.0,0.0,5290373.342167867,0.0,-0.033583773982860055,529.0373342167867,232.90410222526722,
44914,2365.8653,2365.8653,2308.2765,2315.2548,2365.8653,2365.8653,2308.2765,2315.2548,59.084699999999884,27.585293783564424,2435.6791,2364.6778,0,,,0,5290373.342167867,0.0,0.0,0.0,5290373.342167867,0.0,-0.033583773982860055,529.0373342167867,227.77780619904587,
44915,2310.0753,2318.676,2291.3564,2307.0842,2310.0753,2318.676,2291.3564,2307.0842,27.31959999999981,27.559989613701127,2435.6791,2308.2765,0,,,0,5290373.342167867,0.0,0.0,0.0,5290373.342167867,0.0,-0.033583773982860055,529.0373342167867,226.9739718464165,
44916,2305.554,2305.554,2279.2589,2287.2023,2305.554,2305.554,2279.2589,2287.2023,27.82529999999997,27.58525726953911,2435.6791,2291.3564,0,,,0,5290373.342167867,0.0,0.0,0.0,5290373.342167867,0.0,-0.033583773982860055,529.0373342167867,225.0179644276785,
44917,2296.0962,2296.0962,2244.0944,2248.982,2296.0962,2296.0962,2244.0944,2248.982,52.0018,29.910642291487765,2435.6791,2279.2589,0,,,0,5290373.342167867,0.0,0.0,0.0,5290373.342167867,0.0,-0.033583773982860055,529.0373342167867,221.25780114618166,
44918,2238.8873,2252.0418,2223.4831,2238.4741,2238.8873,2252.0418,2223.4831,2238.4741,28.558700000000044,29.78188588277465,2435.6791,2244.0944,0,,,0,5290373.342167867,0.0,0.0,0.0,5290373.342167867,0.0,-0.033583773982860055,529.0373342167867,220.22402015164099,
44921,2238.6507,2285.5534,2238.6507,2285.5534,2238.6507,2285.5534,2238.6507,2285.5534,47.079299999999876,31.429258655843718,2435.6791,2223.4831,0,,,0,5290373.342167867,0.0,0.0,0.0,5290373.342167867,0.0,-0.033583773982860055,529.0373342167867,224.8557434813526,
44922,2290.0746,2295.5752,2272.0511,2295.5752,2290.0746,2295.5752,2272.0511,2295.5752,23.52410000000009,30.67638640290623,2435.6791,2223.4831,0,,,0,5290373.342167867,0.0,0.0,0.0,5290373.342167867,0.0,-0.033583773982860055,529.0373342167867,225.84170131984433,
44923,2289.5715,2289.5715,2260.247,2265.6983,2289.5715,2289.5715,2260.247,2265.6983,35.32820000000038,31.119416269296146,2435.6791,2223.4831,0,,,0,5290373.342167867,0.0,0.0,0.0,5290373.342167867,0.0,-0.033583773982860055,529.0373342167867,222.90237268179195,
44924,2260.7207,2278.0911,2253.9755,2253.9755,2260.7207,2278.0911,2253.9755,2253.9755,24.115600000000086,30.452386148410806,2435.6791,2223.4831,0,,,0,5290373.342167867,0.0,0.0,0.0,5290373.342167867,0.0,-0.033583773982860055,529.0373342167867,221.74906823058848,
44925,2260.4717,2272.926,2257.2585,2272.926,2260.4717,2272.926,2257.2585,2272.926,18.95049999999992,29.35696841999072,2435.6791,2223.4831,0,,,0,5290373.342167867,0.0,0.0,0.0,5290373.342167867,0.0,-0.033583773982860055,529.0373342167867,223.6134432947823,
44929,2274.2327,2332.3566,2274.2327,2332.3566,2274.2327,2332.3566,2274.2327,2332.3566,59.43060000000014,32.22112380856305,2435.6791,2223.4831,0,,,0,5290373.342167867,0.0,0.0,0.0,5290373.342167867,0.0,-0.033583773982860055,529.0373342167867,229.46030373065872,
44930,2334.2472,2347.0672,2329.7214,2343.9817,2334.2472,2347.0672,2329.7214,2343.9817,17.345800000000054,30.804426302985622,2428.5871,2223.4831,0,,,0,5290373.342167867,0.0,0.0,0.0,5290373.342167867,0.0,-0.033583773982860055,529.0373342167867,230.60399632762233,
44931,2345.6724,2355.7111,2335.757,2355.2614,2345.6724,2355.7111,2335.757,2355.2614,19.954099999999926,29.77106189317746,2424.4743,2223.4831,0,,,0,5290373.342167867,0.0,0.0,0.0,5290373.342167867,0.0,-0.033583773982860055,529.0373342167867,231.71370801921816,
44932,2353.1364,2365.4063,2347.9411,2351.4358,2353.1364,2365.4063,2347.9411,2351.4358,17.465200000000095,28.59907504620819,2419.6245,2223.4831,0,,,0,5290373.342167867,0.0,0.0,0.0,5290373.342167867,0.0,-0.033583773982860055,529.0373342167867,231.3373404697826,
44935,2357.4532,2371.4594,2357.4532,2366.9606,2357.4532,2371.4594,2357.4532,2366.9606,20.023599999999988,27.782363137045504,2410.2419,2223.4831,0,,,0,5290373.342167867,0.0,0.0,0.0,5290373.342167867,0.0,-0.033583773982860055,529.0373342167867,232.86469067144458,
44936,2369.216,2369.216,2358.027,2363.762,2369.216,2369.216,2358.027,2363.762,11.18899999999985,26.20204283827925,2405.8643,2238.6507,0,,,0,5290373.342167867,0.0,0.0,0.0,5290373.342167867,0.0,-0.033583773982860055,529.0373342167867,232.55000820500146,
44937,2365.2643,2368.5099,2343.6695,2343.6695,2365.2643,2368.5099,2343.6695,2343.6695,24.840400000000045,26.072362567966948,2402.9684,2253.9755,0,,,0,5290373.342167867,0.0,0.0,0.0,5290373.342167867,0.0,-0.033583773982860055,529.0373342167867,230.57328168183244,
44938,2346.5143,2357.9637,2340.4386,2344.4044,2346.5143,2357.9637,2340.4386,2344.4044,17.52509999999984,25.25833756149389,2398.2074,2253.9755,0,,,0,5290373.342167867,0.0,0.0,0.0,5290373.342167867,0.0,-0.033583773982860055,529.0373342167867,230.64558210845317,
44939,2349.7761,2351.6778,2334.5266,2345.5964,2349.7761,2351.6778,2334.5266,2345.5964,17.15119999999979,24.486229222303972,2398.2074,2253.9755,0,,,0,5290373.342167867,0.0,0.0,0.0,5290373.342167867,0.0,-0.033583773982860055,529.0373342167867,230.76285263305775,
44942,2346.3677,2370.4604,2346.3677,2365.3808,2346.3677,2370.4604,2346.3677,2365.3808,24.864000000000033,24.522207391608358,2386.666,2257.2585,0,,,0,5290373.342167867,0.0,0.0,0.0,5290373.342167867,0.0,-0.033583773982860055,529.0373342167867,232.70926787381848,
44943,2368.4537,2368.4537,2352.5027,2359.7296,2368.4537,2368.4537,2352.5027,2359.7296,15.951000000000022,23.7059019257409,2371.4594,2274.2327,0,,,0,5290373.342167867,0.0,0.0,0.0,5290373.342167867,0.0,-0.033583773982860055,529.0373342167867,232.1532954001227,
44944,2362.7878,2373.884,2361.5457,2370.3019,2362.7878,2373.884,2361.5457,2370.3019,14.154399999999896,22.796235075670328,2371.4594,2329.7214,1,2371.4594,2347.7534980742594,2200,72119.22003186672,5214664.18,1043.4421360000001,-3589.942136000842,5286783.4000318665,-0.0006785801121796942,-0.034239564813923096,528.6783400031866,233.19341215119397,BUY
44945,2367.0873,2381.3549,2365.1239,2380.5526,2367.0873,2381.3549,2365.1239,2380.5526,16.230999999999767,22.170974592273133,2373.884,2334.5266,1,,2347.7534980742594,2200,72119.22003186672,5237215.72,0.0,22551.540000000037,5309334.940031867,0.004265644777477373,-0.03011997385727727,530.9334940031866,234.20188947213703,
44946,2385.7373,2402.9992,2385.7373,2402.9992,2385.7373,2402.9992,2385.7373,2402.9992,22.446600000000217,22.197224631104284,2381.3549,2334.5266,1,,2347.7534980742594,2200,72119.22003186672,5286598.24,0.0,49382.520000000484,5358717.460031867,0.009301074533396125,-0.021099047445671704,535.8717460031867,236.41021544326884,
44956,2430.9329,2447.9966,2430.9329,2444.7074,2430.9329,2447.9966,2430.9329,2444.7074,44.99739999999974,24.368669904332425,2402.9992,2334.5266,1,,2347.7534980742594,2200,72119.22003186672,5378356.279999999,0.0,91758.0399999991,5450475.500031866,0.017123134534406503,-0.004337194739225114,545.0475500031866,240.5135229049404,
44957,2436.1306,2458.5713,2436.1306,2458.5713,2436.1306,2458.5713,2436.1306,2458.5713,22.440700000000106,24.185053722967442,2447.9966,2334.5266,1,,2347.7534980742594,2200,72119.22003186672,5408856.86,0.0,30500.580000001006,5480976.080031867,0.005595948463546385,0.0,548.0976080031868,241.87747158452547,
44958,2461.8197,2503.1627,2461.8197,2503.1627,2461.8197,2503.1627,2461.8197,2503.1627,44.591399999999794,26.128515273161,2458.5713,2334.5266,1,,2347.7534980742594,2200,72119.22003186672,5506957.9399999995,0.0,98101.07999999914,5579077.160031866,0.01789846891640301,0.0,557.9077160031867,246.26443204665006,
44959,2505.1874,2517.2403,2498.8263,2510.5307,2505.1874,2517.2403,2498.8263,2510.5307,18.41399999999976,25.39379953285993,2503.1627,2334.5266,1,,2347.7534980742594,2200,72119.22003186672,5523167.539999999,0.0,16209.599999999627,5595286.760031866,0.002905426746223183,0.0,559.5286760031865,246.98930555779643,
44960,2506.8047,2512.4129,2482.1936,2512.4129,2506.8047,2512.4129,2482.1936,2512.4129,30.21929999999975,25.853371005920867,2517.2403,2334.5266,1,,2347.7534980742594,2200,72119.22003186672,5527308.38,0.0,4140.840000000782,5599427.600031867,0.0007400585845893648,0.0,559.9427600031867,247.17447886434906,
44963,2508.9816,2518.6962,2503.4175,2513.2616,2508.9816,2518.6962,2503.4175,2513.2616,15.278699999999844,24.846259481547435,2517.2403,2346.3677,1,,2347.7534980742594,2200,72119.22003186672,5529175.52,0.0,1867.1399999996647,5601294.740031866,0.00033345194069278605,0.0,560.1294740031866,247.25797508434226,
44964,2514.7271,2535.4349,2514.7271,2535.4349,2514.7271,2535.4349,2514.7271,2535.4349,22.17330000000038,24.591691911876286,2518.6962,2352.5027,1,,2347.7534980742594,2200,72119.22003186672,5577956.78,0.0,48781.26000000071,5650076.000031867,0.008708925750927854,0.0,565.0076000031868,249.43941344274387,
44965,2535.6995,2536.6017,2524.4474,2524.4474,2535.6995,2536.6017,2524.4474,2524.4474,12.154300000000148,23.40717839645951,2535.4349,2361.5457,1,,2347.7534980742594,2200,72119.22003186672,5553784.28,0.0,-24172.5,5625903.500031867,-0.004278261035756681,-0.004278261035756681,562.5903500031867,248.35844877068615,
44966,2518.8716,2555.6795,2518.8716,2555.6795,2518.8716,2555.6795,2518.8716,2555.6795,36.807900000000245,24.683437596796722,2536.6017,2365.1239,1,,2347.7534980742594,2200,72119.22003186672,5622494.9,0.0,68710.62000000011,5694614.120031867,0.012213259612364746,0.0,569.4614120031866,251.43110376355745,
44967,2553.2931,2563.3366,2539.9316,2550.5791,2553.2931,2563.3366,2539.9316,2550.5791,23.4050000000002,24.561681635197054,2555.6795,2385.7373,1,,2347.7534980742594,2200,72119.22003186672,5611274.02,0.0,-11220.88000000082,5683393.240031866,-0.00197043728749402,-0.00197043728749402,568.3393240031866,250.92931971683495,
44970,2551.1745,2577.7727,2551.1745,2577.7727,2551.1745,2577.7727,2551.1745,2577.7727,27.19360000000006,24.812340527083055,2563.3366,2430.9329,1,,2347.7534980742594,2200,72119.22003186672,5671099.94,0.0,59825.92000000086,5743219.160031867,0.010526443881906156,0.0,574.3219160031867,253.6046617788207,
44971,2584.1291,2584.1291,2569.7903,2577.7613,2584.1291,2584.1291,2569.7903,2577.7613,14.338799999999992,23.814860476884668,2577.7727,2436.1306,1,,2347.7534980742594,2200,72119.22003186672,5671074.86,0.0,-25.080000000074506,5743194.080031867,-4.366888899931531e-06,-4.366888899931531e-06,574.3194080031867,253.60354023185724,
44972,2577.867,2589.4274,2577.0193,2589.0449,2577.867,2589.4274,2577.0193,2589.0449,12.408100000000104,22.728502336228996,2584.1291,2461.8197,1,,2347.7534980742594,2200,72119.22003186672,5695898.779999999,0.0,24823.919999998994,5768018.000031866,0.004322319541021136,0.0,576.8018000031866,254.7136356105721,
44973,2586.8616,2589.049,2511.4847,2520.2796,2586.8616,2589.049,2511.4847,2520.2796,77.5643,27.95095925658814,2589.4274,2482.1936,1,,2347.7534980742594,2200,72119.22003186672,5544615.12,0.0,-151283.65999999922,5616734.340031867,-0.02622801454488588,-0.02622801454488588,561.6734340031867,247.94841513608299,
44974,2520.4947,2537.7662,2500.9209,2505.3849,2520.4947,2537.7662,2500.9209,2505.3849,36.84529999999995,28.798039327389265,2589.4274,2482.1936,1,,2347.7534980742594,2200,72119.22003186672,5511846.78,0.0,-32768.33999999985,5583966.000031867,-0.005834055523411874,-0.031909054375173995,558.3966000031867,246.48305499948248,
44977,2508.2014,2535.1874,2498.8131,2535.1874,2508.2014,2535.1874,2498.8131,2535.1874,36.37429999999995,29.519587962876,2589.4274,2500.9209,0,2500.9209,,0,5570293.781845868,0.0,3851.4181860000003,-13672.21818599943,5570293.781845868,-0.002448478050532832,-0.03427940380645589,557.0293781845868,249.41506406787838,SELL
44978,2537.9614,2551.6011,2529.3993,2547.1105,2537.9614,2551.6011,2529.3993,2547.1105,22.20179999999982,28.822655775935413,2589.4274,2498.8131,0,,,0,5570293.781845868,0.0,0.0,0.0,5570293.781845868,0.0,-0.03427940380645589,557.0293781845868,250.58807429599312,
44979,2536.2016,2549.6662,2536.2016,2549.3455,2536.2016,2549.6662,2536.2016,2549.3455,13.464600000000246,27.35998379727492,2589.4274,2498.8131,0,,,0,5570293.781845868,0.0,0.0,0.0,5570293.781845868,0.0,-0.03427940380645589,557.0293781845868,250.80795652962672,
44980,2551.1689,2555.0423,2532.1766,2542.8798,2551.1689,2555.0423,2532.1766,2542.8798,22.865700000000288,26.93195676896305,2589.4274,2498.8131,0,,,0,5570293.781845868,0.0,0.0,0.0,5570293.781845868,0.0,-0.03427940380645589,557.0293781845868,250.17185247682824,
44981,2544.711,2545.4301,2521.712,2537.7766,2544.711,2545.4301,2521.712,2537.7766,23.71810000000005,26.625875171918956,2589.4274,2498.8131,0,,,0,5570293.781845868,0.0,0.0,0.0,5570293.781845868,0.0,-0.03427940380645589,557.0293781845868,249.66979296243053,
44984,2531.612,2535.6978,2513.0352,2514.8992,2531.612,2535.6978,2513.0352,2514.8992,24.74140000000034,26.446401346021947,2589.4274,2498.8131,0,,,0,5570293.781845868,0.0,0.0,0.0,5570293.781845868,0.0,-0.03427940380645589,557.0293781845868,247.41908432183592,
44985,2522.3134,2539.1934,2511.3148,2539.1934,2522.3134,2539.1934,2511.3148,2539.1934,27.878600000000006,26.58280121782938,2589.4274,2498.8131,0,,,0,5570293.781845868,0.0,0.0,0.0,5570293.781845868,0.0,-0.03427940380645589,557.0293781845868,249.80917960610483,
44986,2539.5434,2562.386,2536.7614,2562.386,2539.5434,2562.386,2536.7614,2562.386,25.6246000000001,26.491543958988498,2589.4274,2498.8131,0,,,0,5570293.781845868,0.0,0.0,0.0,5570293.781845868,0.0,-0.03427940380645589,557.0293781845868,252.09089803642706,
44987,2562.6316,2565.777,2546.486,2548.5985,2562.6316,2565.777,2546.486,2548.5985,19.291000000000167,25.805777867656275,2589.4274,2498.8131,0,,,0,5570293.781845868,0.0,0.0,0.0,5570293.781845868,0.0,-0.03427940380645589,557.0293781845868,250.7344656891237,
44988,2546.7619,2552.8456,2527.3425,2544.7992,2546.7619,2552.8456,2527.3425,2544.7992,25.503099999999904,25.776951404069955,2589.4274,2498.8131,0,,,0,5570293.781845868,0.0,0.0,0.0,5570293.781845868,0.0,-0.03427940380645589,557.0293781845868,250.36068556820913,
44991,2547.0761,2550.5538,2535.4453,2549.0315,2547.0761,2550.5538,2535.4453,2549.0315,15.108500000000276,24.760908413206174,2589.4274,2498.8131,0,,,0,5570293.781845868,0.0,0.0,0.0,5570293.781845868,0.0,-0.03427940380645589,557.0293781845868,250.77706479747422,
44992,2548.8713,2548.8713,2491.9744,2491.9744,2548.8713,2548.8713,2491.9744,2491.9744,57.05709999999999,27.836736183377013,2589.4274,2511.3148,0,,,0,5570293.781845868,0.0,0.0,0.0,5570293.781845868,0.0,-0.03427940380645589,557.0293781845868,245.16371240702472,
44993,2486.8652,2515.444,2486.8652,2515.444,2486.8652,2515.444,2486.8652,2515.444,28.578799999999774,27.90740892781728,2589.4274,2491.9744,0,,,0,5570293.781845868,0.0,0.0,0.0,5570293.781845868,0.0,-0.03427940380645589,557.0293781845868,247.47268246093375,
44994,2519.657,2524.9375,2503.1243,2518.7193,2519.657,2524.9375,2503.1243,2518.7193,21.81320000000005,27.327008077548975,2589.4274,2486.8652,0,,,0,5570293.781845868,0.0,0.0,0.0,5570293.781845868,0.0,-0.03427940380645589,557.0293781845868,247.79491077405237,
44995,2505.0371,2505.0371,2480.541,2480.541,2505.0371,2505.0371,2480.541,2480.541,38.178300000000036,28.360464451115742,2589.4274,2486.8652,0,,,0,5570293.781845868,0.0,0.0,0.0,5570293.781845868,0.0,-0.03427940380645589,557.0293781845868,244.03887950768416,
44998,2472.8182,2485.1756,2459.7019,2485.1756,2472.8182,2485.1756,2459.7019,2485.1756,25.473700000000008,28.085534503390434,2589.4274,2480.541,0,,,0,5570293.781845868,0.0,0.0,0.0,5570293.781845868,0.0,-0.03427940380645589,557.0293781845868,244.49483753900324,
44999,2482.3584,2482.3584,2423.3937,2449.1021,2482.3584,2482.3584,2423.3937,2449.1021,61.78189999999995,31.294712169734197,2589.4274,2459.7019,0,,,0,5570293.781845868,0.0,0.0,0.0,5570293.781845868,0.0,-0.03427940380645589,557.0293781845868,240.94587925936972,
45000,2459.3758,2482.7599,2459.3758,2471.5496,2459.3758,2482.7599,2459.3758,2471.5496,33.65779999999995,31.51976815356903,2589.4274,2423.3937,0,,,0,5570293.781845868,0.0,0.0,0.0,5570293.781845868,0.0,-0.03427940380645589,557.0293781845868,243.1542937736828,
45001,2460.0537,2460.0537,2427.2272,2428.2025,2460.0537,2460.0537,2427.2272,2428.2025,44.322400000000016,32.73906642465769,2589.049,2423.3937,0,,,0,5570293.781845868,0.0,0.0,0.0,5570293.781845868,0.0,-0.03427940380645589,557.0293781845868,238.88974917881117,
45002,2441.8686,2457.445,2440.1866,2448.0455,2441.8686,2457.445,2440.1866,2448.0455,29.24250000000029,32.40606009849984,2565.777,2423.3937,0,,,0,5570293.781845868,0.0,0.0,0.0,5570293.781845868,0.0,-0.03427940380645589,557.0293781845868,240.84192956448956,
45005,2451.3723,2452.6769,2428.2545,2442.3398,2451.3723,2452.6769,2428.2545,2442.3398,24.422399999999925,31.645711517690327,2565.777,2423.3937,0,,,0,5570293.781845868,0.0,0.0,0.0,5570293.781845868,0.0,-0.03427940380645589,557.0293781845868,240.2805953092577,
45006,2443.3271,2483.0462,2440.6477,2483.0462,2443.3271,2483.0462,2440.6477,2483.0462,42.39850000000024,32.66978661124365,2565.777,2423.3937,0,,,0,5570293.781845868,0.0,0.0,0.0,5570293.781845868,0.0,-0.03427940380645589,557.0293781845868,244.28534437197897,
45007,2486.3285,2499.6145,2486.3285,2499.6145,2486.3285,2499.6145,2486.3285,2499.6145,16.56829999999991,31.136311695887102,2565.777,2423.3937,0,,,0,5570293.781845868,0.0,0.0,0.0,5570293.781845868,0.0,-0.03427940380645589,557.0293781845868,245.91535547332626,
45008,2491.957,2494.3224,2482.2276,2494.3224,2491.957,2494.3224,2482.2276,2494.3224,17.38689999999997,29.82684391532642,2565.777,2423.3937,0,,,0,5570293.781845868,0.0,0.0,0.0,5570293.781845868,0.0,-0.03427940380645589,557.0293781845868,245.3947117289807,
45009,2496.0278,2502.1118,2490.2607,2502.1118,2496.0278,2502.1118,2490.2607,2502.1118,11.851100000000315,28.11486830434298,2565.777,2423.3937,0,,,0,5570293.781845868,0.0,0.0,0.0,5570293.781845868,0.0,-0.03427940380645589,557.0293781845868,246.1610431252516,
45012,2502.0043,2507.4981,2482.5592,2507.4981,2502.0043,2507.4981,2482.5592,2507.4981,24.93889999999965,27.812395132500757,2565.777,2423.3937,0,,,0,5570293.781845868,0.0,0.0,0.0,5570293.781845868,0.0,-0.03427940380645589,557.0293781845868,246.69095438924288,
45013,2505.9129,2505.9129,2479.368,2481.2598,2505.9129,2505.9129,2479.368,2481.2598,28.130099999999857,27.842652738929242,2565.777,2423.3937,0,,,0,5570293.781845868,0.0,0.0,0.0,5570293.781845868,0.0,-0.03427940380645589,557.0293781845868,244.10959599517219,
45014,2481.4339,2484.1499,2467.3042,2471.653,2481.4339,2484.1499,2467.3042,2471.653,16.84569999999985,26.795323906650253,2565.777,2427.2272,0,,,0,5570293.781845868,0.0,0.0,0.0,5570293.781845868,0.0,-0.03427940380645589,557.0293781845868,243.16446640140435,
45015,2471.0286,2471.0286,2440.1657,2454.4192,2471.0286,2471.0286,2440.1657,2454.4192,31.487299999999777,27.24217877268354,2565.777,2427.2272,0,,,0,5570293.781845868,0.0,0.0,0.0,5570293.781845868,0.0,-0.03427940380645589,557.0293781845868,241.46898253652992,
45016,2455.7622,2486.7176,2455.7622,2486.7176,2455.7622,2486.7176,2455.7622,2486.7176,32.29840000000013,27.7237236514756,2552.8456,2428.2545,0,,,0,5570293.781845868,0.0,0.0,0.0,5570293.781845868,0.0,-0.03427940380645589,557.0293781845868,244.64654152301355,
45019,2486.5335,2514.1235,2486.5335,2514.1235,2486.5335,2514.1235,2486.5335,2514.1235,27.590000000000146,27.710988065620793,2550.5538,2428.2545,0,,,0,5570293.781845868,0.0,0.0,0.0,5570293.781845868,0.0,-0.03427940380645589,557.0293781845868,247.34276993766167,
45020,2512.4007,2512.4007,2476.2171,2482.187,2512.4007,2512.4007,2476.2171,2482.187,37.9064000000003,28.68197967841884,2548.8713,2440.1657,0,,,0,5570293.781845868,0.0,0.0,0.0,5570293.781845868,0.0,-0.03427940380645589,557.0293781845868,244.2008151482036,
45022,2471.9053,2476.5369,2465.5466,2476.5054,2471.9053,2476.5369,2465.5466,2476.5054,16.640399999999772,27.535162566188454,2524.9375,2440.1657,0,,,0,5570293.781845868,0.0,0.0,0.0,5570293.781845868,0.0,-0.03427940380645589,557.0293781845868,243.64185188260512,
45023,2478.628,2503.8155,2478.628,2503.8155,2478.628,2503.8155,2478.628,2503.8155,27.310100000000148,27.513728036075285,2524.9375,2440.1657,0,,,0,5570293.781845868,0.0,0.0,0.0,5570293.781845868,0.0,-0.03427940380645589,557.0293781845868,246.32865536750734,
45026,2504.6164,2504.6164,2459.4041,2465.4227,2504.6164,2504.6164,2459.4041,2465.4227,45.212299999999686,29.1993063183538,2514.1235,2440.1657,0,,,0,5570293.781845868,0.0,0.0,0.0,5570293.781845868,0.0,-0.03427940380645589,557.0293781845868,242.55152130958905,
45027,2464.7317,2474.152,2453.9451,2473.8932,2464.7317,2474.152,2453.9451,2473.8932,20.206900000000132,28.342886668986782,2514.1235,2440.1657,0,,,0,5570293.781845868,0.0,0.0,0.0,5570293.781845868,0.0,-0.03427940380645589,557.0293781845868,243.38486021786343,
45028,2476.4115,2502.6994,2476.4115,2502.6994,2476.4115,2502.6994,2476.4115,2502.6994,28.80619999999999,28.3870117481309,2514.1235,2440.1657,0,,,0,5570293.781845868,0.0,0.0,0.0,5570293.781845868,0.0,-0.03427940380645589,557.0293781845868,246.21885198452813,
45029,2498.6077,2506.2119,2485.9045,2487.3647,2498.6077,2506.2119,2485.9045,2487.3647,20.30739999999969,27.617524914975547,2514.1235,2440.1657,0,,,0,5570293.781845868,0.0,0.0,0.0,5570293.781845868,0.0,-0.03427940380645589,557.0293781845868,244.71020407038907,
45030,2489.9976,2499.6877,2468.1218,2491.9123,2489.9976,2499.6877,2468.1218,2491.9123,31.565900000000056,27.993560637358833,2514.1235,2440.1657,0,,,0,5570293.781845868,0.0,0.0,0.0,5570293.781845868,0.0,-0.03427940380645589,557.0293781845868,245.157602927513,
45033,2488.0962,2489.7117,2476.0775,2484.569,2488.0962,2489.7117,2476.0775,2484.569,15.834800000000087,26.835583433800856,2514.1235,2453.9451,0,,,0,5570293.781845868,0.0,0.0,0.0,5570293.781845868,0.0,-0.03427940380645589,557.0293781845868,244.43515943478755,
45034,2481.7211,2481.7211,2457.0005,2469.0059,2481.7211,2481.7211,2457.0005,2469.0059,27.568499999999858,26.905385011534094,2514.1235,2453.9451,0,,,0,5570293.781845868,0.0,0.0,0.0,5570293.781845868,0.0,-0.03427940380645589,557.0293781845868,242.90404122885346,
45035,2465.6066,2479.0706,2462.0312,2465.3913,2465.6066,2479.0706,2462.0312,2465.3913,17.039400000000114,25.965767391388002,2514.1235,2453.9451,0,,,0,5570293.781845868,0.0,0.0,0.0,5570293.781845868,0.0,-0.03427940380645589,557.0293781845868,242.54843213637378,
45036,2459.9089,2459.9089,2436.7,2459.3303,2459.9089,2459.9089,2436.7,2459.3303,28.691299999999956,26.22534192554152,2514.1235,2453.9451,0,,,0,5570293.781845868,0.0,0.0,0.0,5570293.781845868,0.0,-0.03427940380645589,557.0293781845868,241.95214300077956,
45037,2456.0354,2456.0354,2386.7547,2386.7547,2456.0354,2456.0354,2386.7547,2386.7547,72.57560000000012,30.639652218347102,2514.1235,2436.7,0,,,0,5570293.781845868,0.0,0.0,0.0,5570293.781845868,0.0,-0.03427940380645589,557.0293781845868,234.8120602109374,
45040,2383.4162,2396.9155,2366.182,2382.805,2383.4162,2396.9155,2366.182,2382.805,30.733500000000276,30.648590102314074,2514.1235,2386.7547,0,,,0,5570293.781845868,0.0,0.0,0.0,5570293.781845868,0.0,-0.03427940380645589,557.0293781845868,234.4234835406096,
45041,2378.5107,2378.5107,2300.634,2331.2081,2378.5107,2378.5107,2300.634,2331.2081,82.17099999999982,35.55548628304605,2514.1235,2366.182,0,,,0,5570293.781845868,0.0,0.0,0.0,5570293.781845868,0.0,-0.03427940380645589,557.0293781845868,229.3473127931517,
45042,2324.8887,2373.0898,2324.8887,2360.9546,2324.8887,2373.0898,2324.8887,2360.9546,48.201100000000224,36.759830446565495,2514.1235,2300.634,0,,,0,5570293.781845868,0.0,0.0,0.0,5570293.781845868,0.0,-0.03427940380645589,557.0293781845868,232.27381250804265,
45043,2351.8346,2372.1151,2338.6367,2346.4396,2351.8346,2372.1151,2338.6367,2346.4396,33.478399999999965,36.4473132611783,2514.1235,2300.634,0,,,0,5570293.781845868,0.0,0.0,0.0,5570293.781845868,0.0,-0.03427940380645589,557.0293781845868,230.84580775583174,
45044,2341.2921,2403.168,2341.2921,2403.168,2341.2921,2403.168,2341.2921,2403.168,61.8759,38.869083426780364,2514.1235,2300.634,0,,,0,5570293.781845868,0.0,0.0,0.0,5570293.781845868,0.0,-0.03427940380645589,557.0293781845868,236.4268222088336,
45050,2397.603,2423.336,2397.603,2423.336,2397.603,2423.336,2397.603,2423.336,25.73299999999972,37.618027862325064,2514.1235,2300.634,0,,,0,5570293.781845868,0.0,0.0,0.0,5570293.781845868,0.0,-0.03427940380645589,557.0293781845868,238.41097652110298,
45051,2419.6652,2419.6652,2385.8547,2399.3903,2419.6652,2419.6652,2385.8547,2399.3903,37.48129999999992,37.60500616115124,2514.1235,2300.634,0,,,0,5570293.781845868,0.0,0.0,0.0,5570293.781845868,0.0,-0.03427940380645589,557.0293781845868,236.05516712427095,
45054,2401.6065,2413.2851,2396.0766,2413.2851,2401.6065,2413.2851,2396.0766,2413.2851,17.208500000000186,35.66248176485114,2512.4007,2300.634,0,,,0,5570293.781845868,0.0,0.0,0.0,5570293.781845868,0.0,-0.03427940380645589,557.0293781845868,237.42215578641495,
45055,2407.7248,2407.7248,2369.2607,2369.2607,2407.7248,2407.7248,2369.2607,2369.2607,44.02440000000024,36.45885493010343,2506.2119,2300.634,0,,,0,5570293.781845868,0.0,0.0,0.0,5570293.781845868,0.0,-0.03427940380645589,557.0293781845868,233.09097752852762,
45056,2364.6845,2390.6741,2364.6845,2385.3641,2364.6845,2390.6741,2364.6845,2385.3641,25.989600000000337,35.46178303199837,2506.2119,2300.634,0,,,0,5570293.781845868,0.0,0.0,0.0,5570293.781845868,0.0,-0.03427940380645589,557.0293781845868,234.67525115765287,
45057,2388.6656,2407.629,2386.1914,2401.586,2388.6656,2407.629,2386.1914,2401.586,22.264900000000125,34.20493702895092,2506.2119,2300.634,0,,,0,5570293.781845868,0.0,0.0,0.0,5570293.781845868,0.0,-0.03427940380645589,557.0293781845868,236.27118297231982,
45058,2393.5824,2397.4696,2373.7623,2373.7623,2393.5824,2397.4696,2373.7623,2373.7623,27.823699999999917,33.59720016905083,2506.2119,2300.634,0,,,0,5570293.781845868,0.0,0.0,0.0,5570293.781845868,0.0,-0.03427940380645589,557.0293781845868,233.53385084527253,
45061,2372.92,2392.9389,2355.088,2392.9389,2372.92,2392.9389,2355.088,2392.9389,37.85089999999991,34.002314438665024,2506.2119,2324.8887,0,,,0,5570293.781845868,0.0,0.0,0.0,5570293.781845868,0.0,-0.03427940380645589,557.0293781845868,235.42046992424247,
45062,2391.1685,2391.1685,2366.247,2372.0784,2391.1685,2391.1685,2366.247,2372.0784,26.69190000000026,33.30608449212552,2506.2119,2338.6367,0,,,0,5570293.781845868,0.0,0.0,0.0,5570293.781845868,0.0,-0.03427940380645589,557.0293781845868,233.36818655300604,
45063,2363.01,2399.8735,2363.01,2399.8735,2363.01,2399.8735,2363.01,2399.8735,36.86349999999993,33.64488596906594,2499.6877,2341.2921,0,,,0,5570293.781845868,0.0,0.0,0.0,5570293.781845868,0.0,-0.03427940380645589,557.0293781845868,236.10270497451333,
45064,2399.22,2419.9008,2399.22,2419.0519,2399.22,2419.9008,2399.22,2419.0519,20.68080000000009,32.41021111486919,2489.7117,2355.088,0,,,0,5570293.781845868,0.0,0.0,0.0,5570293.781845868,0.0,-0.03427940380645589,557.0293781845868,237.98950113984588,
45065,2414.0097,2426.2101,2399.1162,2417.4705,2414.0097,2426.2101,2399.1162,2417.4705,27.09389999999985,31.90389577059592,2481.7211,2355.088,0,,,0,5570293.781845868,0.0,0.0,0.0,5570293.781845868,0.0,-0.03427940380645589,557.0293781845868,237.83392093211964,
45068,2414.8109,2427.0807,2414.2435,2427.0807,2414.8109,2427.0807,2414.2435,2427.0807,12.837199999999939,30.08801998292011,2479.0706,2355.088,0,,,0,5570293.781845868,0.0,0.0,0.0,5570293.781845868,0.0,-0.03427940380645589,557.0293781845868,238.77938502235025,
45069,2424.9201,2424.9201,2400.0926,2400.0926,2424.9201,2424.9201,2400.0926,2400.0926,26.98810000000003,29.792789508356293,2459.9089,2355.088,0,,,0,5570293.781845868,0.0,0.0,0.0,5570293.781845868,0.0,-0.03427940380645589,557.0293781845868,236.12426032010129,
45070,2391.8483,2420.2746,2391.8483,2406.1041,2391.8483,2420.2746,2391.8483,2406.1041,28.426300000000083,29.662647650417604,2456.0354,2355.088,0,,,0,5570293.781845868,0.0,0.0,0.0,5570293.781845868,0.0,-0.03427940380645589,557.0293781845868,236.71567958072245,
45071,2402.7485,2412.4308,2376.7241,2405.6445,2402.7485,2412.4308,2376.7241,2405.6445,35.70670000000018,30.238271683711183,2427.0807,2355.088,0,,,0,5570293.781845868,0.0,0.0,0.0,5570293.781845868,0.0,-0.03427940380645589,557.0293781845868,236.6704635294571,
45072,2404.2277,2426.9365,2388.2006,2424.05,2404.2277,2426.9365,2388.2006,2424.05,38.735899999999674,31.0475696185958,2427.0807,2355.088,0,,,0,5570293.781845868,0.0,0.0,0.0,5570293.781845868,0.0,-0.03427940380645589,557.0293781845868,238.48122077829066,
45075,2426.7046,2427.9981,2414.5816,2415.9187,2426.7046,2427.9981,2414.5816,2415.9187,13.416499999999814,29.368420131110472,2427.0807,2355.088,1,2427.0807,2396.033130381404,2200,229648.3263378676,5315021.140000001,1067.915508,-25624.31550799962,5544669.466337868,-0.004600173080908543,-0.038721885696744396,554.4669466337867,237.68125281124603,BUY
45076,2410.6107,2433.3913,2403.2544,2433.3913,2410.6107,2433.3913,2403.2544,2433.3913,30.13689999999997,29.441608690052327,2427.9981,2363.01,1,,2396.033130381404,2200,229648.3263378676,5353460.859999999,0.0,38439.71999999881,5583109.186337867,0.006932734265472362,-0.03205759997506552,558.3109186337867,239.4002301335664,
45077,2429.3936,2436.4065,2424.4082,2428.6212,2429.3936,2436.4065,2424.4082,2428.6212,11.9983000000002,27.780341195761647,2433.3913,2363.01,1,,2396.033130381404,2200,229648.3263378676,5342966.64,0.0,-10494.21999999974,5572614.966337867,-0.0018796372504552572,-0.0338769805664475,557.2614966337867,238.93094143439163,
45078,2420.8912,2453.3803,2417.3021,2438.75,2420.8912,2453.3803,2417.3021,2438.75,36.078199999999924,28.57061346283196,2436.4065,2376.7241,1,,2396.033130381404,2200,229648.3263378676,5365250.0,0.0,22283.360000000335,5594898.326337867,0.003998725936495973,-0.030013719390792892,559.4898326337867,239.92742607333025,
45079,2442.4808,2456.7205,2442.4808,2452.6537,2442.4808,2456.7205,2442.4808,2452.6537,17.9704999999999,27.561078847324143,2453.3803,2376.7241,1,,2396.033130381404,2200,229648.3263378676,5395838.14,0.0,30588.139999999665,5625486.466337867,0.005467148501342223,-0.024710660350437785,562.5486466337867,241.2952903291563,
45082,2453.0895,2469.1055,2450.9365,2469.1055,2453.0895,2469.1055,2450.9365,2469.1055,18.169000000000324,26.666595147579017,2456.7205,2376.7241,1,,2396.033130381404,2200,229648.3263378676,5432032.100000001,0.0,36193.960000000894,5661680.426337868,0.0064339253532259555,-0.018435721541335437,566.1680426337867,242.91384000758717,
45083,2464.5617,2464.5617,2414.8241,2416.3891,2464.5617,2464.5617,2414.8241,2416.3891,54.2814000000003,29.296576562095332,2469.1055,2376.7241,1,,2396.033130381404,2200,229648.3263378676,5316056.02,0.0,-115976.080000001,5545704.346337867,-0.02048439178242656,-0.038542468780917605,554.5704346337867,237.72753138068725,
45084,2415.0768,2434.8712,2415.0768,2434.4718,2415.0768,2434.8712,2415.0768,2434.4718,19.794400000000223,28.391607365705323,2469.1055,2376.7241,1,,2396.033130381404,2200,229648.3263378676,5355837.96,0.0,39781.94000000041,5585486.286337867,0.007173469322480308,-0.03164548267584988,558.5486286337867,239.50653114181742,
45085,2430.7662,2430.7662,2409.417,2419.3161,2430.7662,2430.7662,2409.417,2419.3161,25.054799999999886,28.073816188019087,2469.1055,2376.7241,1,,2396.033130381404,2200,229648.3263378676,5322495.42,0.0,-33342.54000000004,5552143.746337867,-0.005969496350130887,-0.0374260714326492,555.2143746337867,238.01549348263157,
45086,2417.1337,2435.0374,2412.1761,2435.0374,2417.1337,2435.0374,2412.1761,2435.0374,22.86130000000003,27.577386074874415,2469.1055,2388.2006,1,,2396.033130381404,2200,229648.3263378676,5357082.28,0.0,34586.860000000335,5586730.606337868,0.006229460471518511,-0.031429755193724596,558.6730606337868,239.5621756122171,
45089,2433.4726,2460.5951,2427.9648,2456.0551,2433.4726,2460.5951,2427.9648,2456.0551,32.63029999999981,28.058615972505404,2469.1055,2403.2544,1,,2396.033130381404,2200,229648.3263378676,5403321.22,0.0,46238.93999999948,5632969.546337867,0.008276565178844342,-0.02341332043229627,563.2969546337868,241.62992452579223,
45090,2452.38,2468.7928,2452.38,2468.4621,2452.38,2468.7928,2452.38,2468.4621,16.41280000000006,26.94949064179061,2469.1055,2403.2544,1,,2396.033130381404,2200,229648.3263378676,5430616.62,0.0,27295.400000000373,5660264.9463378675,0.004845650198436857,-0.018681122994658406,566.0264946337867,242.85054147106823,
45091,2468.1629,2478.7832,2461.3003,2474.1855,2468.1629,2478.7832,2461.3003,2474.1855,17.482899999999972,26.047910580667693,2469.1055,2409.417,1,,2396.033130381404,2200,229648.3263378676,5443208.100000001,0.0,12591.480000000447,5672856.426337868,0.002224538978188084,-0.016498140902728164,567.2856426337868,243.4136170755328,
45092,2472.0906,2482.2733,2468.229,2480.4503,2472.0906,2482.2733,2468.229,2480.4503,14.044300000000021,24.904709572985055,2478.7832,2409.417,1,,2396.033130381404,2200,229648.3263378676,5456990.66,0.0,13782.55999999959,5686638.986337868,0.0024295626337396126,-0.014108661535652156,568.6638986337867,244.02995632263247,
45093,2478.8909,2505.79,2471.5834,2504.0613,2478.8909,2505.79,2471.5834,2504.0613,34.20659999999998,25.79060389936743,2482.2733,2409.417,1,,2396.033130381404,2200,229648.3263378676,5508934.859999999,0.0,51944.199999999255,5738583.186337867,0.009134428987807253,-0.0051031071147552565,573.8583186337867,246.35283749414137,
45096,2505.9305,2520.7422,2505.6191,2516.3338,2505.9305,2520.7422,2505.6191,2516.3338,16.680900000000292,24.923013051808653,2505.79,2409.417,1,,2396.033130381404,2200,229648.3263378676,5535934.359999999,0.0,26999.5,5765582.686337867,0.004704906964541289,-0.0004222097944190928,576.5582686337867,247.56022215287433,
45097,2513.4204,2517.7126,2501.1392,2508.2468,2513.4204,2517.7126,2501.1392,2508.2468,16.573399999999765,24.127811808779235,2520.7422,2409.417,1,,2396.033130381404,2200,229648.3263378676,5518142.96,0.0,-17791.39999999944,5747791.286337867,-0.0030857939202152407,-0.0035067008622177154,574.7791286337867,246.76461247797735,
45098,2505.069,2506.5198,2463.2788,2463.2788,2505.069,2506.5198,2463.2788,2463.2788,44.96799999999985,26.11259163651453,2520.7422,2409.417,1,,2396.033130381404,2200,229648.3263378676,5419213.36,0.0,-98929.59999999963,5648861.686337868,-0.01721175927788976,-0.02065810364900733,564.8861686337867,242.34060161353224,
45103,2447.8997,2463.2449,2399.7892,2404.3994,2447.8997,2463.2449,2399.7892,2404.3994,63.48959999999988,29.67230671875123,2520.7422,2409.417,0,2409.417,,0,5526655.224157867,0.0,3710.5021799999995,-122206.46218000073,5526655.224157867,-0.02163382092989896,-0.041845010863812426,552.6655224157868,236.54796895715413,SELL
45104,2404.1169,2450.7381,2404.1169,2450.7381,2404.1169,2450.7381,2404.1169,2450.7381,46.621200000000044,31.286487031251117,2520.7422,2399.7892,0,,,0,5526655.224157867,0.0,0.0,0.0,5526655.224157867,0.0,-0.041845010863812426,552.6655224157868,241.10683108676326,
45105,2445.7195,2445.7195,2380.2362,2436.0925,2445.7195,2445.7195,2380.2362,2436.0925,70.5019000000002,35.02128826637008,2520.7422,2399.7892,0,,,0,5526655.224157867,0.0,0.0,0.0,5526655.224157867,0.0,-0.041845010863812426,552.6655224157868,239.6659777351284,
45106,2431.5279,2476.2323,2431.0703,2467.6192,2431.5279,2476.2323,2431.0703,2467.6192,45.16200000000026,35.98707033623962,2520.7422,2380.2362,0,,,0,5526655.224157867,0.0,0.0,0.0,5526655.224157867,0.0,-0.041845010863812426,552.6655224157868,242.767615862688,
45107,2465.3664,2500.8933,2459.8063,2497.1526,2465.3664,2500.8933,2459.8063,2497.1526,41.08699999999999,36.47277792326442,2520.7422,2380.2362,0,,,0,5526655.224157867,0.0,0.0,0.0,5526655.224157867,0.0,-0.041845010863812426,552.6655224157868,245.6731505198665,
45110,2502.8103,2513.0479,2482.278,2497.8958,2502.8103,2513.0479,2482.278,2497.8958,30.769900000000234,35.929646692477355,2520.7422,2380.2362,0,,,0,5526655.224157867,0.0,0.0,0.0,5526655.224157867,0.0,-0.041845010863812426,552.6655224157868,245.7462675113817,
45111,2495.5628,2514.2321,2491.3074,2514.2321,2495.5628,2514.2321,2491.3074,2514.2321,22.92470000000003,34.691080340812846,2520.7422,2380.2362,0,,,0,5526655.224157867,0.0,0.0,0.0,5526655.224157867,0.0,-0.041845010863812426,552.6655224157868,247.3534541482087,
45112,2510.3794,2518.134,2489.9944,2493.7028,2510.3794,2518.134,2489.9944,2493.7028,28.139599999999973,34.067129832164,2520.7422,2380.2362,0,,,0,5526655.224157867,0.0,0.0,0.0,5526655.224157867,0.0,-0.041845010863812426,552.6655224157868,245.33375466770138,
45113,2488.8438,2506.2214,2480.6051,2495.6854,2488.8438,2506.2214,2480.6051,2495.6854,25.616299999999683,33.2622888957674,2520.7422,2380.2362,0,,,0,5526655.224157867,0.0,0.0,0.0,5526655.224157867,0.0,-0.041845010863812426,552.6655224157868,245.5288054580378,
45114,2489.6535,2492.9792,2466.3413,2477.292,2489.6535,2492.9792,2466.3413,2477.292,29.3440999999998,32.889128048551434,2520.7422,2380.2362,0,,,0,5526655.224157867,0.0,0.0,0.0,5526655.224157867,0.0,-0.041845010863812426,552.6655224157868,243.7192386230866,
45117,2483.0708,2487.4676,2465.8955,2472.4857,2483.0708,2487.4676,2465.8955,2472.4857,21.572099999999864,31.811315853451283,2520.7422,2380.2362,0,,,0,5526655.224157867,0.0,0.0,0.0,5526655.224157867,0.0,-0.041845010863812426,552.6655224157868,243.24638852039624,
45118,2474.2918,2490.8247,2465.9129,2490.8247,2474.2918,2490.8247,2465.9129,2490.8247,24.911800000000312,31.15421910550357,2520.7422,2380.2362,0,,,0,5526655.224157867,0.0,0.0,0.0,5526655.224157867,0.0,-0.041845010863812426,552.6655224157868,245.05060341194263,
45119,2490.2573,2494.5836,2452.8635,2454.7614,2490.2573,2494.5836,2452.8635,2454.7614,41.7201,32.16049347640799,2520.7422,2380.2362,0,,,0,5526655.224157867,0.0,0.0,0.0,5526655.224157867,0.0,-0.041845010863812426,552.6655224157868,241.5026486216975,
45120,2457.4749,2480.8852,2457.2659,2479.3856,2457.4749,2480.8852,2457.2659,2479.3856,26.1238000000003,31.585570288178687,2520.7422,2431.0703,0,,,0,5526655.224157867,0.0,0.0,0.0,5526655.224157867,0.0,-0.041845010863812426,552.6655224157868,243.92520973912028,
45121,2480.3603,2492.6762,2469.774,2481.8374,2480.3603,2492.6762,2469.774,2481.8374,22.902199999999993,30.75858264168548,2520.7422,2452.8635,0,,,0,5526655.224157867,0.0,0.0,0.0,5526655.224157867,0.0,-0.041845010863812426,552.6655224157868,244.16642104132288,
45124,2474.3025,2475.6519,2457.7876,2475.6519,2474.3025,2475.6519,2457.7876,2475.6519,24.049799999999777,30.119650961524936,2520.7422,2452.8635,0,,,0,5526655.224157867,0.0,0.0,0.0,5526655.224157867,0.0,-0.041845010863812426,552.6655224157868,243.55788343231146,
45125,2476.2771,2482.696,2459.8486,2471.494,2476.2771,2482.696,2459.8486,2471.494,22.847400000000107,29.427055631855904,2520.7422,2452.8635,0,,,0,5526655.224157867,0.0,0.0,0.0,5526655.224157867,0.0,-0.041845010863812426,552.6655224157868,243.14882377270294,
45126,2469.9571,2481.1163,2453.3833,2465.8657,2469.9571,2481.1163,2453.3833,2465.8657,27.733000000000175,29.265717000250596,2520.7422,2452.8635,0,,,0,5526655.224157867,0.0,0.0,0.0,5526655.224157867,0.0,-0.041845010863812426,552.6655224157868,242.59510423106542,
45127,2466.9765,2467.8712,2427.9717,2430.7713,2466.9765,2467.8712,2427.9717,2430.7713,39.89949999999999,30.278458238321967,2518.134,2452.8635,0,,,0,5526655.224157867,0.0,0.0,0.0,5526655.224157867,0.0,-0.041845010863812426,552.6655224157868,239.1424710945865,
45128,2425.6745,2440.4323,2410.2994,2417.261,2425.6745,2440.4323,2410.2994,2417.261,30.132900000000063,30.264595548957974,2518.134,2427.9717,0,,,0,5526655.224157867,0.0,0.0,0.0,5526655.224157867,0.0,-0.041845010863812426,552.6655224157868,237.81331004713252,
45131,2413.7255,2435.1236,2400.9897,2420.2864,2413.7255,2435.1236,2400.9897,2420.2864,34.13389999999981,30.63310073477148,2518.134,2410.2994,0,,,0,5526655.224157867,0.0,0.0,0.0,5526655.224157867,0.0,-0.041845010863812426,552.6655224157868,238.11095287023542,
45132,2436.2974,2455.9053,2431.0946,2455.9053,2436.2974,2455.9053,2431.0946,2455.9053,35.61889999999994,31.107938760031335,2518.134,2400.9897,0,,,0,5526655.224157867,0.0,0.0,0.0,5526655.224157867,0.0,-0.041845010863812426,552.6655224157868,241.61518700516655,
45133,2453.2524,2453.2524,2428.3574,2433.666,2453.2524,2453.2524,2428.3574,2433.666,27.547900000000027,30.768887449552164,2518.134,2400.9897,0,,,0,5526655.224157867,0.0,0.0,0.0,5526655.224157867,0.0,-0.041845010863812426,552.6655224157868,239.42725548013425,
45134,2433.0257,2444.4009,2411.5604,2414.1872,2433.0257,2444.4009,2411.5604,2414.1872,32.84050000000025,30.966183882928174,2518.134,2400.9897,0,,,0,5526655.224157867,0.0,0.0,0.0,5526655.224157867,0.0,-0.041845010863812426,552.6655224157868,237.51090556850033,
45135,2409.0345,2425.1712,2392.9491,2422.4293,2409.0345,2425.1712,2392.9491,2422.4293,32.22210000000041,31.085794941696957,2518.134,2400.9897,0,,,0,5526655.224157867,0.0,0.0,0.0,5526655.224157867,0.0,-0.041845010863812426,552.6655224157868,238.32177418497963,
45138,2423.6728,2445.0665,2420.5929,2445.0665,2423.6728,2445.0665,2420.5929,2445.0665,24.473599999999806,30.456062090106755,2518.134,2392.9491,0,,,0,5526655.224157867,0.0,0.0,0.0,5526655.224157867,0.0,-0.041845010863812426,552.6655224157868,240.54885163429068,
45139,2443.5337,2443.5337,2424.9595,2437.4476,2443.5337,2443.5337,2424.9595,2437.4476,20.10699999999997,29.470437129144205,2518.134,2392.9491,0,,,0,5526655.224157867,0.0,0.0,0.0,5526655.224157867,0.0,-0.041845010863812426,552.6655224157868,239.79929425181598,
45140,2433.2335,2438.9293,2427.3806,2437.0407,2433.2335,2438.9293,2427.3806,2437.0407,11.548699999999826,27.763605021606644,2518.134,2392.9491,0,,,0,5526655.224157867,0.0,0.0,0.0,5526655.224157867,0.0,-0.041845010863812426,552.6655224157868,239.75926289572405,
45141,2427.9616,2434.8314,2421.0224,2431.1331,2427.9616,2434.8314,2421.0224,2431.1331,16.01830000000018,26.645004543358407,2506.2214,2392.9491,0,,,0,5526655.224157867,0.0,0.0,0.0,5526655.224157867,0.0,-0.041845010863812426,552.6655224157868,239.1780654534808,
45142,2433.7754,2444.4422,2430.1889,2437.7583,2433.7754,2444.4422,2430.1889,2437.7583,14.253299999999854,25.46484220589569,2494.5836,2392.9491,0,,,0,5526655.224157867,0.0,0.0,0.0,5526655.224157867,0.0,-0.041845010863812426,552.6655224157868,239.829861325637,
45145,2435.1284,2438.5291,2421.7651,2427.8501,2435.1284,2438.5291,2421.7651,2427.8501,16.764000000000124,24.63619056723897,2494.5836,2392.9491,0,,,0,5526655.224157867,0.0,0.0,0.0,5526655.224157867,0.0,-0.041845010863812426,552.6655224157868,238.85507960425528,
45146,2427.0574,2432.0768,2415.748,2421.3753,2427.0574,2432.0768,2415.748,2421.3753,16.328799999999774,23.845010513216188,2494.5836,2392.9491,0,,,0,5526655.224157867,0.0,0.0,0.0,5526655.224157867,0.0,-0.041845010863812426,552.6655224157868,238.21808028151224,
45147,2414.1809,2414.2833,2391.0458,2393.0662,2414.1809,2414.2833,2391.0458,2393.0662,30.32950000000028,24.46258094052896,2494.5836,2392.9491,0,,,0,5526655.224157867,0.0,0.0,0.0,5526655.224157867,0.0,-0.041845010863812426,552.6655224157868,235.43299386533488,
45148,2390.7459,2401.3807,2386.5771,2397.5786,2390.7459,2401.3807,2386.5771,2397.5786,14.803600000000188,23.54267799381193,2492.6762,2391.0458,0,,,0,5526655.224157867,0.0,0.0,0.0,5526655.224157867,0.0,-0.041845010863812426,552.6655224157868,235.87692970025574,
45149,2399.8326,2399.8326,2358.8836,2358.8836,2399.8326,2399.8326,2358.8836,2358.8836,40.94900000000007,25.20042294678223,2492.6762,2386.5771,0,,,0,5526655.224157867,0.0,0.0,0.0,5526655.224157867,0.0,-0.041845010863812426,552.6655224157868,232.07006480967348,
45152,2342.4958,2376.0487,2336.3099,2376.0487,2342.4958,2376.0487,2336.3099,2376.0487,39.73879999999963,26.585030285183887,2482.696,2358.8836,0,,,0,5526655.224157867,0.0,0.0,0.0,5526655.224157867,0.0,-0.041845010863812426,552.6655224157868,233.7587898783731,
45153,2376.4398,2379.2787,2340.3512,2356.5485,2376.4398,2379.2787,2340.3512,2356.5485,38.92749999999978,27.760503591356827,2482.696,2336.3099,0,,,0,5526655.224157867,0.0,0.0,0.0,5526655.224157867,0.0,-0.041845010863812426,552.6655224157868,231.84033460664986,
45154,2351.3815,2353.0376,2327.8442,2327.8442,2351.3815,2353.0376,2327.8442,2327.8442,28.704299999999876,27.850388963608545,2481.1163,2336.3099,0,,,0,5526655.224157867,0.0,0.0,0.0,5526655.224157867,0.0,-0.041845010863812426,552.6655224157868,229.01636789573786,
45155,2321.7779,2363.8723,2307.4594,2363.4885,2321.7779,2363.8723,2307.4594,2363.4885,56.41289999999981,30.570628109931523,2467.8712,2327.8442,0,,,0,5526655.224157867,0.0,0.0,0.0,5526655.224157867,0.0,-0.041845010863812426,552.6655224157868,232.5231009160087,
45156,2361.3564,2371.0776,2322.2472,2322.2472,2361.3564,2371.0776,2322.2472,2322.2472,48.83040000000028,32.30965400422379,2455.9053,2307.4594,0,,,0,5526655.224157867,0.0,0.0,0.0,5526655.224157867,0.0,-0.041845010863812426,552.6655224157868,228.4657276891843,
45159,2319.6304,2343.9621,2311.4968,2311.5571,2319.6304,2343.9621,2311.4968,2311.5571,32.4653000000003,32.324477432392975,2455.9053,2307.4594,0,,,0,5526655.224157867,0.0,0.0,0.0,5526655.224157867,0.0,-0.041845010863812426,552.6655224157868,227.4140216194902,
45160,2321.3851,2333.7562,2280.1785,2328.5342,2321.3851,2333.7562,2280.1785,2328.5342,53.57769999999982,34.34859386740315,2455.9053,2307.4594,0,,,0,5526655.224157867,0.0,0.0,0.0,5526655.224157867,0.0,-0.041845010863812426,552.6655224157868,229.08425100142335,
45161,2322.9252,2322.9252,2289.6446,2289.6446,2322.9252,2322.9252,2289.6446,2289.6446,38.88959999999997,34.78107064193618,2453.2524,2280.1785,0,,,0,5526655.224157867,0.0,0.0,0.0,5526655.224157867,0.0,-0.041845010863812426,552.6655224157868,225.25824110741155,
45162,2294.3701,2310.6815,2268.1917,2290.2478,2294.3701,2310.6815,2268.1917,2290.2478,42.48980000000029,35.515235342704194,2445.0665,2280.1785,0,,,0,5526655.224157867,0.0,0.0,0.0,5526655.224157867,0.0,-0.041845010863812426,552.6655224157868,225.31758471516446,
45163,2278.7467,2287.4805,2228.9837,2237.1907,2278.7467,2287.4805,2228.9837,2237.1907,61.26409999999987,37.96750816720855,2445.0665,2268.1917,0,,,0,5526655.224157867,0.0,0.0,0.0,5526655.224157867,0.0,-0.041845010863812426,552.6655224157868,220.0977575750659,
45166,2353.8576,2354.0891,2250.7518,2256.5221,2353.8576,2354.0891,2250.7518,2256.5221,116.89840000000004,45.48473596080774,2445.0665,2228.9837,0,,,0,5526655.224157867,0.0,0.0,0.0,5526655.224157867,0.0,-0.041845010863812426,552.6655224157868,221.9996060812244,
45167,2250.5929,2341.1577,2249.6089,2341.123,2250.5929,2341.1577,2249.6089,2341.123,91.54880000000003,49.87178967882605,2444.4422,2228.9837,0,,,0,5526655.224157867,0.0,0.0,0.0,5526655.224157867,0.0,-0.041845010863812426,552.6655224157868,230.3227536693278,
45168,2341.8748,2372.5174,2341.7064,2362.7771,2341.8748,2372.5174,2341.7064,2362.7771,31.394400000000132,48.112038280842626,2444.4422,2228.9837,0,,,0,5526655.224157867,0.0,0.0,0.0,5526655.224157867,0.0,-0.041845010863812426,552.6655224157868,232.45311245023376,
45169,2357.2893,2357.2893,2343.0519,2349.2547,2357.2893,2357.2893,2343.0519,2349.2547,19.72519999999986,45.408529873143316,2444.4422,2228.9837,0,,,0,5526655.224157867,0.0,0.0,0.0,5526655.224157867,0.0,-0.041845010863812426,552.6655224157868,231.12276098889745,
45170,2351.6176,2358.7945,2339.2605,2347.6441,2351.6176,2358.7945,2339.2605,2347.6441,19.534000000000106,42.94428893284397,2444.4422,2228.9837,0,,,0,5526655.224157867,0.0,0.0,0.0,5526655.224157867,0.0,-0.041845010863812426,552.6655224157868,230.96430804684366,
45173,2353.5513,2379.497,2348.5905,2379.497,2353.5513,2379.497,2348.5905,2379.497,31.852899999999863,41.887966177335,2438.5291,2228.9837,0,,,0,5526655.224157867,0.0,0.0,0.0,5526655.224157867,0.0,-0.041845010863812426,552.6655224157868,234.0980381585694,
45174,2374.3614,2379.3446,2362.4593,2369.798,2374.3614,2379.3446,2362.4593,2369.798,17.03769999999986,39.52127416044594,2432.0768,2228.9837,0,,,0,5526655.224157867,0.0,0.0,0.0,5526655.224157867,0.0,-0.041845010863812426,552.6655224157868,233.14383780778098,
45175,2362.2473,2385.6723,2352.9911,2384.7728,2362.2473,2385.6723,2352.9911,2384.7728,32.68119999999999,38.86983852611775,2414.2833,2228.9837,0,,,0,5526655.224157867,0.0,0.0,0.0,5526655.224157867,0.0,-0.041845010863812426,552.6655224157868,234.61707828751977,
45176,2380.0943,2380.2392,2343.3125,2343.3125,2380.0943,2380.2392,2343.3125,2343.3125,41.46030000000019,39.11654914267799,2401.3807,2228.9837,0,,,0,5526655.224157867,0.0,0.0,0.0,5526655.224157867,0.0,-0.041845010863812426,552.6655224157868,230.53815955323867,
45177,2336.9731,2359.0914,2331.7651,2351.0415,2336.9731,2359.0914,2331.7651,2351.0415,27.32629999999972,37.993668271946724,2399.8326,2228.9837,0,,,0,5526655.224157867,0.0,0.0,0.0,5526655.224157867,0.0,-0.041845010863812426,552.6655224157868,231.2985487182292,
45180,2351.9425,2381.8113,2336.8905,2375.7077,2351.9425,2381.8113,2336.8905,2375.7077,44.92079999999987,38.65339510318989,2385.6723,2249.6089,0,,,0,5526655.224157867,0.0,0.0,0.0,5526655.224157867,0.0,-0.041845010863812426,552.6655224157868,233.72524185078075,
45181,2372.8803,2383.7686,2367.2512,2375.7096,2372.8803,2383.7686,2367.2512,2375.7096,16.517399999999725,36.545205093362256,2385.6723,2249.6089,0,,,0,5526655.224157867,0.0,0.0,0.0,5526655.224157867,0.0,-0.041845010863812426,552.6655224157868,233.72542877527468,
45182,2369.9961,2370.8447,2326.1181,2345.2191,2369.9961,2370.8447,2326.1181,2345.2191,49.591499999999996,37.7877093701849,2385.6723,2331.7651,0,,,0,5526655.224157867,0.0,0.0,0.0,5526655.224157867,0.0,-0.041845010863812426,552.6655224157868,230.72573336381842,
45183,2342.4767,2342.894,2311.3971,2323.904,2342.4767,2342.894,2311.3971,2323.904,33.82199999999966,37.41002276350059,2385.6723,2326.1181,0,,,0,5526655.224157867,0.0,0.0,0.0,5526655.224157867,0.0,-0.041845010863812426,552.6655224157868,228.62872584787968,
45184,2328.0578,2342.3807,2317.3382,2327.3627,2328.0578,2342.3807,2317.3382,2327.3627,25.042500000000018,36.23216345269101,2385.6723,2311.3971,0,,,0,5526655.224157867,0.0,0.0,0.0,5526655.224157867,0.0,-0.041845010863812426,552.6655224157868,228.96899729372686,
45187,2321.1059,2348.6054,2308.8327,2341.3401,2321.1059,2348.6054,2308.8327,2341.3401,39.772699999999986,36.569357409577584,2385.6723,2311.3971,0,,,0,5526655.224157867,0.0,0.0,0.0,5526655.224157867,0.0,-0.041845010863812426,552.6655224157868,230.34411225229059,
45188,2336.3809,2336.3888,2306.7313,2311.2522,2336.3809,2336.3888,2306.7313,2311.2522,34.608799999999974,36.38263765628447,2385.6723,2308.8327,0,,,0,5526655.224157867,0.0,0.0,0.0,5526655.224157867,0.0,-0.041845010863812426,552.6655224157868,227.3840251572822,
45189,2305.1361,2316.4859,2291.1967,2291.2544,2305.1361,2316.4859,2291.1967,2291.2544,25.289200000000164,35.3261197842574,2385.6723,2306.7313,0,,,0,5526655.224157867,0.0,0.0,0.0,5526655.224157867,0.0,-0.041845010863812426,552.6655224157868,225.41661534441525,
45190,2286.1964,2300.0699,2271.5294,2276.1291,2286.1964,2300.0699,2271.5294,2276.1291,28.540500000000065,34.6798702809948,2385.6723,2291.1967,0,,,0,5526655.224157867,0.0,0.0,0.0,5526655.224157867,0.0,-0.041845010863812426,552.6655224157868,223.92856847713207,
45191,2271.766,2326.013,2266.1597,2326.013,2271.766,2326.013,2266.1597,2326.013,59.85329999999976,37.07733977804289,2385.6723,2271.5294,0,,,0,5526655.224157867,0.0,0.0,0.0,5526655.224157867,0.0,-0.041845010863812426,552.6655224157868,228.8362120361272,
45194,2325.6227,2333.8442,2313.5453,2320.3177,2325.6227,2333.8442,2313.5453,2320.3177,20.298899999999776,35.47939313251498,2385.6723,2266.1597,0,,,0,5526655.224157867,0.0,0.0,0.0,5526655.224157867,0.0,-0.041845010863812426,552.6655224157868,228.27590094654627,
45195,2315.1235,2327.4991,2307.6976,2313.5247,2315.1235,2327.4991,2307.6976,2313.5247,19.801500000000033,33.98626045322784,2385.6723,2266.1597,0,,,0,5526655.224157867,0.0,0.0,0.0,5526655.224157867,0.0,-0.041845010863812426,552.6655224157868,227.60759669013783,
45196,2310.6309,2337.5657,2303.8137,2322.8941,2310.6309,2337.5657,2303.8137,2322.8941,33.75199999999995,33.963949933872804,2385.6723,2266.1597,0,,,0,5526655.224157867,0.0,0.0,0.0,5526655.224157867,0.0,-0.041845010863812426,552.6655224157868,228.5293705602973,
45197,2328.59,2357.4574,2328.59,2354.1718,2328.59,2357.4574,2328.59,2354.1718,34.5632999999998,34.021030892551565,2385.6723,2266.1597,0,,,0,5526655.224157867,0.0,0.0,0.0,5526655.224157867,0.0,-0.041845010863812426,552.6655224157868,231.60651174102262,
45208,2353.2523,2353.8649,2336.756,2347.0921,2353.2523,2353.8649,2336.756,2347.0921,17.415800000000218,32.4395803313562,2385.6723,2266.1597,0,,,0,5526655.224157867,0.0,0.0,0.0,5526655.224157867,0.0,-0.041845010863812426,552.6655224157868,230.9100015622952,
45209,2352.7387,2361.6271,2344.7949,2347.5181,2352.7387,2361.6271,2344.7949,2347.5181,16.832200000000284,30.95316315694135,2385.6723,2266.1597,0,,,0,5526655.224157867,0.0,0.0,0.0,5526655.224157867,0.0,-0.041845010863812426,552.6655224157868,230.9519120014576,
45210,2349.6119,2363.4166,2336.638,2355.6589,2349.6119,2363.4166,2336.638,2355.6589,26.778600000000097,30.555585713423135,2385.6723,2266.1597,0,,,0,5526655.224157867,0.0,0.0,0.0,5526655.224157867,0.0,-0.041845010863812426,552.6655224157868,231.75281459097178,
45211,2361.4441,2366.3147,2350.2628,2366.3147,2361.4441,2366.3147,2350.2628,2366.3147,16.051899999999932,29.174282312144733,2385.6723,2266.1597,0,,,0,5526655.224157867,0.0,0.0,0.0,5526655.224157867,0.0,-0.041845010863812426,552.6655224157868,232.80114618164416,
45212,2357.8046,2362.129,2350.0717,2354.9898,2357.8046,2362.129,2350.0717,2354.9898,16.242999999999938,27.94273161574999,2383.7686,2266.1597,0,,,0,5526655.224157867,0.0,0.0,0.0,5526655.224157867,0.0,-0.041845010863812426,552.6655224157868,231.68698765471936,
45215,2356.8837,2357.7897,2329.2579,2341.6275,2356.8837,2357.7897,2329.2579,2341.6275,28.53179999999975,27.998833366630922,2383.7686,2266.1597,0,,,0,5526655.224157867,0.0,0.0,0.0,5526655.224157867,0.0,-0.041845010863812426,552.6655224157868,230.37238704152833,
45216,2339.4466,2340.455,2318.993,2334.6514,2339.4466,2340.455,2318.993,2334.6514,22.634500000000116,27.487944474570845,2383.7686,2303.8137,0,,,0,5526655.224157867,0.0,0.0,0.0,5526655.224157867,0.0,-0.041845010863812426,552.6655224157868,229.68606916678507,
45217,2324.9959,2324.9959,2289.1085,2289.8274,2324.9959,2324.9959,2289.1085,2289.8274,45.54290000000037,29.207464048421276,2383.7686,2303.8137,0,,,0,5526655.224157867,0.0,0.0,0.0,5526655.224157867,0.0,-0.041845010863812426,552.6655224157868,225.27622521135257,
45218,2280.152,2307.1569,2267.5888,2268.0419,2280.152,2307.1569,2267.5888,2268.0419,39.56809999999996,30.19419128190496,2370.8447,2289.1085,0,,,0,5526655.224157867,0.0,0.0,0.0,5526655.224157867,0.0,-0.041845010863812426,552.6655224157868,223.13293912597257,
45219,2257.4026,2275.9548,2235.3714,2237.7028,2257.4026,2275.9548,2235.3714,2237.7028,40.58339999999998,31.183639731247343,2366.3147,2267.5888,0,,,0,5526655.224157867,0.0,0.0,0.0,5526655.224157867,0.0,-0.041845010863812426,552.6655224157868,220.14813864524208,
45222,2229.5274,2229.6122,2173.9791,2183.4598,2229.5274,2229.6122,2173.9791,2183.4598,63.72370000000001,34.28269309017617,2366.3147,2235.3714,0,,,0,5526655.224157867,0.0,0.0,0.0,5526655.224157867,0.0,-0.041845010863812426,552.6655224157868,214.8116411065458,
45223,2191.2734,2241.8017,2185.8371,2240.336,2191.2734,2241.8017,2185.8371,2240.336,58.341899999999896,36.574046129207,2366.3147,2173.9791,0,,,0,5526655.224157867,0.0,0.0,0.0,5526655.224157867,0.0,-0.041845010863812426,552.6655224157868,220.4071963175481,
45224,2251.078,2283.1359,2250.8407,2280.0128,2251.078,2283.1359,2250.8407,2280.0128,42.799900000000434,37.16698459309209,2366.3147,2173.9791,0,,,0,5526655.224157867,0.0,0.0,0.0,5526655.224157867,0.0,-0.041845010863812426,552.6655224157868,224.31065198082902,
45225,2267.5321,2292.11,2256.3974,2291.1288,2267.5321,2292.11,2256.3974,2291.1288,35.71260000000029,37.028471774702396,2366.3147,2173.9791,0,,,0,5526655.224157867,0.0,0.0,0.0,5526655.224157867,0.0,-0.041845010863812426,552.6655224157868,225.40425865155424,
45226,2284.2519,2324.1289,2274.928,2317.3683,2284.2519,2324.1289,2274.928,2317.3683,49.200900000000274,38.187750653302196,2366.3147,2173.9791,0,,,0,5526655.224157867,0.0,0.0,0.0,5526655.224157867,0.0,-0.041845010863812426,552.6655224157868,227.98573510320003,
45229,2309.46,2353.6838,2309.46,2350.8481,2309.46,2353.6838,2309.46,2350.8481,44.223799999999756,38.76261249584482,2366.3147,2173.9791,0,,,0,5526655.224157867,0.0,0.0,0.0,5526655.224157867,0.0,-0.041845010863812426,552.6655224157868,231.27952177237478,
45230,2350.0303,2356.0881,2323.8298,2336.7277,2350.0303,2356.0881,2323.8298,2336.7277,32.25829999999996,38.143154162907216,2366.3147,2173.9791,0,,,0,5526655.224157867,0.0,0.0,0.0,5526655.224157867,0.0,-0.041845010863812426,552.6655224157868,229.89033828611096,
45231,2335.6043,2350.3223,2329.8048,2343.4479,2335.6043,2350.3223,2329.8048,2343.4479,20.517499999999927,36.46452043310652,2366.3147,2173.9791,0,,,0,5526655.224157867,0.0,0.0,0.0,5526655.224157867,0.0,-0.041845010863812426,552.6655224157868,230.55148038296304,
45232,2342.9711,2353.3268,2316.9892,2317.0916,2342.9711,2353.3268,2316.9892,2317.0916,36.33759999999984,36.452432772810646,2366.3147,2173.9791,0,,,0,5526655.224157867,0.0,0.0,0.0,5526655.224157867,0.0,-0.041845010863812426,552.6655224157868,227.95851299400704,
45233,2320.9841,2351.5634,2320.9841,2347.3122,2320.9841,2351.5634,2320.9841,2347.3122,34.4717999999998,36.263801080162,2366.3147,2173.9791,0,,,0,5526655.224157867,0.0,0.0,0.0,5526655.224157867,0.0,-0.041845010863812426,552.6655224157868,230.9316552891958,
45236,2358.6197,2403.937,2358.6197,2403.937,2358.6197,2403.937,2358.6197,2403.937,56.62480000000005,38.20294383443228,2366.3147,2173.9791,1,2366.3147,2330.050898919838,2300,83042.90939586743,5529055.1,1088.504762,85442.78523799963,5612098.009395867,0.015460125839678929,-0.02703181415785072,561.2098009395867,236.5024774382136,BUY
45237,2402.3149,2431.2091,2393.7044,2427.0914,2402.3149,2431.2091,2393.7044,2427.0914,37.50469999999996,38.13644442162921,2403.937,2185.8371,1,,2330.050898919838,2300,83042.90939586743,5582310.22,0.0,53255.12000000011,5665353.129395867,0.009489342472430051,-0.017798985827615632,566.5353129395867,238.78043770239495,
45238,2426.9574,2446.4168,2422.1463,2439.0256,2426.9574,2446.4168,2422.1463,2439.0256,24.270500000000084,36.81587828623596,2431.2091,2250.8407,1,,2330.050898919838,2300,83042.90939586743,5609758.88,0.0,27448.66000000015,5692801.789395867,0.00484500425182266,-0.013040217737805948,569.2801789395867,239.95453996307944,
45239,2437.4635,2447.672,2412.2942,2418.9132,2437.4635,2447.672,2412.2942,2418.9132,35.37780000000021,36.6789184494516,2446.4168,2256.3974,1,,2330.050898919838,2300,83042.90939586743,5563500.36,0.0,-46258.51999999955,5646543.269395867,-0.008125791431236262,-0.021060047079486832,564.6543269395868,237.97585565178997,
45240,2407.4924,2418.5878,2395.1422,2412.524,2407.4924,2418.5878,2395.1422,2412.524,23.771000000000186,35.44959288283718,2447.672,2274.928,1,,2330.050898919838,2300,83042.90939586743,5548805.2,0.0,-14695.160000000149,5631848.109395867,-0.0026025055151259746,-0.023607743705939654,563.1848109395867,237.34727776940443,
45243,2419.9559,2442.6052,2419.6206,2442.6052,2419.9559,2442.6052,2419.6206,2442.6052,30.08120000000008,34.93831737018603,2447.672,2309.46,1,,2330.050898919838,2300,83042.90939586743,5617991.96,0.0,69186.75999999978,5701034.869395867,0.012284912280317473,-0.011612850486185877,570.1034869395867,240.30670570961848,
45244,2440.8154,2462.2259,2434.7292,2462.2259,2440.8154,2462.2259,2434.7292,2462.2259,27.49669999999969,34.229591906358756,2447.672,2316.9892,1,,2330.050898919838,2300,83042.90939586743,5663119.569999999,0.0,45127.609999999404,5746162.479395866,0.007915687420586126,-0.0037890867601104716,574.6162479395866,242.2370159295086,
45245,2476.11,2481.6321,2462.1062,2478.2475,2476.11,2481.6321,2462.1062,2478.2475,19.525899999999638,32.829240296229315,2462.2259,2316.9892,1,,2330.050898919838,2300,83042.90939586743,5699969.25,0.0,36849.68000000063,5783012.159395867,0.006412919949989826,0.0,578.3012159395868,243.8132419672642,
45246,2471.6241,2481.2688,2464.4322,2464.7651,2471.6241,2481.2688,2464.4322,2464.7651,16.836599999999635,31.30613169658839,2481.6321,2316.9892,1,,2330.050898919838,2300,83042.90939586743,5668959.73,0.0,-31009.519999999553,5752002.6393958675,-0.005362174442192225,-0.005362174442192225,575.2002639395868,242.4868257584314,
45247,2459.6284,2489.4081,2458.3908,2489.4081,2459.6284,2489.4081,2458.3908,2489.4081,31.017299999999977,31.278623915960925,2481.6321,2320.9841,1,,2330.050898919838,2300,83042.90939586743,5725638.63,0.0,56678.89999999944,5808681.539395867,0.009853768079277625,0.0,580.8681539395867,244.91123644453086,
45250,2492.3658,2515.5039,2488.8427,2515.5039,2492.3658,2515.5039,2488.8427,2515.5039,26.661200000000008,30.83886925729798,2489.4081,2358.6197,1,,2330.050898919838,2300,83042.90939586743,5785658.970000001,0.0,60020.34000000078,5868701.879395868,0.010332868068756884,0.0,586.8701879395868,247.47857550155777,
45251,2517.3379,2521.1303,2492.3302,2498.3745,2517.3379,2521.1303,2492.3302,2498.3745,28.80009999999993,30.644700756602926,2515.5039,2393.7044,1,,2330.050898919838,2300,83042.90939586743,5746261.35,0.0,-39397.62000000104,5829304.259395867,-0.00671317453325071,-0.00671317453325071,582.9304259395867,245.79336264571748,
45252,2490.3798,2503.1987,2472.203,2472.203,2490.3798,2503.1987,2472.203,2472.203,30.995699999999943,30.67812925597407,2521.1303,2395.1422,1,,2330.050898919838,2300,83042.90939586743,5686066.9,0.0,-60194.449999999255,5769109.809395867,-0.010326180847907485,-0.01697003392686436,576.9109809395867,243.21857612332764,
45253,2468.5739,2495.6148,2462.0335,2493.7617,2468.5739,2495.6148,2462.0335,2493.7617,33.58129999999983,30.954621707786046,2521.1303,2395.1422,1,,2330.050898919838,2300,83042.90939586743,5735651.91,0.0,49585.00999999978,5818694.819395867,0.00859491527085221,-0.008520974659756986,581.8694819395868,245.33954932701278,
45254,2493.5103,2493.7846,2454.9872,2462.2967,2493.5103,2493.7846,2454.9872,2462.2967,38.797399999999925,31.701552973711177,2521.1303,2395.1422,1,,2330.050898919838,2300,83042.90939586743,5663282.41,0.0,-72369.5,5746325.319395867,-0.012437411180040825,-0.020852406974299798,574.6325319395867,242.24398132643978,
45257,2457.5566,2471.9948,2448.6021,2464.1203,2457.5566,2471.9948,2448.6021,2464.1203,23.392699999999877,30.91023364288153,2521.1303,2419.6206,1,,2330.050898919838,2300,83042.90939586743,5667476.69,0.0,4194.280000000261,5750519.599395867,0.0007299064648920162,-0.020137720816066795,575.0519599395868,242.42338948807478,
45258,2459.7405,2481.7317,2451.7321,2481.7317,2459.7405,2481.7317,2451.7321,2481.7317,29.999599999999646,30.823506629273734,2521.1303,2434.7292,1,,2330.050898919838,2300,83042.90939586743,5707982.909999999,0.0,40506.21999999881,5791025.819395866,0.0070439234750636626,-0.013235645905393612,579.1025819395866,244.15602213658235,
45259,2480.4842,2487.6583,2465.357,2468.8651,2480.4842,2487.6583,2465.357,2468.8651,22.301300000000083,30.011867902676244,2521.1303,2448.6021,1,,2330.050898919838,2300,83042.90939586743,5678389.7299999995,0.0,-29593.179999999702,5761432.639395867,-0.005110179253714153,-0.01827818863599251,576.1432639395866,242.89018914004106,
45260,2464.8979,2470.6371,2429.8897,2453.679,2464.8979,2470.6371,2429.8897,2453.679,40.74739999999974,31.03429953099277,2521.1303,2448.6021,0,2448.6021,,0,5710885.490014867,0.0,3942.249381,-50547.14938099962,5710885.490014867,-0.008773364637705838,-0.02689119205987789,571.0885490014867,241.39616068895253,SELL
45261,2451.9705,2481.9682,2444.5489,2477.4616,2451.9705,2481.9682,2444.5489,2477.4616,37.41930000000002,31.642394813755363,2521.1303,2429.8897,0,,,0,5710885.490014867,0.0,0.0,0.0,5710885.490014867,0.0,-0.02689119205987789,571.0885490014867,243.7359240937015,
45264,2478.3926,2491.5607,2475.749,2481.3509,2478.3926,2491.5607,2475.749,2481.3509,15.8117000000002,30.134709593397726,2521.1303,2429.8897,0,,,0,5710885.490014867,0.0,0.0,0.0,5710885.490014867,0.0,-0.02689119205987789,571.0885490014867,244.11855853274895,
45265,2477.5149,2477.5149,2434.551,2434.551,2477.5149,2477.5149,2434.551,2434.551,46.79989999999998,31.721870584502703,2521.1303,2429.8897,0,,,0,5710885.490014867,0.0,0.0,0.0,5710885.490014867,0.0,-0.02689119205987789,571.0885490014867,239.5143229417744,
45266,2428.9019,2463.5193,2426.6353,2446.7522,2428.9019,2463.5193,2426.6353,2446.7522,36.884000000000015,32.21350195740721,2521.1303,2429.8897,0,,,0,5710885.490014867,0.0,0.0,0.0,5710885.490014867,0.0,-0.02689119205987789,571.0885490014867,240.7146930129198,
45267,2444.3991,2449.7796,2432.3666,2439.3611,2444.3991,2449.7796,2432.3666,2439.3611,17.41300000000001,30.80393034241605,2521.1303,2426.6353,0,,,0,5710885.490014867,0.0,0.0,0.0,5710885.490014867,0.0,-0.02689119205987789,571.0885490014867,239.98754689345265,
45268,2437.6155,2447.6791,2413.2812,2414.5082,2437.6155,2447.6791,2413.2812,2414.5082,34.397899999999936,31.146213166947845,2521.1303,2426.6353,0,,,0,5710885.490014867,0.0,0.0,0.0,5710885.490014867,0.0,-0.02689119205987789,571.0885490014867,237.54248596984104,
45271,2404.6301,2440.345,2390.5757,2440.345,2404.6301,2440.345,2390.5757,2440.345,49.76929999999993,32.91984048438138,2521.1303,2413.2812,0,,,0,5710885.490014867,0.0,0.0,0.0,5710885.490014867,0.0,-0.02689119205987789,571.0885490014867,240.0843442669077,
45272,2441.3853,2453.3284,2438.003,2453.2903,2441.3853,2453.3284,2438.003,2453.2903,15.325399999999718,31.24417948586884,2521.1303,2390.5757,0,,,0,5710885.490014867,0.0,0.0,0.0,5710885.490014867,0.0,-0.02689119205987789,571.0885490014867,241.35791987274965,
45273,2450.7975,2466.3169,2443.0153,2443.0153,2450.7975,2466.3169,2443.0153,2443.0153,23.30159999999978,30.4877433443575,2521.1303,2390.5757,0,,,0,5710885.490014867,0.0,0.0,0.0,5710885.490014867,0.0,-0.02689119205987789,571.0885490014867,240.34705188591073,
45274,2448.4111,2460.0983,2432.231,2433.7211,2448.4111,2460.0983,2432.231,2433.7211,27.867299999999886,30.23817731156154,2521.1303,2390.5757,0,,,0,5710885.490014867,0.0,0.0,0.0,5710885.490014867,0.0,-0.02689119205987789,571.0885490014867,239.43267629045786,
45275,2435.7527,2442.1316,2414.067,2420.8127,2435.7527,2442.1316,2414.067,2420.8127,28.064600000000155,30.031169948555693,2521.1303,2390.5757,0,,,0,5710885.490014867,0.0,0.0,0.0,5710885.490014867,0.0,-0.02689119205987789,571.0885490014867,238.16273095505034,
45278,2416.2611,2419.5218,2381.7595,2386.563,2416.2611,2419.5218,2381.7595,2386.563,39.05319999999983,30.890410905836088,2521.1303,2390.5757,0,,,0,5710885.490014867,0.0,0.0,0.0,5710885.490014867,0.0,-0.02689119205987789,571.0885490014867,234.79320051331433,
45279,2384.4906,2396.3735,2373.5187,2392.431,2384.4906,2396.3735,2373.5187,2392.431,22.85480000000007,30.1251146290898,2521.1303,2381.7595,0,,,0,5710885.490014867,0.0,0.0,0.0,5710885.490014867,0.0,-0.02689119205987789,571.0885490014867,235.37050205557915,
45280,2395.1002,2399.841,2362.9807,2362.9807,2395.1002,2399.841,2362.9807,2362.9807,36.860299999999825,30.766560854890756,2503.1987,2373.5187,0,,,0,5710885.490014867,0.0,0.0,0.0,5710885.490014867,0.0,-0.02689119205987789,571.0885490014867,232.47314288547668,
45281,2353.1485,2384.4154,2321.2204,2380.2369,2353.1485,2384.4154,2321.2204,2380.2369,63.19499999999971,33.854983630615415,2495.6148,2362.9807,0,,,0,5710885.490014867,0.0,0.0,0.0,5710885.490014867,0.0,-0.02689119205987789,571.0885490014867,234.17083049175304,
45282,2380.9211,2380.9211,2328.4777,2337.2158,2380.9211,2380.9211,2328.4777,2337.2158,52.44340000000011,35.625308999128244,2493.7846,2321.2204,0,,,0,5710885.490014867,0.0,0.0,0.0,5710885.490014867,0.0,-0.02689119205987789,571.0885490014867,229.938358204785,
45285,2333.1508,2339.5616,2310.8138,2331.3193,2333.1508,2339.5616,2310.8138,2331.3193,28.747800000000097,34.97030814206842,2491.5607,2321.2204,0,,,0,5710885.490014867,0.0,0.0,0.0,5710885.490014867,0.0,-0.02689119205987789,571.0885490014867,229.35825279511147,
45286,2330.4483,2330.4483,2289.982,2295.9741,2330.4483,2330.4483,2289.982,2295.9741,41.33730000000014,35.576688319014295,2491.5607,2310.8138,0,,,0,5710885.490014867,0.0,0.0,0.0,5710885.490014867,0.0,-0.02689119205987789,571.0885490014867,225.88094562543554,
45287,2297.1613,2318.5108,2285.81,2315.079,2297.1613,2318.5108,2285.81,2315.079,32.70080000000007,35.30279419339389,2491.5607,2289.982,0,,,0,5710885.490014867,0.0,0.0,0.0,5710885.490014867,0.0,-0.02689119205987789,571.0885490014867,227.76051076429295,
45288,2311.1992,2361.9152,2294.0147,2353.9252,2311.1992,2361.9152,2294.0147,2353.9252,67.90049999999974,38.407337603546836,2491.5607,2285.81,0,,,0,5710885.490014867,0.0,0.0,0.0,5710885.490014867,0.0,-0.02689119205987789,571.0885490014867,231.58225090933846,
45289,2351.6999,2399.4713,2351.5501,2399.4713,2351.6999,2399.4713,2351.5501,2399.4713,47.921200000000226,39.31341973654239,2491.5607,2285.81,0,,,0,5710885.490014867,0.0,0.0,0.0,5710885.490014867,0.0,-0.02689119205987789,571.0885490014867,236.06313601059057,
45293,2402.2308,2413.3005,2395.2289,2402.0326,2402.2308,2413.3005,2395.2289,2402.0326,18.071599999999762,37.2903892854431,2491.5607,2285.81,0,,,0,5710885.490014867,0.0,0.0,0.0,5710885.490014867,0.0,-0.02689119205987789,571.0885490014867,236.3151200665215,
45294,2395.5192,2404.1065,2371.2919,2389.2105,2395.5192,2404.1065,2371.2919,2389.2105,32.8145999999997,36.86412363921039,2477.5149,2285.81,0,,,0,5710885.490014867,0.0,0.0,0.0,5710885.490014867,0.0,-0.02689119205987789,571.0885490014867,235.05366503839036,
45295,2385.663,2385.9093,2371.611,2382.002,2385.663,2385.9093,2371.611,2382.002,17.599500000000262,35.02939757833324,2466.3169,2285.81,0,,,0,5710885.490014867,0.0,0.0,0.0,5710885.490014867,0.0,-0.02689119205987789,571.0885490014867,234.3444833466017,
45296,2381.7292,2389.5819,2324.1051,2334.8712,2381.7292,2389.5819,2324.1051,2334.8712,65.47679999999991,37.92915018992054,2466.3169,2285.81,0,,,0,5710885.490014867,0.0,0.0,0.0,5710885.490014867,0.0,-0.02689119205987789,571.0885490014867,229.7076933792918,
45299,2330.6756,2331.6019,2290.7551,2290.7877,2330.6756,2331.6019,2290.7551,2290.7877,44.11610000000019,38.51838350516622,2466.3169,2285.81,0,,,0,5710885.490014867,0.0,0.0,0.0,5710885.490014867,0.0,-0.02689119205987789,571.0885490014867,225.37070078583054,
45300,2294.1928,2327.1992,2286.3519,2304.9614,2294.1928,2327.1992,2286.3519,2304.9614,40.847299999999905,38.74018507610276,2466.3169,2285.81,0,,,0,5710885.490014867,0.0,0.0,0.0,5710885.490014867,0.0,-0.02689119205987789,571.0885490014867,226.76512799605533,
45301,2298.9561,2306.2932,2260.0229,2274.5877,2298.9561,2306.2932,2260.0229,2274.5877,46.270300000000134,39.45733887837871,2466.3169,2285.81,0,,,0,5710885.490014867,0.0,0.0,0.0,5710885.490014867,0.0,-0.02689119205987789,571.0885490014867,223.7769235219093,
45302,2271.6325,2323.9619,2271.1522,2319.4355,2271.6325,2323.9619,2271.1522,2319.4355,52.80969999999979,40.728992318533095,2466.3169,2260.0229,0,,,0,5710885.490014867,0.0,0.0,0.0,5710885.490014867,0.0,-0.02689119205987789,571.0885490014867,228.18910895258136,
45303,2317.6361,2330.9809,2295.7372,2296.5117,2317.6361,2330.9809,2295.7372,2296.5117,35.24369999999999,40.206583526291844,2460.0983,2260.0229,0,,,0,5710885.490014867,0.0,0.0,0.0,5710885.490014867,0.0,-0.02689119205987789,571.0885490014867,225.93383541908275,
45306,2288.8285,2307.1968,2275.8407,2293.2814,2288.8285,2307.1968,2275.8407,2293.2814,31.35609999999997,39.36368033331167,2442.1316,2260.0229,0,,,0,5710885.490014867,0.0,0.0,0.0,5710885.490014867,0.0,-0.02689119205987789,571.0885490014867,225.61603426503058,
45307,2293.6622,2293.7623,2247.3847,2280.908,2293.6622,2293.7623,2247.3847,2280.908,46.3775999999998,40.03167268252007,2419.5218,2260.0229,0,,,0,5710885.490014867,0.0,0.0,0.0,5710885.490014867,0.0,-0.02689119205987789,571.0885490014867,224.39872293185755,
45308,2277.508,2277.508,2222.0526,2222.0526,2277.508,2277.508,2222.0526,2222.0526,58.85539999999992,41.824408617518145,2413.3005,2247.3847,0,,,0,5710885.490014867,0.0,0.0,0.0,5710885.490014867,0.0,-0.02689119205987789,571.0885490014867,218.6084514269816,
45309,2207.9612,2215.0645,2142.8843,2205.2035,2207.9612,2215.0645,2142.8843,2205.2035,79.16829999999982,45.38096970156401,2413.3005,2222.0526,0,,,0,5710885.490014867,0.0,0.0,0.0,5710885.490014867,0.0,-0.02689119205987789,571.0885490014867,216.95081485305963,
45310,2204.2061,2212.0995,2172.8171,2172.8171,2204.2061,2212.0995,2172.8171,2172.8171,39.2823999999996,44.80015353951026,2413.3005,2142.8843,0,,,0,5710885.490014867,0.0,0.0,0.0,5710885.490014867,0.0,-0.02689119205987789,571.0885490014867,213.76459831106837,
45313,2168.3085,2168.3085,2023.0871,2038.4442,2168.3085,2168.3085,2023.0871,2038.4442,149.73000000000025,54.79347225003312,2413.3005,2142.8843,0,,,0,5710885.490014867,0.0,0.0,0.0,5710885.490014867,0.0,-0.02689119205987789,571.0885490014867,200.54481603284833,
45314,2030.4209,2051.7274,1999.0374,2043.5743,2030.4209,2051.7274,1999.0374,2043.5743,52.69000000000028,54.5931415595538,2413.3005,2023.0871,0,,,0,5710885.490014867,0.0,0.0,0.0,5710885.490014867,0.0,-0.02689119205987789,571.0885490014867,201.04952200455463,
45315,2051.2768,2074.7964,1996.7383,2072.8815,2051.2768,2074.7964,1996.7383,2072.8815,78.0581000000002,56.82789950626298,2413.3005,1999.0374,0,,,0,5710885.490014867,0.0,0.0,0.0,5710885.490014867,0.0,-0.02689119205987789,571.0885490014867,203.9328028088258,
45316,2074.783,2150.5417,2061.8505,2150.062,2074.783,2150.5417,2061.8505,2150.062,88.69120000000021,59.86249955328557,2413.3005,1996.7383,0,,,0,5710885.490014867,0.0,0.0,0.0,5710885.490014867,0.0,-0.02689119205987789,571.0885490014867,211.5259217050032,
45317,2148.5495,2179.2325,2135.4583,2142.1546,2148.5495,2179.2325,2135.4583,2142.1546,43.77420000000029,58.33028054821078,2413.3005,1996.7383,0,,,0,5710885.490014867,0.0,0.0,0.0,5710885.490014867,0.0,-0.02689119205987789,571.0885490014867,210.747981313847,
45320,2144.6946,2150.8288,2066.6446,2067.4438,2144.6946,2150.8288,2066.6446,2067.4438,84.18419999999969,60.7925585912383,2413.3005,1996.7383,0,,,0,5710885.490014867,0.0,0.0,0.0,5710885.490014867,0.0,-0.02689119205987789,571.0885490014867,203.3978347453675,
45321,2052.7296,2070.3583,1999.0148,2001.5681,2052.7296,2070.3583,1999.0148,2001.5681,71.34349999999995,61.7974101539775,2413.3005,1996.7383,0,,,0,5710885.490014867,0.0,0.0,0.0,5710885.490014867,0.0,-0.02689119205987789,571.0885490014867,196.9168969117319,
45322,1987.379,1996.2374,1891.1581,1896.3595,1987.379,1996.2374,1891.1581,1896.3595,110.40999999999985,66.42718061550343,2404.1065,1996.7383,0,,,0,5710885.490014867,0.0,0.0,0.0,5710885.490014867,0.0,-0.02689119205987789,571.0885490014867,186.56633674821427,
45323,1883.9621,1907.4672,1832.5754,1866.0115,1883.9621,1907.4672,1832.5754,1866.0115,74.8918000000001,67.23333484259835,2389.5819,1891.1581,0,,,0,5710885.490014867,0.0,0.0,0.0,5710885.490014867,0.0,-0.02689119205987789,571.0885490014867,183.58066067380182,
45324,1867.5597,1897.533,1721.6952,1782.6035,1867.5597,1897.533,1721.6952,1782.6035,175.8377999999998,77.57661723854135,2389.5819,1832.5754,0,,,0,5710885.490014867,0.0,0.0,0.0,5710885.490014867,0.0,-0.02689119205987789,571.0885490014867,175.3748721534843,
45327,1762.3382,1762.3382,1590.2869,1613.3985,1762.3382,1762.3382,1590.2869,1613.3985,192.31659999999988,88.50423464439453,2331.6019,1721.6952,0,,,0,5710885.490014867,0.0,0.0,0.0,5710885.490014867,0.0,-0.02689119205987789,571.0885490014867,158.72826215707718,
45328,1566.0967,1691.9785,1503.4383,1645.9643,1566.0967,1691.9785,1503.4383,1645.9643,188.5401999999999,98.03146944016648,2330.9809,1590.2869,0,,,0,5710885.490014867,0.0,0.0,0.0,5710885.490014867,0.0,-0.02689119205987789,571.0885490014867,161.93212830654673,
45329,1649.2575,1668.6147,1578.2659,1599.8187,1649.2575,1668.6147,1578.2659,1599.8187,90.34879999999998,97.2997866363411,2330.9809,1503.4383,0,,,0,5710885.490014867,0.0,0.0,0.0,5710885.490014867,0.0,-0.02689119205987789,571.0885490014867,157.3922636083983,
45330,1603.4554,1740.1536,1586.2401,1739.8701,1603.4554,1740.1536,1586.2401,1739.8701,153.9135000000001,102.69156886145149,2330.9809,1503.4383,0,,,0,5710885.490014867,0.0,0.0,0.0,5710885.490014867,0.0,-0.02689119205987789,571.0885490014867,171.17070417014773,
45341,1766.6296,1826.0786,1766.6296,1815.9881,1766.6296,1826.0786,1766.6296,1815.9881,86.20849999999996,101.12175277940848,2330.9809,1503.4383,0,,,0,5710885.490014867,0.0,0.0,0.0,5710885.490014867,0.0,-0.02689119205987789,571.0885490014867,178.65929292170065,
45342,1812.5606,1845.2501,1786.8267,1842.3996,1812.5606,1845.2501,1786.8267,1842.3996,58.4233999999999,97.05524299089339,2307.1968,1503.4383,0,,,0,5710885.490014867,0.0,0.0,0.0,5710885.490014867,0.0,-0.02689119205987789,571.0885490014867,181.25769095911153,
45343,1824.8772,1912.7549,1814.9273,1868.2242,1824.8772,1912.7549,1814.9273,1868.2242,97.82759999999985,97.12880080128448,2293.7623,1503.4383,0,,,0,5710885.490014867,0.0,0.0,0.0,5710885.490014867,0.0,-0.02689119205987789,571.0885490014867,183.79834900416466,
45344,1867.2347,1915.9244,1867.2347,1915.9244,1867.2347,1915.9244,1867.2347,1915.9244,48.68970000000013,92.51555310592407,2277.508,1503.4383,0,,,0,5710885.490014867,0.0,0.0,0.0,5710885.490014867,0.0,-0.02689119205987789,571.0885490014867,188.491157290862,
45345,1924.8604,1978.1194,1915.3832,1977.894,1924.8604,1978.1194,1915.3832,1977.894,62.73620000000005,89.67942423869322,2215.0645,1503.4383,0,,,0,5710885.490014867,0.0,0.0,0.0,5710885.490014867,0.0,-0.02689119205987789,571.0885490014867,194.58780787939867,
45348,1988.5682,2043.6886,1976.5043,2012.4184,1988.5682,2043.6886,1976.5043,2012.4184,67.1842999999999,87.53703145405575,2212.0995,1503.4383,0,,,0,5710885.490014867,0.0,0.0,0.0,5710885.490014867,0.0,-0.02689119205987789,571.0885490014867,197.98436366770255,
45349,2004.2277,2071.7505,1991.9587,2071.7505,2004.2277,2071.7505,1991.9587,2071.7505,79.7918000000002,86.79939036319331,2179.2325,1503.4383,0,,,0,5710885.490014867,0.0,0.0,0.0,5710885.490014867,0.0,-0.02689119205987789,571.0885490014867,203.82153354428908,
45350,2077.0107,2106.3817,1930.0398,1930.0819,2077.0107,2106.3817,1930.0398,1930.0819,176.3418999999999,95.32724842384155,2179.2325,1503.4383,0,,,0,5710885.490014867,0.0,0.0,0.0,5710885.490014867,0.0,-0.02689119205987789,571.0885490014867,189.8839907238228,
45351,1907.2768,2009.6558,1907.2768,2009.6558,1907.2768,2009.6558,1907.2768,2009.6558,102.3789999999999,95.99884381204711,2179.2325,1578.2659,0,,,0,5710885.490014867,0.0,0.0,0.0,5710885.490014867,0.0,-0.02689119205987789,571.0885490014867,197.7125754535477,
45352,2016.5748,2042.8834,2003.8394,2040.4186,2016.5748,2042.8834,2003.8394,2040.4186,39.04399999999987,90.57457297280452,2179.2325,1586.2401,0,,,0,5710885.490014867,0.0,0.0,0.0,5710885.490014867,0.0,-0.02689119205987789,571.0885490014867,200.73906009642153,
45355,2046.2175,2056.3391,2004.9952,2056.2448,2046.2175,2056.3391,2004.9952,2056.2448,51.343900000000076,86.838318403966,2179.2325,1766.6296,0,,,0,5710885.490014867,0.0,0.0,0.0,5710885.490014867,0.0,-0.02689119205987789,571.0885490014867,202.2960624256975,
45356,2041.1437,2049.7451,2014.9122,2022.0648,2041.1437,2049.7451,2014.9122,2022.0648,41.33259999999996,82.50444046073113,2150.8288,1786.8267,0,,,0,5710885.490014867,0.0,0.0,0.0,5710885.490014867,0.0,-0.02689119205987789,571.0885490014867,198.93338916144884,
45357,2012.7315,2060.1159,2011.7116,2046.524,2012.7315,2060.1159,2011.7116,2046.524,48.404299999999694,79.25680803589957,2106.3817,1814.9273,0,,,0,5710885.490014867,0.0,0.0,0.0,5710885.490014867,0.0,-0.02689119205987789,571.0885490014867,201.33971736229466,
45358,2052.7097,2069.6922,2021.9736,2026.8372,2052.7097,2069.6922,2021.9736,2026.8372,47.718599999999924,76.25316917533769,2106.3817,1867.2347,0,,,0,5710885.490014867,0.0,0.0,0.0,5710885.490014867,0.0,-0.02689119205987789,571.0885490014867,199.4029041376425,
45359,2026.437,2055.5794,2017.2004,2053.0914,2026.437,2055.5794,2017.2004,2053.0914,38.37900000000013,72.64610544435315,2106.3817,1907.2768,0,,,0,5710885.490014867,0.0,0.0,0.0,5710885.490014867,0.0,-0.02689119205987789,571.0885490014867,201.98582679458332,
45362,2048.7728,2094.2451,2048.7728,2094.2451,2048.7728,2094.2451,2048.7728,2094.2451,45.472299999999905,70.05812397346237,2106.3817,1907.2768,0,,,0,5710885.490014867,0.0,0.0,0.0,5710885.490014867,0.0,-0.02689119205987789,571.0885490014867,206.0345818184251,
45363,2098.6043,2121.1556,2085.6064,2121.1556,2098.6043,2121.1556,2085.6064,2121.1556,35.54919999999993,66.77155978551357,2106.3817,1907.2768,1,2106.3817,2036.3235760265375,1600,2340000.727870867,3393848.96,674.042144,22964.197856000625,5733849.687870868,0.004021127353394105,-0.022978197614441087,573.3849687870867,208.68207213081723,BUY
45364,2120.6206,2145.3786,2111.1392,2129.5769,2120.6206,2145.3786,2111.1392,2129.5769,34.23939999999993,63.673258853559894,2121.1556,1907.2768,1,,2036.3235760265375,1600,2340000.727870867,3407323.04,0.0,13474.080000000075,5747323.767870868,0.002349918594570566,-0.02068227591371452,574.7323767870868,209.5105706785123,
45365,2126.4008,2137.1872,2085.2148,2114.5547,2126.4008,2137.1872,2085.2148,2114.5547,51.97239999999965,62.55889134369701,2145.3786,1907.2768,1,,2036.3235760265375,1600,2340000.727870867,3383287.52,0.0,-24035.520000000484,5723288.247870867,-0.004182036887214524,-0.024777818760146286,572.3288247870867,208.0326669245569,
45366,2107.1035,2144.1939,2101.3883,2144.1939,2107.1035,2144.1939,2101.3883,2144.1939,42.80560000000014,60.67762550144017,2145.3786,2003.8394,1,,2036.3235760265375,1600,2340000.727870867,3430710.24,0.0,47422.71999999974,5770710.967870867,0.008285921999060974,-0.016697203834638796,577.0710967870867,210.94861032460716,
45369,2150.7431,2190.6543,2150.7431,2190.6543,2150.7431,2190.6543,2150.7431,2190.6543,46.460399999999936,59.32360402511253,2145.3786,2004.9952,1,,2036.3235760265375,1600,2340000.727870867,3505046.8800000004,0.0,74336.6400000006,5845047.6078708675,0.012881712567806458,-0.004030579847316251,584.5047607870868,215.51944545995823,
45370,2185.6742,2203.067,2182.678,2185.5509,2185.6742,2203.067,2182.678,2185.5509,20.389000000000124,55.61554649891134,2190.6543,2011.7116,1,,2036.3235760265375,1600,2340000.727870867,3496881.4400000004,0.0,-8165.4399999994785,5836882.167870868,-0.001396984344319785,-0.0054219335346908926,583.6882167870867,215.017366269298,
45371,2182.1346,2213.4882,2182.1346,2213.4882,2182.1346,2213.4882,2182.1346,2213.4882,31.353599999999915,53.30488492758644,2203.067,2011.7116,1,,2036.3235760265375,1600,2340000.727870867,3541581.1199999996,0.0,44699.67999999877,5881581.847870867,0.007658143288560515,0.0,588.1581847870866,217.7658745134552,
45372,2217.2643,2226.2523,2195.7314,2219.3974,2217.2643,2226.2523,2195.7314,2219.3974,30.520899999999983,51.13498160114963,2213.4882,2017.2004,1,,2036.3235760265375,1600,2340000.727870867,3551035.84,0.0,9454.71999999974,5891036.5678708665,0.001607513122243276,0.0,589.1036567870866,218.3472293657986,
45373,2212.5795,2214.8276,2170.3059,2193.6452,2212.5795,2214.8276,2170.3059,2193.6452,49.091499999999996,50.94036430580205,2226.2523,2017.2004,1,,2036.3235760265375,1600,2340000.727870867,3509832.32,0.0,-41203.51999999955,5849833.047870867,-0.006994273338026713,-0.006994273338026713,584.9833047870867,215.81369412777684,
45376,2185.5484,2194.5351,2132.2654,2132.3695,2185.5484,2194.5351,2132.2654,2132.3695,62.26969999999983,52.01934865763041,2226.2523,2048.7728,1,,2036.3235760265375,1600,2340000.727870867,3411791.1999999997,0.0,-98041.12000000011,5751791.927870867,-0.016759644112524508,-0.023636695918580086,575.1791927870867,209.78531033204476,
45377,2126.0712,2147.955,2093.8624,2128.5104,2126.0712,2147.955,2093.8624,2128.5104,54.09259999999995,52.21680116642751,2226.2523,2085.2148,1,,2036.3235760265375,1600,2340000.727870867,3405616.64,0.0,-6174.55999999959,5745617.367870867,-0.001073501975980773,-0.024684823854786653,574.5617367870867,209.4056470086375,
45378,2122.7509,2124.492,2051.6333,2051.6333,2122.7509,2124.492,2051.6333,2051.6333,76.87710000000015,54.56540105533919,2226.2523,2085.2148,0,2085.2148,,0,5674008.967294867,0.0,2335.440576,-71608.4005760001,5674008.967294867,-0.012463134244969032,-0.03684030782624004,567.4008967294867,201.84237700269918,SELL
45379,2046.7642,2126.0067,2046.7642,2106.8782,2046.7642,2126.0067,2046.7642,2106.8782,79.24249999999984,56.91560095483068,2226.2523,2051.6333,0,,,0,5674008.967294867,0.0,0.0,0.0,5674008.967294867,0.0,-0.03684030782624004,567.4008967294867,207.27744277847714,
45380,2107.4144,2134.4243,2097.1952,2134.4243,2107.4144,2134.4243,2097.1952,2134.4243,37.22910000000002,55.04069610198967,2226.2523,2046.7642,0,,,0,5674008.967294867,0.0,0.0,0.0,5674008.967294867,0.0,-0.03684030782624004,567.4008967294867,209.98746425315008,
45383,2139.7229,2178.2487,2139.7229,2178.2487,2139.7229,2178.2487,2139.7229,2178.2487,43.82439999999997,53.972477425609696,2226.2523,2046.7642,0,,,0,5674008.967294867,0.0,0.0,0.0,5674008.967294867,0.0,-0.03684030782624004,567.4008967294867,214.29896624851986,
45384,2177.6937,2178.5446,2153.981,2168.6505,2177.6937,2178.5446,2153.981,2168.6505,24.56359999999995,51.17163195650401,2226.2523,2046.7642,0,,,0,5674008.967294867,0.0,0.0,0.0,5674008.967294867,0.0,-0.03684030782624004,567.4008967294867,213.35468273404027,
45385,2162.4281,2162.6532,2123.8708,2145.2129,2162.4281,2162.6532,2123.8708,2145.2129,44.77970000000005,50.56287653207506,2226.2523,2046.7642,0,,,0,5674008.967294867,0.0,0.0,0.0,5674008.967294867,0.0,-0.03684030782624004,567.4008967294867,211.04886088213405,
45390,2137.305,2137.3755,2096.9979,2096.9979,2137.305,2137.3755,2096.9979,2096.9979,48.215000000000146,50.33926924330602,2226.2523,2046.7642,0,,,0,5674008.967294867,0.0,0.0,0.0,5674008.967294867,0.0,-0.03684030782624004,567.4008967294867,206.30540589571655,
45391,2093.6178,2125.5686,2090.1844,2125.5686,2093.6178,2125.5686,2090.1844,2125.5686,35.384199999999964,48.91497693441973,2226.2523,2046.7642,0,,,0,5674008.967294867,0.0,0.0,0.0,5674008.967294867,0.0,-0.03684030782624004,567.4008967294867,209.1162288632669,
45392,2120.0576,2120.4298,2055.1546,2075.8778,2120.0576,2120.4298,2055.1546,2075.8778,70.41400000000021,50.96250294066549,2226.2523,2046.7642,0,,,0,5674008.967294867,0.0,0.0,0.0,5674008.967294867,0.0,-0.03684030782624004,567.4008967294867,204.22758273573245,
45393,2060.3558,2103.1919,2052.9988,2080.5543,2060.3558,2103.1919,2052.9988,2080.5543,50.19309999999996,50.88922647012591,2226.2523,2046.7642,0,,,0,5674008.967294867,0.0,0.0,0.0,5674008.967294867,0.0,-0.03684030782624004,567.4008967294867,204.68766294404895,
45394,2078.7859,2093.1948,2062.1493,2065.6196,2078.7859,2093.1948,2062.1493,2065.6196,31.045500000000175,48.99934775868537,2226.2523,2046.7642,0,,,0,5674008.967294867,0.0,0.0,0.0,5674008.967294867,0.0,-0.03684030782624004,567.4008967294867,203.21836755494496,
45397,2053.2222,2066.0261,1953.5885,1981.5267,2053.2222,2066.0261,1953.5885,1981.5267,112.43759999999997,55.041086067382,2226.2523,2046.7642,0,,,0,5674008.967294867,0.0,0.0,0.0,5674008.967294867,0.0,-0.03684030782624004,567.4008967294867,194.94519767363613,
45398,1961.0684,1961.0684,1839.33,1839.685,1961.0684,1961.0684,1839.33,1839.685,142.19669999999996,63.34162072763133,2226.2523,1953.5885,0,,,0,5674008.967294867,0.0,0.0,0.0,5674008.967294867,0.0,-0.03684030782624004,567.4008967294867,180.9906250479609,
45399,1859.0047,1962.1269,1859.0047,1962.1269,1859.0047,1962.1269,1859.0047,1962.1269,122.44190000000003,68.9702187535712,2226.2523,1839.33,0,,,0,5674008.967294867,0.0,0.0,0.0,5674008.967294867,0.0,-0.03684030782624004,567.4008967294867,193.03661988569664,
45400,1961.1371,1985.3724,1938.5237,1959.197,1961.1371,1985.3724,1938.5237,1959.197,46.84870000000001,66.86340744370727,2226.2523,1839.33,0,,,0,5674008.967294867,0.0,0.0,0.0,5674008.967294867,0.0,-0.03684030782624004,567.4008967294867,192.74837247794585,
45401,1949.5797,1973.0786,1934.882,1951.2554,1949.5797,1973.0786,1934.882,1951.2554,38.19659999999999,64.13323530621135,2226.2523,1839.33,0,,,0,5674008.967294867,0.0,0.0,0.0,5674008.967294867,0.0,-0.03684030782624004,567.4008967294867,191.96706744589912,
45404,1938.2751,1954.2163,1902.3114,1935.5598,1938.2751,1954.2163,1902.3114,1935.5598,51.9049,62.96863194371503,2226.2523,1839.33,0,,,0,5674008.967294867,0.0,0.0,0.0,5674008.967294867,0.0,-0.03684030782624004,567.4008967294867,190.4229137160471,
45405,1935.5231,1959.9279,1934.8934,1949.5343,1935.5231,1959.9279,1934.8934,1949.5343,25.03449999999998,59.35585747288503,2214.8276,1839.33,0,,,0,5674008.967294867,0.0,0.0,0.0,5674008.967294867,0.0,-0.03684030782624004,567.4008967294867,191.79774336880436,
45406,1950.1371,1993.6897,1950.1371,1993.6897,1950.1371,1993.6897,1950.1371,1993.6897,44.15539999999987,57.908194856419776,2194.5351,1839.33,0,,,0,5674008.967294867,0.0,0.0,0.0,5674008.967294867,0.0,-0.03684030782624004,567.4008967294867,196.1418095786407,
45407,1986.4473,2011.95,1982.4644,1998.7834,1986.4473,2011.95,1982.4644,1998.7834,29.485599999999977,55.201281060570274,2178.5446,1839.33,0,,,0,5674008.967294867,0.0,0.0,0.0,5674008.967294867,0.0,-0.03684030782624004,567.4008967294867,196.64293447056883,
45408,1994.6527,2036.0355,1989.7998,2029.4152,1994.6527,2036.0355,1989.7998,2029.4152,46.23569999999995,54.347416197658816,2178.5446,1839.33,0,,,0,5674008.967294867,0.0,0.0,0.0,5674008.967294867,0.0,-0.03684030782624004,567.4008967294867,199.6565311614937,
45411,2032.5597,2084.3347,2032.5597,2084.3347,2032.5597,2084.3347,2032.5597,2084.3347,54.91949999999997,54.401900369310354,2178.5446,1839.33,0,,,0,5674008.967294867,0.0,0.0,0.0,5674008.967294867,0.0,-0.03684030782624004,567.4008967294867,205.0595836581556,
45412,2083.9254,2089.5926,2056.5793,2071.938,2083.9254,2089.5926,2056.5793,2071.938,33.01330000000007,52.364890810328426,2178.5446,1839.33,0,,,0,5674008.967294867,0.0,0.0,0.0,5674008.967294867,0.0,-0.03684030782624004,567.4008967294867,203.8399800403993,
45418,2093.1871,2114.3754,2093.1871,2114.3754,2093.1871,2114.3754,2093.1871,2114.3754,42.4373999999998,51.419415495059035,2178.5446,1859.0047,0,,,0,5674008.967294867,0.0,0.0,0.0,5674008.967294867,0.0,-0.03684030782624004,567.4008967294867,208.01502715520988,
45419,2114.4203,2128.0291,2107.2272,2128.0291,2114.4203,2128.0291,2107.2272,2128.0291,20.801900000000387,48.50346163838678,2178.5446,1902.3114,0,,,0,5674008.967294867,0.0,0.0,0.0,5674008.967294867,0.0,-0.03684030782624004,567.4008967294867,209.35829608288904,
45420,2120.4727,2120.5798,2096.9395,2099.7467,2120.4727,2120.5798,2096.9395,2099.7467,31.089600000000246,46.84499862520711,2162.6532,1902.3114,0,,,0,5674008.967294867,0.0,0.0,0.0,5674008.967294867,0.0,-0.03684030782624004,567.4008967294867,206.57583644775775,
45421,2097.9509,2129.174,2097.9509,2124.2132,2097.9509,2129.174,2097.9509,2124.2132,31.22310000000016,45.35719875613978,2137.3755,1902.3114,0,,,0,5674008.967294867,0.0,0.0,0.0,5674008.967294867,0.0,-0.03684030782624004,567.4008967294867,208.98288283218548,
45422,2125.1068,2128.6547,2096.7644,2100.3242,2125.1068,2128.6547,2096.7644,2100.3242,31.890300000000025,44.07463696984076,2129.174,1934.8934,0,,,0,5674008.967294867,0.0,0.0,0.0,5674008.967294867,0.0,-0.03684030782624004,567.4008967294867,206.63265165577718,
45425,2085.3284,2085.3284,2058.1019,2064.3269,2085.3284,2085.3284,2058.1019,2064.3269,42.222299999999905,43.898223925094015,2129.174,1950.1371,0,,,0,5674008.967294867,0.0,0.0,0.0,5674008.967294867,0.0,-0.03684030782624004,567.4008967294867,203.0911900321628,
45426,2064.78,2086.2202,2064.78,2081.7678,2064.78,2086.2202,2064.78,2081.7678,21.89330000000018,41.80251688460889,2129.174,1982.4644,0,,,0,5674008.967294867,0.0,0.0,0.0,5674008.967294867,0.0,-0.03684030782624004,567.4008967294867,204.80704866687418,
45427,2075.9407,2084.3732,2061.4687,2063.9738,2075.9407,2084.3732,2061.4687,2063.9738,22.9045000000001,40.00270575274139,2129.174,1989.7998,0,,,0,5674008.967294867,0.0,0.0,0.0,5674008.967294867,0.0,-0.03684030782624004,567.4008967294867,203.0564515906881,
45428,2066.1178,2086.0883,2066.1178,2073.0286,2066.1178,2086.0883,2066.1178,2073.0286,22.11449999999968,38.29906710962314,2129.174,2032.5597,0,,,0,5674008.967294867,0.0,0.0,0.0,5674008.967294867,0.0,-0.03684030782624004,567.4008967294867,203.9472746999075,
45429,2072.0644,2095.0435,2063.3586,2095.0435,2072.0644,2095.0435,2063.3586,2095.0435,31.684900000000198,37.669146432516186,2129.174,2056.5793,0,,,0,5674008.967294867,0.0,0.0,0.0,5674008.967294867,0.0,-0.03684030782624004,567.4008967294867,206.11312945839515,
45432,2094.6139,2107.0713,2089.3009,2105.1708,2094.6139,2107.0713,2089.3009,2105.1708,17.77039999999988,35.774027724657486,2129.174,2058.1019,0,,,0,5674008.967294867,0.0,0.0,0.0,5674008.967294867,0.0,-0.03684030782624004,567.4008967294867,207.10946652536487,
45433,2099.1203,2099.6259,2077.1422,2084.2381,2099.1203,2099.6259,2077.1422,2084.2381,28.028600000000097,35.03636794135679,2129.174,2058.1019,0,,,0,5674008.967294867,0.0,0.0,0.0,5674008.967294867,0.0,-0.03684030782624004,567.4008967294867,205.05008002335967,
45434,2082.0101,2098.8297,2080.0722,2092.4375,2082.0101,2098.8297,2080.0722,2092.4375,18.75749999999971,33.485999565989445,2129.174,2058.1019,0,,,0,5674008.967294867,0.0,0.0,0.0,5674008.967294867,0.0,-0.03684030782624004,567.4008967294867,205.8567477577915,
45435,2084.0376,2084.0376,2042.3607,2046.8046,2084.0376,2084.0376,2042.3607,2046.8046,50.07680000000005,35.066075797799975,2129.174,2058.1019,0,,,0,5674008.967294867,0.0,0.0,0.0,5674008.967294867,0.0,-0.03684030782624004,567.4008967294867,201.36732315860678,
45436,2042.6469,2058.0297,2026.0238,2026.0267,2042.6469,2058.0297,2026.0238,2026.0267,32.00590000000011,34.7746304837238,2129.174,2042.3607,0,,,0,5674008.967294867,0.0,0.0,0.0,5674008.967294867,0.0,-0.03684030782624004,567.4008967294867,199.32316608379017,
45439,2026.6562,2037.6356,1998.2227,2037.4706,2026.6562,2037.6356,1998.2227,2037.4706,39.412900000000036,35.21637043765487,2129.174,2026.0238,0,,,0,5674008.967294867,0.0,0.0,0.0,5674008.967294867,0.0,-0.03684030782624004,567.4008967294867,200.4490319869129,
45440,2030.674,2040.9327,2017.8424,2020.4594,2030.674,2040.9327,2017.8424,2020.4594,23.09030000000007,34.061506586449646,2129.174,1998.2227,0,,,0,5674008.967294867,0.0,0.0,0.0,5674008.967294867,0.0,-0.03684030782624004,567.4008967294867,198.7754478022205,
45441,2014.2814,2034.6393,2012.6116,2023.7956,2014.2814,2034.6393,2012.6116,2023.7956,22.027700000000095,32.91542976869255,2129.174,1998.2227,0,,,0,5674008.967294867,0.0,0.0,0.0,5674008.967294867,0.0,-0.03684030782624004,567.4008967294867,199.1036675372757,
45442,2015.9314,2026.8983,2003.9435,2008.7785,2015.9314,2026.8983,2003.9435,2008.7785,22.954799999999977,31.9667983621504,2129.174,1998.2227,0,,,0,5674008.967294867,0.0,0.0,0.0,5674008.967294867,0.0,-0.03684030782624004,567.4008967294867,197.62626552801444,
45443,2008.0543,2032.6737,2008.0543,2026.2937,2008.0543,2032.6737,2008.0543,2026.2937,24.61940000000004,31.267046137183698,2129.174,1998.2227,0,,,0,5674008.967294867,0.0,0.0,0.0,5674008.967294867,0.0,-0.03684030782624004,567.4008967294867,199.3494338942511,
45446,2024.2833,2024.5047,1971.8789,1987.7733,2024.2833,2024.5047,1971.8789,1987.7733,54.414800000000014,33.47159412411859,2129.174,1998.2227,0,,,0,5674008.967294867,0.0,0.0,0.0,5674008.967294867,0.0,-0.03684030782624004,567.4008967294867,195.55974638084666,
45447,1977.3078,1977.3078,1943.3823,1968.0625,1977.3078,1977.3078,1943.3823,1968.0625,44.391000000000076,34.511537540869206,2129.174,1971.8789,0,,,0,5674008.967294867,0.0,0.0,0.0,5674008.967294867,0.0,-0.03684030782624004,567.4008967294867,193.62057200469238,
45448,1959.2352,1960.6671,1924.9595,1924.9629,1959.2352,1960.6671,1924.9595,1924.9629,43.103000000000065,35.32977206078643,2129.174,1943.3823,0,,,0,5674008.967294867,0.0,0.0,0.0,5674008.967294867,0.0,-0.03684030782624004,567.4008967294867,189.3803767846862,
45449,1924.0979,1934.6843,1838.5545,1849.4929,1924.0979,1934.6843,1838.5545,1849.4929,96.12979999999993,41.1202509121401,2129.174,1924.9595,0,,,0,5674008.967294867,0.0,0.0,0.0,5674008.967294867,0.0,-0.03684030782624004,567.4008967294867,181.9555391236901,
45450,1865.282,1890.2479,1852.9959,1883.2856,1865.282,1890.2479,1852.9959,1883.2856,40.75500000000011,41.08546511098391,2128.6547,1838.5545,0,,,0,5674008.967294867,0.0,0.0,0.0,5674008.967294867,0.0,-0.03684030782624004,567.4008967294867,185.28010930557352,
45454,1874.6622,1898.6442,1847.3862,1897.947,1874.6622,1898.6442,1847.3862,1897.947,51.25800000000004,42.05427795755688,2107.0713,1838.5545,0,,,0,5674008.967294867,0.0,0.0,0.0,5674008.967294867,0.0,-0.03684030782624004,567.4008967294867,186.7225170819473,
45455,1895.6107,1929.9192,1894.7031,1927.9266,1895.6107,1929.9192,1894.7031,1927.9266,35.2161000000001,41.403022913980045,2107.0713,1838.5545,0,,,0,5674008.967294867,0.0,0.0,0.0,5674008.967294867,0.0,-0.03684030782624004,567.4008967294867,189.67194948080245,
45456,1927.4869,1933.834,1914.5764,1918.714,1927.4869,1933.834,1914.5764,1918.714,19.25760000000014,39.29393501741053,2107.0713,1838.5545,0,,,0,5674008.967294867,0.0,0.0,0.0,5674008.967294867,0.0,-0.03684030782624004,567.4008967294867,188.76560180045672,
45457,1913.8304,1924.8535,1898.0329,1922.2296,1913.8304,1924.8535,1898.0329,1922.2296,26.820600000000013,38.105998349085716,2107.0713,1838.5545,0,,,0,5674008.967294867,0.0,0.0,0.0,5674008.967294867,0.0,-0.03684030782624004,567.4008967294867,189.11147114299013,
45460,1912.7132,1923.6995,1907.2479,1913.9081,1912.7132,1923.6995,1907.2479,1913.9081,16.45159999999987,36.043674696791825,2107.0713,1838.5545,0,,,0,5674008.967294867,0.0,0.0,0.0,5674008.967294867,0.0,-0.03684030782624004,567.4008967294867,188.29279105029136,
45461,1913.5052,1943.0244,1909.7798,1943.0244,1913.5052,1943.0244,1909.7798,1943.0244,33.24459999999999,35.777096154240226,2107.0713,1838.5545,0,,,0,5674008.967294867,0.0,0.0,0.0,5674008.967294867,0.0,-0.03684030782624004,567.4008967294867,191.1572908619895,
45462,1944.0933,1950.5647,1927.6726,1932.2596,1944.0933,1950.5647,1927.6726,1932.2596,22.8920999999998,34.549953663360185,2099.6259,1838.5545,0,,,0,5674008.967294867,0.0,0.0,0.0,5674008.967294867,0.0,-0.03684030782624004,567.4008967294867,190.0982357082451,
45463,1926.5853,1934.4642,1886.3329,1887.0701,1926.5853,1934.4642,1886.3329,1887.0701,48.13129999999978,35.84341521923062,2098.8297,1838.5545,0,,,0,5674008.967294867,0.0,0.0,0.0,5674008.967294867,0.0,-0.03684030782624004,567.4008967294867,185.65243338306178,
45464,1878.6776,1897.4142,1862.359,1884.904,1878.6776,1897.4142,1862.359,1884.904,35.05520000000001,35.76834710311342,2084.0376,1838.5545,0,,,0,5674008.967294867,0.0,0.0,0.0,5674008.967294867,0.0,-0.03684030782624004,567.4008967294867,185.4393296218655,
45467,1870.4201,1870.4201,1807.7731,1809.2038,1870.4201,1870.4201,1807.7731,1809.2038,77.13089999999988,39.707637855197845,2058.0297,1847.3862,0,,,0,5674008.967294867,0.0,0.0,0.0,5674008.967294867,0.0,-0.03684030782624004,567.4008967294867,177.9918445827117,
45468,1809.6108,1829.1637,1797.0187,1810.9475,1809.6108,1829.1637,1797.0187,1810.9475,32.14499999999998,38.98738663089329,2040.9327,1807.7731,0,,,0,5674008.967294867,0.0,0.0,0.0,5674008.967294867,0.0,-0.03684030782624004,567.4008967294867,178.16339207747095,
45469,1805.4046,1865.1312,1791.586,1865.1312,1805.4046,1865.1312,1791.586,1865.1312,73.54520000000002,42.278606951760594,2040.9327,1797.0187,0,,,0,5674008.967294867,0.0,0.0,0.0,5674008.967294867,0.0,-0.03684030782624004,567.4008967294867,183.49405560433084,
45470,1858.2978,1867.5691,1827.1356,1827.1356,1858.2978,1867.5691,1827.1356,1827.1356,40.43349999999987,42.10288248016433,2034.6393,1791.586,0,,,0,5674008.967294867,0.0,0.0,0.0,5674008.967294867,0.0,-0.03684030782624004,567.4008967294867,179.7559986037724,
45471,1822.048,1864.0043,1819.6264,1840.8442,1822.048,1864.0043,1819.6264,1840.8442,44.377899999999954,42.31955081538677,2032.6737,1791.586,0,,,0,5674008.967294867,0.0,0.0,0.0,5674008.967294867,0.0,-0.03684030782624004,567.4008967294867,181.10466866551258,
45474,1839.1177,1856.4168,1821.4236,1855.3525,1839.1177,1856.4168,1821.4236,1855.3525,34.99319999999989,41.62180311868325,2032.6737,1791.586,0,,,0,5674008.967294867,0.0,0.0,0.0,5674008.967294867,0.0,-0.03684030782624004,567.4008967294867,182.53201426292915,
45475,1854.3872,1868.8878,1850.5262,1857.0284,1854.3872,1868.8878,1850.5262,1857.0284,18.361599999999953,39.40654567880865,2024.5047,1791.586,0,,,0,5674008.967294867,0.0,0.0,0.0,5674008.967294867,0.0,-0.03684030782624004,567.4008967294867,182.69689150469495,
45476,1854.7679,1856.4913,1833.6456,1834.8683,1854.7679,1856.4913,1833.6456,1834.8683,23.38279999999986,37.88047466177924,1977.3078,1791.586,0,,,0,5674008.967294867,0.0,0.0,0.0,5674008.967294867,0.0,-0.03684030782624004,567.4008967294867,180.51675177961957,
45477,1834.541,1839.2576,1781.3563,1784.4043,1834.541,1839.2576,1781.3563,1784.4043,57.90129999999999,39.787219932085975,1960.6671,1791.586,0,,,0,5674008.967294867,0.0,0.0,0.0,5674008.967294867,0.0,-0.03684030782624004,567.4008967294867,175.55203722119225,
45478,1779.6577,1809.6528,1756.4229,1803.2755,1779.6577,1809.6528,1756.4229,1803.2755,53.22990000000004,41.06747517664922,1950.5647,1781.3563,0,,,0,5674008.967294867,0.0,0.0,0.0,5674008.967294867,0.0,-0.03684030782624004,567.4008967294867,177.40861064729788,
45481,1797.1858,1797.1858,1747.4658,1751.6118,1797.1858,1797.1858,1747.4658,1751.6118,55.80970000000002,42.47149658839692,1950.5647,1756.4229,0,,,0,5674008.967294867,0.0,0.0,0.0,5674008.967294867,0.0,-0.03684030782624004,567.4008967294867,172.32586802815908,
45482,1749.3857,1787.4421,1721.3646,1787.4421,1749.3857,1787.4421,1721.3646,1787.4421,66.07749999999987,44.71968738950196,1950.5647,1747.4658,0,,,0,5674008.967294867,0.0,0.0,0.0,5674008.967294867,0.0,-0.03684030782624004,567.4008967294867,175.85089997257128,
45483,1778.7402,1793.6731,1770.4213,1773.5562,1778.7402,1793.6731,1770.4213,1773.5562,23.251800000000003,42.67512668573987,1950.5647,1721.3646,0,,,0,5674008.967294867,0.0,0.0,0.0,5674008.967294867,0.0,-0.03684030782624004,567.4008967294867,174.48478690410928,
45484,1800.7609,1833.2207,1797.3452,1833.2207,1800.7609,1833.2207,1797.3452,1833.2207,59.66450000000009,44.29316223947894,1950.5647,1721.3646,0,,,0,5674008.967294867,0.0,0.0,0.0,5674008.967294867,0.0,-0.03684030782624004,567.4008967294867,180.35465872900002,
45485,1829.9825,1838.2269,1817.7549,1823.8549,1829.9825,1838.2269,1817.7549,1823.8549,20.47199999999998,42.02448012143333,1950.5647,1721.3646,0,,,0,5674008.967294867,0.0,0.0,0.0,5674008.967294867,0.0,-0.03684030782624004,567.4008967294867,179.43323903156582,
45488,1819.1191,1819.1191,1788.3024,1792.4433,1819.1191,1819.1191,1788.3024,1792.4433,35.55250000000001,41.4081010622492,1950.5647,1721.3646,0,,,0,5674008.967294867,0.0,0.0,0.0,5674008.967294867,0.0,-0.03684030782624004,567.4008967294867,176.34292459308503,
45489,1788.5131,1796.5719,1774.34,1794.256,1788.5131,1796.5719,1774.34,1794.256,22.231899999999996,39.58179619917785,1950.5647,1721.3646,0,,,0,5674008.967294867,0.0,0.0,0.0,5674008.967294867,0.0,-0.03684030782624004,567.4008967294867,176.52126039841284,
45490,1791.6842,1794.3412,1763.2772,1763.2776,1791.6842,1794.3412,1763.2772,1763.2776,31.064000000000078,38.77057751354187,1950.5647,1721.3646,0,,,0,5674008.967294867,0.0,0.0,0.0,5674008.967294867,0.0,-0.03684030782624004,567.4008967294867,173.47356474454503,
45491,1750.035,1763.527,1721.7265,1760.2742,1750.035,1763.527,1721.7265,1760.2742,41.800500000000056,39.05914155987122,1934.4642,1721.3646,0,,,0,5674008.967294867,0.0,0.0,0.0,5674008.967294867,0.0,-0.03684030782624004,567.4008967294867,173.17808631031906,
45492,1752.9762,1780.269,1748.6622,1770.1602,1752.9762,1780.269,1748.6622,1770.1602,31.60680000000002,38.349394744645394,1897.4142,1721.3646,0,,,0,5674008.967294867,0.0,0.0,0.0,5674008.967294867,0.0,-0.03684030782624004,567.4008967294867,174.15068396656136,
45495,1769.1397,1784.0634,1765.3469,1780.25,1769.1397,1784.0634,1765.3469,1780.25,18.716499999999996,36.47959524515536,1870.4201,1721.3646,0,,,0,5674008.967294867,0.0,0.0,0.0,5674008.967294867,0.0,-0.03684030782624004,567.4008967294867,175.14333173430904,
45496,1780.6263,1787.6309,1745.4863,1745.6419,1780.6263,1787.6309,1745.4863,1745.6419,42.14460000000008,37.01911950752152,1868.8878,1721.3646,0,,,0,5674008.967294867,0.0,0.0,0.0,5674008.967294867,0.0,-0.03684030782624004,567.4008967294867,171.7385414301416,
45497,1738.5215,1751.2417,1714.3571,1715.8815,1738.5215,1751.2417,1714.3571,1715.8815,36.88460000000009,37.00630812585281,1868.8878,1721.7265,0,,,0,5674008.967294867,0.0,0.0,0.0,5674008.967294867,0.0,-0.03684030782624004,567.4008967294867,168.81067421500566,
45498,1705.9519,1740.0725,1697.6169,1722.8758,1705.9519,1740.0725,1697.6169,1722.8758,42.455600000000004,37.52528830434302,1868.8878,1714.3571,0,,,0,5674008.967294867,0.0,0.0,0.0,5674008.967294867,0.0,-0.03684030782624004,567.4008967294867,169.49878262963804,
45499,1725.5529,1755.5554,1725.5529,1755.5554,1725.5529,1755.5554,1725.5529,1755.5554,32.67959999999994,37.06379418011987,1868.8878,1697.6169,0,,,0,5674008.967294867,0.0,0.0,0.0,5674008.967294867,0.0,-0.03684030782624004,567.4008967294867,172.71384457248007,
45502,1759,1770.4136,1746.6517,1763.7276,1759.0,1770.4136,1746.6517,1763.7276,23.761900000000196,35.79694711534657,1868.8878,1697.6169,0,,,0,5674008.967294867,0.0,0.0,0.0,5674008.967294867,0.0,-0.03684030782624004,567.4008967294867,173.51783633520952,
45503,1760.3117,1780.2531,1753.4833,1776.2671,1760.3117,1780.2531,1753.4833,1776.2671,26.769799999999805,34.937218818646876,1868.8878,1697.6169,0,,,0,5674008.967294867,0.0,0.0,0.0,5674008.967294867,0.0,-0.03684030782624004,567.4008967294867,174.75148880440338,
45504,1775.9459,1837.7854,1774.5382,1837.7854,1775.9459,1837.7854,1774.5382,1837.7854,63.24720000000002,37.63340750258527,1856.4913,1697.6169,0,,,0,5674008.967294867,0.0,0.0,0.0,5674008.967294867,0.0,-0.03684030782624004,567.4008967294867,180.8037399065692,
45505,1838.9877,1850.2014,1833.8482,1843.561,1838.9877,1850.2014,1833.8482,1843.561,16.353200000000015,35.60672107376763,1839.2576,1697.6169,1,1839.2576,1801.6241924974147,3000,155132.61273486735,5530683.0,1103.55456,11806.64544000011,5685815.612734867,0.0020808295348233585,-0.034836136692013464,568.5815612734867,181.37195101555093,BUY
45506,1829.5589,1849.8588,1817.7896,1818.9,1829.5589,1849.8588,1817.7896,1818.9,32.06919999999991,35.26981430483737,1850.2014,1697.6169,1,,1801.6241924974147,3000,155132.61273486735,5456700.0,0.0,-73983.0,5611832.612734867,-0.013011853538531182,-0.047394707522059876,561.1832612734867,178.9457694658249,
45509,1806.5129,1831.8759,1767.8627,1767.8627,1806.5129,1831.8759,1767.8627,1767.8627,64.0132000000001,38.00727960913858,1850.2014,1697.6169,0,1801.6241924974147,,0,5556221.779422867,0.0,3783.410804244571,-55610.83331200015,5556221.779422867,-0.009909567364109084,-0.05683461383927679,555.6221779422867,173.92465290089106,SELL
45510,1784.972,1803.5423,1778.112,1803.5415,1784.972,1803.5423,1778.112,1803.5415,35.679600000000164,37.785595836839676,1850.2014,1697.6169,0,,,0,5556221.779422867,0.0,0.0,0.0,5556221.779422867,0.0,-0.05683461383927679,555.6221779422867,177.43478007644623,
45511,1801.7932,1816.3757,1796.5096,1807.216,1801.7932,1816.3757,1796.5096,1807.216,19.86609999999996,36.078977185712084,1850.2014,1697.6169,0,,,0,5556221.779422867,0.0,0.0,0.0,5556221.779422867,0.0,-0.05683461383927679,555.6221779422867,177.79628220954982,
45512,1798.7077,1809.4972,1776.6012,1795.9625,1798.7077,1809.4972,1776.6012,1795.9625,32.89599999999996,35.77583650135855,1850.2014,1697.6169,0,,,0,5556221.779422867,0.0,0.0,0.0,5556221.779422867,0.0,-0.05683461383927679,555.6221779422867,176.6891481083438,
45513,1800.329,1809.1259,1784.0239,1784.0239,1800.329,1809.1259,1784.0239,1784.0239,25.10200000000009,34.75928064408632,1850.2014,1725.5529,0,,,0,5556221.779422867,0.0,0.0,0.0,5556221.779422867,0.0,-0.05683461383927679,555.6221779422867,175.5146129698839,
45516,1780.8784,1784.0052,1760.5931,1767.2108,1780.8784,1784.0052,1760.5931,1767.2108,23.430799999999863,33.68037772560189,1850.2014,1746.6517,0,,,0,5556221.779422867,0.0,0.0,0.0,5556221.779422867,0.0,-0.05683461383927679,555.6221779422867,173.86051812321512,
45517,1763.9343,1780.2908,1752.8781,1780.2908,1763.9343,1780.2908,1752.8781,1780.2908,27.412700000000086,33.08345603744934,1850.2014,1753.4833,0,,,0,5556221.779422867,0.0,0.0,0.0,5556221.779422867,0.0,-0.05683461383927679,555.6221779422867,175.14734569186263,
45518,1780.2576,1787.0661,1773.4849,1775.8069,1780.2576,1787.0661,1773.4849,1775.8069,13.58120000000008,31.22609831959703,1850.2014,1752.8781,0,,,0,5556221.779422867,0.0,0.0,0.0,5556221.779422867,0.0,-0.05683461383927679,555.6221779422867,174.7062137243505,
45519,1769.5507,1799.3419,1759.6615,1794.3189,1769.5507,1799.3419,1759.6615,1794.3189,39.68039999999996,32.03126990820683,1850.2014,1752.8781,0,,,0,5556221.779422867,0.0,0.0,0.0,5556221.779422867,0.0,-0.05683461383927679,555.6221779422867,176.5274485829746,
45520,1795.2354,1803.1467,1789.6751,1790.6877,1795.2354,1803.1467,1789.6751,1790.6877,13.47160000000008,30.263682297901425,1850.2014,1752.8781,0,,,0,5556221.779422867,0.0,0.0,0.0,5556221.779422867,0.0,-0.05683461383927679,555.6221779422867,176.170206360706,
45523,1785.3954,1797.9927,1776.8719,1780.801,1785.3954,1797.9927,1776.8719,1780.801,21.120799999999917,29.392931602863186,1850.2014,1752.8781,0,,,0,5556221.779422867,0.0,0.0,0.0,5556221.779422867,0.0,-0.05683461383927679,555.6221779422867,175.1975398375449,
45524,1777.1262,1778.661,1745.0503,1749.9962,1777.1262,1778.661,1745.0503,1749.9962,35.750699999999824,29.99843335497144,1850.2014,1752.8781,0,,,0,5556221.779422867,0.0,0.0,0.0,5556221.779422867,0.0,-0.05683461383927679,555.6221779422867,172.16692317954235,
45525,1743.4829,1756.1383,1739.3748,1747.1418,1743.4829,1756.1383,1739.3748,1747.1418,16.763500000000022,28.737963511640828,1850.2014,1745.0503,0,,,0,5556221.779422867,0.0,0.0,0.0,5556221.779422867,0.0,-0.05683461383927679,555.6221779422867,171.88610356089194,
45526,1745.7414,1750.5076,1715.3483,1716.375,1745.7414,1750.5076,1715.3483,1716.375,35.1592999999998,29.349519367675015,1850.2014,1739.3748,0,,,0,5556221.779422867,0.0,0.0,0.0,5556221.779422867,0.0,-0.05683461383927679,555.6221779422867,168.8592253927677,
45527,1710.6,1716.787,1690.3086,1707.4426,1710.6,1716.787,1690.3086,1707.4426,26.478399999999965,29.07607942789644,1850.2014,1715.3483,0,,,0,5556221.779422867,0.0,0.0,0.0,5556221.779422867,0.0,-0.05683461383927679,555.6221779422867,167.98044415620905,
45530,1705.9582,1728.2484,1699.4445,1727.2397,1705.9582,1728.2484,1699.4445,1727.2397,28.803899999999885,29.050157577620574,1850.2014,1690.3086,0,,,0,5556221.779422867,0.0,0.0,0.0,5556221.779422867,0.0,-0.05683461383927679,555.6221779422867,169.92810883963963,
45531,1720.4318,1721.906,1693.0006,1695.7661,1720.4318,1721.906,1693.0006,1695.7661,34.23910000000001,29.54434257022814,1850.2014,1690.3086,0,,,0,5556221.779422867,0.0,0.0,0.0,5556221.779422867,0.0,-0.05683461383927679,555.6221779422867,166.83169475977843,
45532,1689.0456,1716.8393,1684.6249,1704.0253,1689.0456,1716.8393,1684.6249,1704.0253,32.21440000000007,29.798633754015942,1850.2014,1690.3086,0,,,0,5556221.779422867,0.0,0.0,0.0,5556221.779422867,0.0,-0.05683461383927679,555.6221779422867,167.644245696703,
45533,1696.4789,1735.4611,1690.2754,1731.3154,1696.4789,1735.4611,1690.2754,1731.3154,45.1857,31.26406863458585,1850.2014,1684.6249,0,,,0,5556221.779422867,0.0,0.0,0.0,5556221.779422867,0.0,-0.05683461383927679,555.6221779422867,170.32908155535344,
45534,1731.1779,1788.7624,1731.1779,1768.3792,1731.1779,1788.7624,1731.1779,1768.3792,57.58450000000016,33.770776383672924,1849.8588,1684.6249,0,,,0,5556221.779422867,0.0,0.0,0.0,5556221.779422867,0.0,-0.05683461383927679,555.6221779422867,173.97546684884261,
45537,1766.6364,1775.4515,1739.5958,1739.7006,1766.6364,1775.4515,1739.5958,1739.7006,35.85569999999984,33.96934053760882,1831.8759,1684.6249,0,,,0,5556221.779422867,0.0,0.0,0.0,5556221.779422867,0.0,-0.05683461383927679,555.6221779422867,171.1540285376641,
45538,1738.3233,1763.5413,1737.4883,1758.2991,1738.3233,1763.5413,1737.4883,1758.2991,26.05300000000011,33.215403343550854,1816.3757,1684.6249,0,,,0,5556221.779422867,0.0,0.0,0.0,5556221.779422867,0.0,-0.05683461383927679,555.6221779422867,172.98377337982703,
45539,1746.4398,1762.1546,1739.3437,1746.2709,1746.4398,1762.1546,1739.3437,1746.2709,22.810900000000174,32.224498263212695,1816.3757,1684.6249,0,,,0,5556221.779422867,0.0,0.0,0.0,5556221.779422867,0.0,-0.05683461383927679,555.6221779422867,171.80042327575927,
45540,1747.2046,1769.3757,1747.2046,1764.6179,1747.2046,1769.3757,1747.2046,1764.6179,23.10480000000007,31.35595557147816,1809.4972,1684.6249,0,,,0,5556221.779422867,0.0,0.0,0.0,5556221.779422867,0.0,-0.05683461383927679,555.6221779422867,173.60542521780638,
45541,1764.5074,1766.3166,1730.0785,1730.5672,1764.5074,1766.3166,1730.0785,1730.5672,36.23810000000003,31.82092170752786,1809.1259,1684.6249,0,,,0,5556221.779422867,0.0,0.0,0.0,5556221.779422867,0.0,-0.05683461383927679,555.6221779422867,170.2554726572753,
45544,1722.9844,1739.9092,1708.7588,1726.6683,1722.9844,1739.9092,1708.7588,1726.6683,31.15039999999999,31.75706249728711,1803.1467,1684.6249,0,,,0,5556221.779422867,0.0,0.0,0.0,5556221.779422867,0.0,-0.05683461383927679,555.6221779422867,169.87189375762702,
45545,1727.5582,1742.1536,1704.8106,1737.4309,1727.5582,1742.1536,1704.8106,1737.4309,37.343000000000075,32.289056545164534,1803.1467,1684.6249,0,,,0,5556221.779422867,0.0,0.0,0.0,5556221.779422867,0.0,-0.05683461383927679,555.6221779422867,170.93073247248373,
45546,1728.172,1735.4087,1716.8735,1724.023,1728.172,1735.4087,1716.8735,1724.023,20.557400000000143,31.171755921815546,1803.1467,1684.6249,0,,,0,5556221.779422867,0.0,0.0,0.0,5556221.779422867,0.0,-0.05683461383927679,555.6221779422867,169.61164567143868,
45547,1724.9404,1743.4343,1721.5661,1721.7225,1724.9404,1743.4343,1721.5661,1721.7225,21.868199999999888,30.28570297688072,1803.1467,1690.2754,0,,,0,5556221.779422867,0.0,0.0,0.0,5556221.779422867,0.0,-0.05683461383927679,555.6221779422867,169.38531946183062,
45548,1721.3543,1724.709,1695.72,1695.7567,1721.3543,1724.709,1695.72,1695.7567,28.989000000000033,30.162207455273034,1803.1467,1704.8106,0,,,0,5556221.779422867,0.0,0.0,0.0,5556221.779422867,0.0,-0.05683461383927679,555.6221779422867,166.83076997544006,
45553,1695.3139,1697.7758,1658.5543,1684.9222,1695.3139,1697.7758,1658.5543,1684.9222,39.22149999999988,31.024997221437495,1797.9927,1695.72,0,,,0,5556221.779422867,0.0,0.0,0.0,5556221.779422867,0.0,-0.05683461383927679,555.6221779422867,165.7648576442083,
45554,1691.244,1730.5766,1687.9321,1725.4217,1691.244,1730.5766,1687.9321,1725.4217,45.65440000000012,32.418273676538696,1788.7624,1658.5543,0,,,0,5556221.779422867,0.0,0.0,0.0,5556221.779422867,0.0,-0.05683461383927679,555.6221779422867,169.74925161335514,
45555,1725.5775,1727.2328,1713.2747,1723.3003,1725.5775,1727.2328,1713.2747,1723.3003,13.958100000000059,30.660161897820732,1788.7624,1658.5543,0,,,0,5556221.779422867,0.0,0.0,0.0,5556221.779422867,0.0,-0.05683461383927679,555.6221779422867,169.54054549683153,
45558,1721.7399,1735.0474,1714.2046,1729.4002,1721.7399,1735.0474,1714.2046,1729.4002,20.842799999999897,29.725175050409224,1788.7624,1658.5543,0,,,0,5556221.779422867,0.0,0.0,0.0,5556221.779422867,0.0,-0.05683461383927679,555.6221779422867,170.14066166548542,
45559,1733.0061,1784.4117,1727.5617,1784.4117,1733.0061,1784.4117,1727.5617,1784.4117,56.850000000000136,32.30849171227502,1788.7624,1658.5543,0,,,0,5556221.779422867,0.0,0.0,0.0,5556221.779422867,0.0,-0.05683461383927679,555.6221779422867,175.55276524290545,
45560,1796.9696,1841.618,1796.9696,1806.7082,1796.9696,1841.618,1796.9696,1806.7082,57.20629999999983,34.679711549201194,1788.7624,1658.5543,1,1796.9696,1764.6611082877248,3000,164234.7976628673,5420124.600000001,1078.18176,28137.61824000068,5584359.397662868,0.005064163987155146,-0.05205826965675031,558.4359397662868,177.7463241790178,BUY
45561,1801.1493,1861.5923,1800.6934,1861.5923,1801.1493,1861.5923,1800.6934,1861.5923,60.89889999999991,37.17677711594393,1841.618,1658.5543,1,,1764.6611082877248,3000,164234.7976628673,5584776.9,0.0,164652.2999999998,5749011.697662868,0.029484545724064448,-0.02410863836469601,574.9011697662868,183.14589397721412,
45562,1886.5646,1964.1532,1880.7371,1950.0088,1886.5646,1964.1532,1880.7371,1950.0088,102.56089999999995,43.403836438234976,1861.5923,1658.5543,1,,1764.6611082877248,3000,164234.7976628673,5850026.4,0.0,265249.5,6014261.197662868,0.04613827801182446,0.0,601.4261197662868,191.84442530162727,
45565,2028.3105,2178.6588,1987.9148,2166.1692,2028.3105,2178.6588,1987.9148,2166.1692,228.6500000000001,61.046328206022125,1964.1532,1658.5543,1,,1764.6611082877248,3000,164234.7976628673,6498507.6,0.0,648481.1999999993,6662742.397662867,0.10782391696788918,0.0,666.2742397662867,213.11056918311633,
45573,2447.3453,2447.3453,2202.906,2353.9612,2447.3453,2447.3453,2202.906,2353.9612,281.17610000000013,82.01106837687718,2178.6588,1658.5543,1,,1764.6611082877248,3000,164234.7976628673,7061883.600000001,0.0,563376.0000000009,7226118.397662868,0.08455617317542097,0.0,722.6118397662867,231.58579263659163,
45574,2278.2106,2278.2106,2133.5609,2133.5609,2278.2106,2278.2106,2133.5609,2133.5609,220.40030000000024,95.190995198127,2447.3453,1658.5543,1,,1764.6611082877248,3000,164234.7976628673,6400682.7,0.0,-661200.9000000004,6564917.497662867,-0.09150153147419393,-0.09150153147419393,656.4917497662867,209.9025218278618,
45575,2152.2267,2194.889,2093.0872,2131.2704,2152.2267,2194.889,2093.0872,2131.2704,101.80180000000018,95.82059565544826,2447.3453,1687.9321,1,,1764.6611082877248,3000,164234.7976628673,6393811.199999999,0.0,-6871.500000000931,6558045.9976628665,-0.0010467001302677525,-0.09245245693954796,655.8045997662867,209.6771794313796,
45576,2115.7055,2115.7055,2023.5077,2046.3114,2115.7055,2115.7055,2023.5077,2046.3114,107.76269999999977,96.95793892635793,2447.3453,1713.2747,1,,1764.6611082877248,3000,164234.7976628673,6138934.2,0.0,-254876.99999999907,6303168.997662867,-0.038864777723552346,-0.12772409047414834,630.3168997662867,201.31880149523855,
45579,2057.9332,2121.2422,2027.9966,2121.2369,2057.9332,2121.2422,2027.9966,2121.2369,93.2456000000002,96.60438283813338,2447.3453,1714.2046,1,,1764.6611082877248,3000,164234.7976628673,6363710.699999999,0.0,224776.49999999907,6527945.4976628665,0.035660871552602114,-0.09661797130611782,652.7945497662867,208.6900705315306,
45580,2108.9066,2157.1702,2089.6226,2096.4245,2108.9066,2157.1702,2089.6226,2096.4245,67.54759999999987,93.83707018688256,2447.3453,1727.5617,1,,1764.6611082877248,3000,164234.7976628673,6289273.5,0.0,-74437.19999999925,6453508.297662867,-0.0114028525554708,-0.10691910338057631,645.3508297662867,206.24899405107877,
45581,2067.7951,2126.5758,2066.3461,2108.0424,2067.7951,2126.5758,2066.3461,2108.0424,60.229699999999866,90.6363682643223,2447.3453,1796.9696,1,,1764.6611082877248,3000,164234.7976628673,6324127.199999999,0.0,34853.699999999255,6488361.9976628665,0.005400736838383269,-0.10209580848254751,648.8361997662867,207.39197830259175,
45582,2119.7454,2140.9012,2104.123,2106.2514,2119.7454,2140.9012,2104.123,2106.2514,36.77819999999974,85.50701890581539,2447.3453,1800.6934,1,,1764.6611082877248,3000,164234.7976628673,6318754.2,0.0,-5372.999999999069,6482988.997662867,-0.000828098062644278,-0.10283936120398329,648.2988997662868,207.21577737174718,
45583,2097.2324,2205.7964,2094.0066,2170.7608,2097.2324,2205.7964,2094.0066,2170.7608,111.78980000000001,88.01014091478535,2447.3453,1880.7371,1,,1764.6611082877248,3000,164234.7976628673,6512282.4,0.0,193528.2000000002,6676517.197662868,0.029851693419465475,-0.07605759686663272,667.6517197662868,213.56229681799417,
45586,2182.1192,2245.8471,2182.1192,2225.8743,2182.1192,2245.8471,2182.1192,2225.8743,75.08629999999994,86.77929892290103,2447.3453,1987.9148,1,,1764.6611082877248,3000,164234.7976628673,6677622.899999999,0.0,165340.49999999907,6841857.697662867,0.02476448350314686,-0.05317664046637849,684.1857697662867,218.9844352892981,
45587,2227.4524,2265.9948,2214.2404,2245.2956,2227.4524,2265.9948,2214.2404,2245.2956,51.754399999999805,83.44359426357711,2447.3453,2023.5077,1,,1764.6611082877248,3000,164234.7976628673,6735886.8,0.0,58263.90000000037,6900121.597662867,0.008515801201171236,-0.045113680963965064,690.0121597662867,220.89512827545823,
45588,2239.3314,2276.8111,2230.0888,2246.4357,2239.3314,2276.8111,2230.0888,2246.4357,46.722299999999905,79.94632814323643,2447.3453,2023.5077,1,,1764.6611082877248,3000,164234.7976628673,6739307.1,0.0,3420.2999999998137,6903541.897662867,0.0004956869167578315,-0.04464035630862784,690.3541897662867,221.00729280993949,
45589,2235.9423,2251.9828,2223.3768,2244.9642,2235.9423,2251.9828,2223.3768,2244.9642,28.606000000000222,75.05677308197583,2447.3453,2023.5077,1,,1764.6611082877248,3000,164234.7976628673,6734892.6,0.0,-4414.5,6899127.397662867,-0.0006394543649390627,-0.045251265202872815,689.9127397662867,220.86252470846665,
45590,2252.6073,2305.4456,2252.6073,2298.2709,2252.6073,2305.4456,2252.6073,2298.2709,60.48140000000012,73.66864231226386,2447.3453,2023.5077,1,,1764.6611082877248,3000,164234.7976628673,6894812.7,0.0,159920.10000000056,7059047.497662867,0.023179757494284692,-0.023120421062300278,705.9047497662867,226.1069078241871,
45593,2305.4709,2366.5709,2304.4458,2366.5709,2305.4709,2366.5709,2304.4458,2366.5709,68.30000000000018,73.15734304442923,2447.3453,2027.9966,1,,1764.6611082877248,3000,164234.7976628673,7099712.7,0.0,204900.0,7263947.497662867,0.02902657902044692,0.0,726.3947497662867,232.82635147392915,
45594,2377.3832,2378.7168,2321.3292,2321.3292,2377.3832,2378.7168,2321.3292,2321.3292,57.38760000000002,71.6554627544836,2447.3453,2066.3461,1,,1764.6611082877248,3000,164234.7976628673,6963987.600000001,0.0,-135725.09999999963,7128222.397662868,-0.01868475784601531,-0.01868475784601531,712.8222397662868,228.3754136442288,
45595,2304.7673,2342.5002,2304.7673,2334.1643,2304.7673,2342.5002,2304.7673,2334.1643,37.73289999999997,68.42474249215182,2447.3453,2066.3461,1,,1764.6611082877248,3000,164234.7976628673,7002492.899999999,0.0,38505.29999999888,7166727.697662867,0.005401809574940186,-0.013383879774913066,716.6727697662867,229.63814762942354,
45596,2336.6602,2391.4798,2332.5632,2377.0018,2336.6602,2391.4798,2332.5632,2377.0018,58.91660000000002,67.51920511194689,2447.3453,2094.0066,1,,1764.6611082877248,3000,164234.7976628673,7131005.4,0.0,128512.50000000093,7295240.197662868,0.017931824037616284,0.0,729.5240197662868,233.85255710740051,
45597,2370.0342,2378.8019,2273.334,2274.5729,2370.0342,2378.8019,2273.334,2274.5729,105.4679000000001,71.13336652985672,2447.3453,2094.0066,1,,1764.6611082877248,3000,164234.7976628673,6823718.7,0.0,-307286.7000000002,6987953.497662867,-0.042121532900101566,-0.042121532900101566,698.7953497662868,223.77546747848305,
45600,2262.8925,2321.0845,2262.8925,2321.0845,2262.8925,2321.0845,2262.8925,2321.0845,58.19200000000001,69.90085543177513,2447.3453,2182.1192,1,,1764.6611082877248,3000,164234.7976628673,6963253.5,0.0,139534.7999999998,7127488.297662867,0.01996790620410782,-0.022994705514116198,712.7488297662867,228.35133973703856,
45601,2321.8719,2395.0998,2321.8719,2395.0998,2321.8719,2395.0998,2321.8719,2395.0998,74.01530000000002,70.2927072954156,2447.3453,2214.2404,1,,1764.6611082877248,3000,164234.7976628673,7185299.399999999,0.0,222045.89999999944,7349534.197662867,0.031153456972045745,0.0,734.9534197662866,235.63306210261325,
45602,2405.2367,2438.0127,2391.3788,2416.5875,2405.2367,2438.0127,2391.3788,2416.5875,46.63390000000027,68.03948755299508,2395.0998,2223.3768,1,,1764.6611082877248,3000,164234.7976628673,7249762.5,0.0,64463.10000000056,7413997.297662867,0.008771045656267518,0.0,741.3997297662867,237.7470502331047,
45603,2401.7923,2473.0504,2396.2256,2473.049,2401.7923,2473.0504,2396.2256,2473.049,76.82479999999987,68.87618397651934,2438.0127,2223.3768,1,,1764.6611082877248,3000,164234.7976628673,7419147.0,0.0,169384.5,7583381.797662867,0.022846582376472524,0.0,758.3381797662868,243.30180671377687,
45604,2494.0049,2514.2516,2472.4889,2482.1227,2494.0049,2514.2516,2472.4889,2482.1227,41.76270000000022,66.29394740732704,2473.0504,2252.6073,1,,1764.6611082877248,3000,164234.7976628673,7446368.1,0.0,27221.099999999627,7610602.897662867,0.003589572663793561,0.0,761.0602897662867,244.19448922980416,
45607,2474.7766,2537.5929,2474.3257,2537.5929,2474.7766,2537.5929,2474.3257,2537.5929,63.26720000000023,66.00568574948639,2514.2516,2262.8925,1,,1764.6611082877248,3000,164234.7976628673,7612778.7,0.0,166410.60000000056,7777013.497662867,0.021865626447426845,0.0,777.7013497662867,249.65172031530818,
45608,2542.2337,2547.8974,2481.7027,2507.4179,2542.2337,2547.8974,2481.7027,2507.4179,66.19470000000001,66.02368710667817,2537.5929,2262.8925,1,,1764.6611082877248,3000,164234.7976628673,7522253.7,0.0,-90525.0,7686488.497662867,-0.011640072378324207,-0.011640072378324207,768.6488497662867,246.68306420797336,
45609,2492.0117,2517.2303,2445.5121,2508.8272,2492.0117,2517.2303,2445.5121,2508.8272,71.71820000000025,66.56602166794694,2547.8974,2262.8925,1,,1764.6611082877248,3000,164234.7976628673,7526481.600000001,0.0,4227.9000000003725,7690716.397662868,0.0005500431050258214,-0.011096431814851981,769.0716397662868,246.82171299180328,
45610,2500.9723,2506.1806,2427.6472,2430.5804,2500.9723,2506.1806,2427.6472,2430.5804,81.18000000000029,67.95782912814249,2547.8974,2262.8925,1,,1764.6611082877248,3000,164234.7976628673,7291741.199999999,0.0,-234740.4000000013,7455975.9976628665,-0.030522566151488406,-0.04128030639222613,745.5975997662866,239.1236901020135,
45611,2419.6522,2458.8619,2377.8294,2378.0039,2419.6522,2458.8619,2377.8294,2378.0039,81.0324999999998,69.20303587784319,2547.8974,2262.8925,1,,1764.6611082877248,3000,164234.7976628673,7134011.7,0.0,-157729.49999999907,7298246.497662867,-0.021154775719428365,-0.061561806488297566,729.8246497662867,233.9511450207447,
45614,2389.0235,2402.0898,2293.1203,2307.7814,2389.0235,2402.0898,2293.1203,2307.7814,108.96950000000015,72.99031817519148,2547.8974,2262.8925,1,,1764.6611082877248,3000,164234.7976628673,6923344.199999999,0.0,-210667.50000000093,7087578.9976628665,-0.028865495303216138,-0.08865028975546829,708.7578997662866,227.0425632975527,
45615,2309.1066,2379.7421,2302.2199,2379.7421,2309.1066,2379.7421,2302.2199,2379.7421,77.52219999999988,73.42192596803037,2547.8974,2293.1203,1,,1764.6611082877248,3000,164234.7976628673,7139226.3,0.0,215882.10000000056,7303461.097662867,0.030459216055466642,-0.0608912920290432,730.3461097662866,234.12215141828466,
45616,2374.8214,2450.8363,2372.44,2444.9983,2374.8214,2450.8363,2372.44,2444.9983,78.39629999999988,73.89567587583699,2547.8974,2293.1203,1,,1764.6611082877248,3000,164234.7976628673,7334994.9,0.0,195768.60000000056,7499229.697662868,0.026804907616013285,-0.03571856987048805,749.9229697662868,240.5421420287722,
45617,2440.3078,2464.0902,2425.41,2453.8735,2440.3078,2464.0902,2425.41,2453.8735,38.68020000000024,70.5418210305192,2547.8974,2293.1203,1,,1764.6611082877248,3000,164234.7976628673,7361620.5,0.0,26625.599999999627,7525855.297662867,0.0035504446554421865,-0.03229494202054273,752.5855297662868,241.41529585425084,
45618,2448.1529,2465.8593,2370.1911,2371.1367,2448.1529,2465.8593,2370.1911,2371.1367,95.66820000000007,72.9348095038031,2547.8974,2293.1203,1,,1764.6611082877248,3000,164234.7976628673,7113410.1,0.0,-248210.40000000037,7277644.897662867,-0.03298102211413523,-0.06421084393772358,727.7644897662867,233.2755408709422,
45621,2377.7006,2407.8501,2345.8916,2407.8501,2377.7006,2407.8501,2345.8916,2407.8501,61.958500000000186,71.88944669391711,2547.8974,2293.1203,1,,1764.6611082877248,3000,164234.7976628673,7223550.300000001,0.0,110140.20000000112,7387785.097662868,0.015134044261402746,-0.05004856943053648,738.7785097662868,236.88745335250064,
45622,2402.6187,2427.4989,2375.9178,2377.6208,2402.6187,2427.4989,2375.9178,2377.6208,51.58109999999988,69.95531843735357,2547.8974,2293.1203,1,,1764.6611082877248,3000,164234.7976628673,7132862.4,0.0,-90687.90000000037,7297097.197662868,-0.012275384137620526,-0.061709588152858874,729.7097197662868,233.91345513989233,
45623,2359.0763,2418.5787,2312.6563,2418.5787,2359.0763,2418.5787,2312.6563,2418.5787,105.92239999999993,73.38075477665322,2547.8974,2293.1203,1,,1764.6611082877248,3000,164234.7976628673,7255736.1,0.0,122873.69999999925,7419970.897662867,0.01683870951305866,-0.04590998846887673,741.9970897662866,237.94294710272936,
45624,2421.6358,2458.5137,2421.6358,2427.5938,2421.6358,2458.5137,2421.6358,2427.5938,39.934999999999945,70.19544479792434,2547.8974,2293.1203,1,,1764.6611082877248,3000,164234.7976628673,7282781.4,0.0,27045.300000000745,7447016.197662868,0.0036449334334343053,-0.04243239388734121,744.7016197662867,238.82986447383905,
45625,2419.1457,2481.4821,2404.7607,2471.1295,2419.1457,2481.4821,2404.7607,2471.1295,76.72140000000036,70.8169643409792,2547.8974,2293.1203,1,,1764.6611082877248,3000,164234.7976628673,7413388.5,0.0,130607.09999999963,7577623.297662867,0.017538178585000175,-0.025638402204126387,757.7623297662867,243.11296378426474,
45628,2474.4844,2534.694,2474.4844,2531.7734,2474.4844,2534.694,2474.4844,2531.7734,63.56449999999995,70.12625345136213,2547.8974,2293.1203,1,,1764.6611082877248,3000,164234.7976628673,7595320.2,0.0,181931.7000000002,7759554.997662867,0.024009071558903194,-0.0022448848783979125,775.9554997662867,249.07919026670388,
45629,2535.0403,2553.6293,2515.9394,2540.511,2535.0403,2553.6293,2515.9394,2540.511,37.68989999999985,67.03707693218477,2547.8974,2302.2199,1,,1764.6611082877248,3000,164234.7976628673,7621533.0,0.0,26212.799999999814,7785767.797662867,0.0033781318655379255,0.0,778.5767797662867,249.93880682357045,
45630,2533.9458,2549.1056,2491.8766,2504.7565,2533.9458,2549.1056,2491.8766,2504.7565,57.228999999999814,66.10297436721478,2553.6293,2312.6563,1,,1764.6611082877248,3000,164234.7976628673,7514269.5,0.0,-107263.5,7678504.297662867,-0.013776868613034954,-0.013776868613034954,767.8504297662867,246.42123218265235,
45631,2494.9063,2550.6271,2494.9063,2547.4249,2494.9063,2550.6271,2494.9063,2547.4249,55.720800000000054,65.11419585605148,2553.6293,2312.6563,1,,1764.6611082877248,3000,164234.7976628673,7642274.7,0.0,128005.20000000019,7806509.497662867,0.016670590395965634,0.0,780.6509497662868,250.61900538067073,
45632,2553.1863,2581.1242,2528.9719,2570.6753,2553.1863,2581.1242,2528.9719,2570.6753,52.152300000000196,63.87972958404659,2553.6293,2312.6563,1,,1764.6611082877248,3000,164234.7976628673,7712025.899999999,0.0,69751.19999999925,7876260.697662867,0.008935004821409853,0.0,787.6260697662866,252.90641025086052,
45635,2566.7308,2582.6079,2542.1404,2566.7099,2566.7308,2582.6079,2542.1404,2566.7099,40.467499999999745,61.64999343318499,2581.1242,2312.6563,1,,1764.6611082877248,3000,164234.7976628673,7700129.699999999,0.0,-11896.200000000186,7864364.4976628665,-0.0015103867757361167,-0.0015103867757361167,786.4364497662866,252.51628899392512,
45636,2637.9077,2641.5384,2588.2056,2592.3694,2637.9077,2641.5384,2588.2056,2592.3694,74.82850000000008,62.90508929669119,2582.6079,2312.6563,1,,1764.6611082877248,3000,164234.7976628673,7777108.2,0.0,76978.50000000093,7941342.997662867,0.009788267065047318,0.0,794.1342997662867,255.04070428427005,
45637,2582.0497,2635.5793,2581.8814,2635.5793,2582.0497,2635.5793,2581.8814,2635.5793,53.69789999999966,62.028214125577705,2641.5384,2312.6563,1,,1764.6611082877248,3000,164234.7976628673,7906737.899999999,0.0,129629.69999999925,8070972.697662867,0.016323397697108666,0.0,807.0972697662867,259.29175096305465,
45638,2634.5009,2663.7905,2617.1378,2663.7905,2634.5009,2663.7905,2617.1378,2663.7905,46.652700000000095,60.56387944695127,2641.5384,2404.7607,1,,1764.6611082877248,3000,164234.7976628673,7991371.5,0.0,84633.60000000056,8155606.297662867,0.010486171019325585,0.0,815.5606297662868,262.06720584872966,
45639,2647.3379,2660.7066,2620.3197,2621.8223,2647.3379,2660.7066,2620.3197,2621.8223,43.470800000000054,58.9359671186702,2663.7905,2404.7607,1,,1764.6611082877248,3000,164234.7976628673,7865466.899999999,0.0,-125904.60000000056,8029701.697662867,-0.015437797682323229,-0.015437797682323229,802.9701697662867,257.93831924578524,
45642,2623.7849,2636.2004,2588.5981,2602.4299,2623.7849,2636.2004,2588.5981,2602.4299,47.602300000000014,57.85657025022542,2663.7905,2474.4844,1,,1764.6611082877248,3000,164234.7976628673,7807289.7,0.0,-58177.199999999255,7971524.497662867,-0.007245250470130471,-0.022571197441538016,797.1524497662867,256.0304694795589,
45643,2593.6877,2594.3618,2483.216,2487.4074,2593.6877,2594.3618,2483.216,2487.4074,119.2139000000002,63.70012546448968,2663.7905,2491.8766,0,2491.8766,,0,7634631.656802867,0.0,5232.94086,-336892.8408600008,7634631.656802867,-0.04226203418916574,-0.06387932691273912,763.4631656802867,244.71440495243658,SELL
45644,2484.2442,2529.6785,2453.4492,2508.2061,2484.2442,2529.6785,2453.4492,2508.2061,76.22929999999997,64.89338018215733,2663.7905,2483.216,0,,,0,7634631.656802867,0.0,0.0,0.0,7634631.656802867,0.0,-0.06387932691273912,763.4631656802867,246.760608358555,
45645,2477.0073,2521.1055,2471.3288,2512.3021,2477.0073,2521.1055,2471.3288,2512.3021,49.776700000000346,63.45369635528523,2663.7905,2453.4492,0,,,0,7634631.656802867,0.0,0.0,0.0,7634631.656802867,0.0,-0.06387932691273912,763.4631656802867,247.16357821491437,
45646,2504.888,2564.9046,2504.888,2545.813,2504.888,2564.9046,2504.888,2545.813,60.016599999999926,63.12635384525806,2663.7905,2453.4492,0,,,0,7634631.656802867,0.0,0.0,0.0,7634631.656802867,0.0,-0.06387932691273912,763.4631656802867,250.4604245429106,
45649,2539.0436,2540.8558,2415.9728,2421.6529,2539.0436,2540.8558,2415.9728,2421.6529,129.8402000000001,69.48005347904301,2663.7905,2453.4492,0,,,0,7634631.656802867,0.0,0.0,0.0,7634631.656802867,0.0,-0.06387932691273912,763.4631656802867,238.2453909338866,
45650,2429.7436,2455.6388,2396.9567,2445.9536,2429.7436,2455.6388,2396.9567,2445.9536,58.68209999999999,68.4516769572294,2663.7905,2415.9728,0,,,0,7634631.656802867,0.0,0.0,0.0,7634631.656802867,0.0,-0.06387932691273912,763.4631656802867,240.63612569668723,
45651,2438.326,2439.4227,2355.815,2388.9483,2438.326,2439.4227,2355.815,2388.9483,90.13859999999977,70.517098199398,2663.7905,2396.9567,0,,,0,7634631.656802867,0.0,0.0,0.0,7634631.656802867,0.0,-0.06387932691273912,763.4631656802867,235.02786945822987,
45652,2383.4851,2442.2583,2383.4851,2429.6606,2383.4851,2442.2583,2383.4851,2429.6606,58.77320000000009,69.39863170421725,2663.7905,2355.815,0,,,0,7634631.656802867,0.0,0.0,0.0,7634631.656802867,0.0,-0.06387932691273912,763.4631656802867,239.03319897069534,
45653,2431.3702,2476.3753,2426.6533,2447.4776,2431.3702,2476.3753,2426.6533,2447.4776,49.72200000000021,67.5246667800061,2663.7905,2355.815,0,,,0,7634631.656802867,0.0,0.0,0.0,7634631.656802867,0.0,-0.06387932691273912,763.4631656802867,240.78605881707097,
45656,2439.3411,2440.8682,2392.5,2419.2275,2439.3411,2440.8682,2392.5,2419.2275,54.977600000000166,66.32970803905316,2663.7905,2355.815,0,,,0,7634631.656802867,0.0,0.0,0.0,7634631.656802867,0.0,-0.06387932691273912,763.4631656802867,238.00677689833628,
45657,2422.2284,2430.8795,2348.1075,2348.1075,2422.2284,2430.8795,2348.1075,2348.1075,82.77199999999993,67.89564060676237,2663.7905,2355.815,0,,,0,7634631.656802867,0.0,0.0,0.0,7634631.656802867,0.0,-0.06387932691273912,763.4631656802867,231.00989794709682,
45659,2341.6988,2383.0601,2291.2907,2313.7993,2341.6988,2383.0601,2291.2907,2313.7993,91.76940000000013,70.16933197754692,2663.7905,2348.1075,0,,,0,7634631.656802867,0.0,0.0,0.0,7634631.656802867,0.0,-0.06387932691273912,763.4631656802867,227.63461219857444,
45660,2318.9757,2326.0747,2207.8776,2211.0665,2318.9757,2326.0747,2207.8776,2211.0665,118.19710000000032,74.74340512254247,2663.7905,2291.2907,0,,,0,7634631.656802867,0.0,0.0,0.0,7634631.656802867,0.0,-0.06387932691273912,763.4631656802867,217.5276244887615,
45663,2199.5782,2228.2003,2147.2016,2192.4701,2199.5782,2228.2003,2147.2016,2192.4701,80.9987000000001,75.33914749182415,2663.7905,2207.8776,0,,,0,7634631.656802867,0.0,0.0,0.0,7634631.656802867,0.0,-0.06387932691273912,763.4631656802867,215.69808624735504,
45664,2194.7487,2256.7723,2191.7444,2256.7082,2194.7487,2256.7723,2191.7444,2256.7082,65.02790000000005,74.35712392117424,2663.7905,2147.2016,0,,,0,7634631.656802867,0.0,0.0,0.0,7634631.656802867,0.0,-0.06387932691273912,763.4631656802867,222.01791484349695,
45665,2245.9164,2279.4925,2188.1329,2264.0206,2245.9164,2279.4925,2188.1329,2264.0206,91.35959999999977,75.97640735725285,2663.7905,2147.2016,0,,,0,7634631.656802867,0.0,0.0,0.0,7634631.656802867,0.0,-0.06387932691273912,763.4631656802867,222.73731835366348,
45666,2249.6485,2289.8422,2247.9394,2276.2734,2249.6485,2289.8422,2247.9394,2276.2734,41.90279999999984,72.73130189465734,2663.7905,2147.2016,0,,,0,7634631.656802867,0.0,0.0,0.0,7634631.656802867,0.0,-0.06387932691273912,763.4631656802867,223.94276490053846,
45667,2270.7924,2293.087,2206.9074,2206.9074,2270.7924,2293.087,2206.9074,2206.9074,86.17959999999994,74.01209219040426,2663.7905,2147.2016,0,,,0,7634631.656802867,0.0,0.0,0.0,7634631.656802867,0.0,-0.06387932691273912,763.4631656802867,217.11844677157788,
45670,2174.2691,2223.0508,2144.8892,2206.3599,2174.2691,2223.0508,2144.8892,2206.3599,78.16159999999991,74.40728341036575,2660.7066,2147.2016,0,,,0,7634631.656802867,0.0,0.0,0.0,7634631.656802867,0.0,-0.06387932691273912,763.4631656802867,217.06458300293608,
45671,2219.17,2324.7826,2219.17,2324.7826,2219.17,2324.7826,2219.17,2324.7826,118.42270000000008,78.59922784747378,2636.2004,2144.8892,0,,,0,7634631.656802867,0.0,0.0,0.0,7634631.656802867,0.0,-0.06387932691273912,763.4631656802867,228.71516366911925,
45672,2326.7197,2340.0561,2309.5422,2318.0474,2326.7197,2340.0561,2309.5422,2318.0474,30.51389999999992,74.01967281438104,2594.3618,2144.8892,0,,,0,7634631.656802867,0.0,0.0,0.0,7634631.656802867,0.0,-0.06387932691273912,763.4631656802867,228.05254585257836,
45673,2329.6077,2367.2933,2307.6718,2335.1331,2329.6077,2367.2933,2307.6718,2335.1331,59.62149999999974,72.64841826063044,2564.9046,2144.8892,0,,,0,7634631.656802867,0.0,0.0,0.0,7634631.656802867,0.0,-0.06387932691273912,763.4631656802867,229.73345944505854,
45674,2324.5171,2349.0309,2309.3827,2332.6573,2324.5171,2349.0309,2309.3827,2332.6573,39.64820000000009,69.5055403310466,2564.9046,2144.8892,0,,,0,7634631.656802867,0.0,0.0,0.0,7634631.656802867,0.0,-0.06387932691273912,763.4631656802867,229.48988699135384,
45677,2350.0233,2369.9656,2329.8779,2360.7668,2350.0233,2369.9656,2329.8779,2360.7668,40.08770000000004,66.7038412518993,2564.9046,2144.8892,0,,,0,7634631.656802867,0.0,0.0,0.0,7634631.656802867,0.0,-0.06387932691273912,763.4631656802867,232.25533649753868,
45678,2370.8168,2374.8359,2331.1978,2365.5769,2370.8168,2374.8359,2331.1978,2365.5769,43.63810000000012,64.50710398981367,2540.8558,2144.8892,0,,,0,7634631.656802867,0.0,0.0,0.0,7634631.656802867,0.0,-0.06387932691273912,763.4631656802867,232.72856044921696,
45679,2350.5758,2356.0244,2325.9878,2334.365,2350.5758,2356.0244,2325.9878,2334.365,39.589100000000144,62.13396075268858,2476.3753,2144.8892,0,,,0,7634631.656802867,0.0,0.0,0.0,7634631.656802867,0.0,-0.06387932691273912,763.4631656802867,229.6578927588599,
45680,2358.9609,2389.5515,2328.3962,2328.3962,2358.9609,2389.5515,2328.3962,2328.3962,61.1552999999999,62.040754966718225,2476.3753,2144.8892,0,,,0,7634631.656802867,0.0,0.0,0.0,7634631.656802867,0.0,-0.06387932691273912,763.4631656802867,229.0706743802863,
45681,2319.679,2364.5748,2316.0589,2362.2023,2319.679,2364.5748,2316.0589,2362.2023,48.515899999999874,60.752673541316476,2476.3753,2144.8892,0,,,0,7634631.656802867,0.0,0.0,0.0,7634631.656802867,0.0,-0.06387932691273912,763.4631656802867,232.39656287175836,
45684,2369.1023,2377.2659,2322.824,2322.824,2369.1023,2377.2659,2322.824,2322.824,54.441899999999805,60.1516474897625,2476.3753,2144.8892,0,,,0,7634631.656802867,0.0,0.0,0.0,7634631.656802867,0.0,-0.06387932691273912,763.4631656802867,228.5224740302849,
45693,2343.4121,2361.7179,2331.606,2355.0711,2343.4121,2361.7179,2331.606,2355.0711,38.89390000000003,58.12710010978512,2440.8682,2219.17,0,,,0,7634631.656802867,0.0,0.0,0.0,7634631.656802867,0.0,-0.06387932691273912,763.4631656802867,231.69498605543276,
45694,2350.2119,2421.6349,2343.6798,2421.6349,2350.2119,2421.6349,2343.6798,2421.6349,77.95510000000013,60.01548105171035,2430.8795,2307.6718,0,,,0,7634631.656802867,0.0,0.0,0.0,7634631.656802867,0.0,-0.06387932691273912,763.4631656802867,238.24362007026002,
45695,2422.7909,2481.1611,2421.6406,2458.5009,2422.7909,2481.1611,2421.6406,2458.5009,59.52619999999979,59.96888285630935,2421.6349,2307.6718,1,2422.7909,2362.77541894829,2500,1576443.0113528667,6146252.25,1211.39545,88063.60455000028,7722695.261352867,0.011534754852453366,-0.05308140443636411,772.2695261352867,241.87054554011928,BUY
45698,2464.7941,2512.8083,2458.4725,2512.8083,2464.7941,2512.8083,2458.4725,2512.8083,54.33580000000029,59.43239877475611,2481.1611,2309.3827,1,,2362.77541894829,2500,1576443.0113528667,6282020.75,0.0,135768.5,7858463.761352867,0.01758045545049991,-0.03643414425180769,785.8463761352866,247.21337883534628,
45699,2509.409,2518.6153,2484.497,2505.6511,2509.409,2518.6153,2484.497,2505.6511,34.11830000000009,57.02153222477934,2512.8083,2316.0589,1,,2362.77541894829,2500,1576443.0113528667,6264127.75,0.0,-17893.0,7840570.761352867,-0.002276908126496169,-0.03862809517917498,784.0570761352867,246.50924410489336,
45700,2498.8111,2538.4526,2496.5231,2538.4526,2498.8111,2538.4526,2496.5231,2538.4526,41.92950000000019,55.584195822419424,2518.6153,2316.0589,1,,2362.77541894829,2500,1576443.0113528667,6346131.5,0.0,82003.75,7922574.511352867,0.010458900569357388,-0.02857320201648028,792.2574511352867,249.73629872973984,
45701,2537.4603,2543.5343,2504.2783,2510.6488,2537.4603,2543.5343,2504.2783,2510.6488,39.25599999999986,54.02912955361756,2538.4526,2316.0589,1,,2362.77541894829,2500,1576443.0113528667,6276622.0,0.0,-69509.5,7853065.011352867,-0.008773600033725737,-0.03709611220403064,785.3065011352867,247.00092439081308,
45702,2500.7364,2516.9331,2490.0374,2506.6525,2500.7364,2516.9331,2490.0374,2506.6525,26.895700000000033,51.44499340565398,2543.5343,2316.0589,1,,2362.77541894829,2500,1576443.0113528667,6266631.25,0.0,-9990.75,7843074.261352867,-0.0012722102752946718,-0.038321128424205764,784.3074261352867,246.60776315131875,
45705,2514.8614,2552.0871,2513.88,2551.3773,2514.8614,2552.0871,2513.88,2551.3773,45.434600000000046,50.87257498606789,2543.5343,2316.0589,1,,2362.77541894829,2500,1576443.0113528667,6378443.25,0.0,111812.0,7954886.261352867,0.014256144500755186,-0.024611295467698135,795.4886261352866,251.00784768054248,
45706,2544.9821,2549.2725,2473.3866,2479.3598,2544.9821,2549.2725,2473.3866,2479.3598,77.99070000000029,53.45525355882336,2552.0871,2322.824,1,,2362.77541894829,2500,1576443.0113528667,6198399.5,0.0,-180043.75,7774842.511352867,-0.02263310172952493,-0.04668736724320732,777.4842511352867,243.92267150125554,
45707,2478.3514,2552.7549,2478.3514,2552.7549,2478.3514,2552.7549,2478.3514,2552.7549,74.4034999999999,55.450324648459215,2552.0871,2331.606,1,,2362.77541894829,2500,1576443.0113528667,6381887.25,0.0,183487.75,7958330.261352867,0.023600188651033083,-0.02418900926673384,795.8330261352867,251.14337777676332,
45708,2554.7963,2589.8445,2552.1222,2584.4687,2554.7963,2589.8445,2552.1222,2584.4687,37.72230000000036,53.76194134860599,2552.7549,2343.6798,1,,2362.77541894829,2500,1576443.0113528667,6461171.75,0.0,79284.5,8037614.761352867,0.009962454107367291,-0.014467537054089097,803.7614761352867,254.26342304790813,
45709,2587.1601,2619.3799,2568.5453,2617.6703,2587.1601,2619.3799,2568.5453,2617.6703,50.83459999999968,53.48314693445301,2589.8445,2421.6406,1,,2362.77541894829,2500,1576443.0113528667,6544175.750000001,0.0,83004.00000000093,8120618.761352868,0.01032694430679948,-0.004289998196703726,812.0618761352868,257.529840035921,
45712,2612.7384,2638.4584,2594.0902,2622.3816,2612.7384,2638.4584,2594.0902,2622.3816,44.36819999999989,52.61505675021938,2619.3799,2458.4725,1,,2362.77541894829,2500,1576443.0113528667,6555954.0,0.0,11778.249999999069,8132397.011352867,0.0014504128744541323,-0.002845807590865612,813.2397011352866,257.99334391391557,
45713,2583.1266,2643.7823,2578.2224,2619.679,2583.1266,2643.7823,2578.2224,2619.679,65.55989999999974,53.84789896448417,2638.4584,2473.3866,1,,2362.77541894829,2500,1576443.0113528667,6549197.5,0.0,-6756.5,8125640.511352867,-0.0008308128575827967,-0.003674256114911678,812.5640511352866,257.72745857851595,
45714,2626.8072,2666.0302,2626.8072,2661.1473,2626.8072,2666.0302,2626.8072,2661.1473,46.35120000000006,53.13392763453331,2643.7823,2473.3866,1,,2362.77541894829,2500,1576443.0113528667,6652868.25,0.0,103670.75,8229311.261352867,0.012758471145155159,0.0,822.9311261352867,261.80716436329783,
45715,2659.3462,2672.862,2604.3239,2653.2951,2659.3462,2672.862,2604.3239,2653.2951,68.53810000000021,54.600991669339685,2666.0302,2473.3866,1,,2362.77541894829,2500,1576443.0113528667,6633237.75,0.0,-19630.5,8209680.761352867,-0.0023854365665071375,-0.0023854365665071375,820.9680761352868,261.03465462059637,
45716,2638.0716,2638.3091,2537.9734,2542.8524,2638.0716,2638.3091,2537.9734,2542.8524,115.32169999999996,60.38391627225971,2672.862,2473.3866,1,,2362.77541894829,2500,1576443.0113528667,6357131.000000001,0.0,-276106.74999999907,7933574.011352868,-0.03363184976689637,-0.03593705968917027,793.3574011352869,250.16915682886335,
45719,2550.1111,2591.5235,2526.6644,2547.4529,2550.1111,2591.5235,2526.6644,2547.4529,64.85909999999967,60.81012424633018,2672.862,2473.3866,1,,2362.77541894829,2500,1576443.0113528667,6368632.250000001,0.0,11501.25,7945075.261352868,0.0014496934147891771,-0.034539463993159436,794.5075261352868,250.62176005742322,
45720,2524.4634,2587.01,2523.1746,2587.01,2524.4634,2587.01,2523.1746,2587.01,63.83540000000039,61.09824574667972,2672.862,2473.3866,1,,2362.77541894829,2500,1576443.0113528667,6467525.000000001,0.0,98892.75,8043968.011352868,0.01244705012185876,-0.022522328310805584,804.3968011352869,254.51343947758738,
45721,2584.3033,2606.1013,2561.1456,2605.9622,2584.3033,2606.1013,2561.1456,2605.9622,44.95569999999998,59.56086043747213,2672.862,2478.3514,1,,2362.77541894829,2500,1576443.0113528667,6514905.5,0.0,47380.49999999907,8091348.511352867,0.005890190007360685,-0.016764799096603777,809.1348511352868,256.37798179001254,
45722,2617.1002,2668.1022,2617.1002,2659.6743,2617.1002,2668.1022,2617.1002,2659.6743,62.13999999999987,59.806492776760486,2672.862,2523.1746,1,,2362.77541894829,2500,1576443.0113528667,6649185.75,0.0,134280.25,8225628.761352867,0.01659553408329817,-0.00044748580811304617,822.5628761352867,261.6622486898561,
45723,2648.6495,2676.6872,2626.2967,2644.2955,2648.6495,2676.6872,2626.2967,2644.2955,50.390499999999975,58.90973155992615,2672.862,2523.1746,1,,2362.77541894829,2500,1576443.0113528667,6610738.75,0.0,-38447.0,8187181.761352867,-0.004674049986383877,-0.005119444223461556,818.7181761352867,260.14926215983184,
45726,2648.9813,2660.5167,2632.462,2654.6475,2648.9813,2660.5167,2632.462,2654.6475,28.05470000000014,55.97115712564749,2676.6872,2523.1746,1,,2362.77541894829,2500,1576443.0113528667,6636618.75,0.0,25880.0,8213061.761352867,0.0031610388964571356,-0.0019745880893231593,821.3061761352867,261.16770550774004,
45727,2615.2313,2662.3533,2613.5177,2662.3533,2615.2313,2662.3533,2613.5177,2662.3533,48.83560000000034,55.29158025653823,2676.6872,2523.1746,1,,2362.77541894829,2500,1576443.0113528667,6655883.250000001,0.0,19264.50000000093,8232326.261352868,0.002345592978571176,0.0,823.2326261352866,261.9258122262786,
45728,2674.9065,2702.128,2671.4433,2681.8863,2674.9065,2702.128,2671.4433,2681.8863,39.77469999999994,53.813782136867914,2676.6872,2523.1746,1,,2362.77541894829,2500,1576443.0113528667,6704715.75,0.0,48832.49999999907,8281158.761352867,0.0059317984309301686,0.0,828.1158761352866,263.84749440505476,
45729,2675.4565,2680.9126,2601.0292,2632.5662,2675.4565,2680.9126,2601.0292,2632.5662,80.85710000000017,56.38933621907099,2702.128,2523.1746,1,,2362.77541894829,2500,1576443.0113528667,6581415.500000001,0.0,-123300.24999999907,8157858.511352868,-0.01488925083472925,-0.01488925083472925,815.7858511352869,258.9953182300966,
45730,2628.9243,2680.758,2608.6737,2679.8238,2628.9243,2680.758,2608.6737,2679.8238,72.08429999999998,57.884094674397566,2702.128,2523.1746,1,,2362.77541894829,2500,1576443.0113528667,6699559.5,0.0,118143.99999999907,8276002.511352867,0.014482232050921695,-0.0006226483694604656,827.6002511352867,263.64458294784254,
45733,2688.5601,2708.0723,2678.7774,2700.723,2688.5601,2708.0723,2678.7774,2700.723,29.29489999999987,55.16131422921683,2702.128,2523.1746,1,,2362.77541894829,2500,1576443.0113528667,6751807.5,0.0,52248.0,8328250.511352867,0.006313192864348061,0.0,832.8250511352867,265.7006736758761,
45734,2707.1717,2718.3559,2694.3788,2716.9011,2707.1717,2718.3559,2694.3788,2716.9011,23.977100000000064,52.19138906452952,2708.0723,2523.1746,1,,2362.77541894829,2500,1576443.0113528667,6792252.75,0.0,40445.25,8368695.761352867,0.004856392101182161,0.0,836.8695761352867,267.29229638905167,
45735,2708.0625,2717.8662,2689.6344,2702.1068,2708.0625,2717.8662,2689.6344,2702.1068,28.23180000000002,49.909523439336226,2718.3559,2561.1456,1,,2362.77541894829,2500,1576443.0113528667,6755267.0,0.0,-36985.75,8331710.011352867,-0.0044195357382690315,-0.0044195357382690315,833.1710011352866,265.836813736235,
45736,2696.748,2730.4471,2687.9753,2705.7788,2696.748,2730.4471,2687.9753,2705.7788,42.4717999999998,49.20116882606609,2718.3559,2601.0292,1,,2362.77541894829,2500,1576443.0113528667,6764447.0,0.0,9180.0,8340890.011352867,0.0011018146319892175,-0.003322590615422838,834.0890011352867,266.19806991605714,
45737,2691.0187,2694.3814,2641.1789,2648.5611,2691.0187,2694.3814,2641.1789,2648.5611,64.59990000000016,50.66771465215505,2730.4471,2601.0292,1,,2362.77541894829,2500,1576443.0113528667,6621402.75,0.0,-143044.25,8197845.761352867,-0.01714975857555978,-0.020415367564082687,819.7845761352867,260.5689174868061,
45740,2644.9419,2647.9257,2538.8046,2598.3669,2644.9419,2647.9257,2538.8046,2598.3669,109.75649999999996,56.29521801861647,2730.4471,2601.0292,0,2601.0292,,0,8074464.210252867,0.0,4551.8011,-123381.55109999981,8074464.210252867,-0.015050484565305888,-0.035158590954970426,807.4464210252867,255.63074620651497,SELL
45741,2591.963,2602.7397,2561.9026,2572.8175,2591.963,2602.7397,2561.9026,2572.8175,40.83710000000019,54.823016302557775,2730.4471,2538.8046,0,,,0,8074464.210252867,0.0,0.0,0.0,8074464.210252867,0.0,-0.035158590954970426,807.4464210252867,253.11716269868597,
45742,2562.7383,2611.6041,2561.8673,2603.1516,2562.7383,2611.6041,2561.8673,2603.1516,49.73680000000013,54.338614749933235,2730.4471,2538.8046,0,,,0,8074464.210252867,0.0,0.0,0.0,8074464.210252867,0.0,-0.035158590954970426,807.4464210252867,256.1014712728535,
45743,2594.5934,2612.2322,2560.887,2584.219,2594.5934,2612.2322,2560.887,2584.219,51.34519999999975,54.05352763089195,2730.4471,2538.8046,0,,,0,8074464.210252867,0.0,0.0,0.0,8074464.210252867,0.0,-0.035158590954970426,807.4464210252867,254.238857234155,
45744,2577.5479,2591.3719,2545.2395,2545.2395,2577.5479,2591.3719,2545.2395,2545.2395,46.13239999999996,53.29913452318795,2730.4471,2538.8046,0,,,0,8074464.210252867,0.0,0.0,0.0,8074464.210252867,0.0,-0.035158590954970426,807.4464210252867,250.40400286014153,
45747,2523.1526,2523.1526,2467.6775,2514.3392,2523.1526,2523.1526,2467.6775,2514.3392,77.56200000000035,55.6098836162177,2730.4471,2538.8046,0,,,0,8074464.210252867,0.0,0.0,0.0,8074464.210252867,0.0,-0.035158590954970426,807.4464210252867,247.36399078678684,
45748,2520.626,2554.2277,2520.626,2536.6711,2520.626,2554.2277,2520.626,2536.6711,39.88850000000002,54.11260898610173,2730.4471,2467.6775,0,,,0,8074464.210252867,0.0,0.0,0.0,8074464.210252867,0.0,-0.035158590954970426,807.4464210252867,249.5610324213648,
45749,2531.5973,2563.2534,2529.2143,2543.5847,2531.5973,2563.2534,2529.2143,2543.5847,34.03909999999996,52.200846225520614,2730.4471,2467.6775,0,,,0,8074464.210252867,0.0,0.0,0.0,8074464.210252867,0.0,-0.035158590954970426,807.4464210252867,250.2412014640713,
45750,2513.4929,2554.5196,2497.6707,2517.5123,2513.4929,2554.5196,2497.6707,2517.5123,56.84889999999996,52.643518013566265,2730.4471,2467.6775,0,,,0,8074464.210252867,0.0,0.0,0.0,8074464.210252867,0.0,-0.035158590954970426,807.4464210252867,247.67616452975892,
45754,2349.1834,2369.9046,2180.4472,2194.4786,2349.1834,2369.9046,2180.4472,2194.4786,337.0650999999998,79.73128772655994,2730.4471,2467.6775,0,,,0,8074464.210252867,0.0,0.0,0.0,8074464.210252867,0.0,-0.035158590954970426,807.4464210252867,215.89568511368748,
45755,2173.4454,2238.6154,2132.6938,2183.1187,2173.4454,2238.6154,2132.6938,2183.1187,105.92160000000013,82.2256031811733,2730.4471,2180.4472,0,,,0,8074464.210252867,0.0,0.0,0.0,8074464.210252867,0.0,-0.035158590954970426,807.4464210252867,214.7780832408221,
45756,2140.3659,2263.6644,2027.0211,2248.3397,2140.3659,2263.6644,2027.0211,2248.3397,236.64330000000018,96.93205049725205,2730.4471,2132.6938,0,,,0,8074464.210252867,0.0,0.0,0.0,8074464.210252867,0.0,-0.035158590954970426,807.4464210252867,221.19461082910652,
45757,2291.8097,2353.7668,2291.8097,2318.5597,2291.8097,2353.7668,2291.8097,2318.5597,105.42709999999988,97.74110283084708,2730.4471,2027.0211,0,,,0,8074464.210252867,0.0,0.0,0.0,8074464.210252867,0.0,-0.035158590954970426,807.4464210252867,228.10294659901703,
45758,2299.5593,2367.2965,2298.9957,2341.0599,2299.5593,2367.2965,2298.9957,2341.0599,68.30079999999998,94.9372644660045,2730.4471,2027.0211,0,,,0,8074464.210252867,0.0,0.0,0.0,8074464.210252867,0.0,-0.035158590954970426,807.4464210252867,230.31654580850355,
45761,2373.7341,2410.0724,2373.7341,2392.1414,2373.7341,2410.0724,2373.7341,2392.1414,69.01249999999982,92.46823927876596,2730.4471,2027.0211,0,,,0,8074464.210252867,0.0,0.0,0.0,8074464.210252867,0.0,-0.035158590954970426,807.4464210252867,235.34201082745372,
45762,2395.5794,2403.5579,2368.5974,2390.9521,2395.5794,2403.5579,2368.5974,2390.9521,34.96049999999968,86.99131172840727,2730.4471,2027.0211,0,,,0,8074464.210252867,0.0,0.0,0.0,8074464.210252867,0.0,-0.035158590954970426,807.4464210252867,235.22500593239312,
45763,2382.3815,2387.1695,2314.5295,2350.1019,2382.3815,2387.1695,2314.5295,2350.1019,76.42259999999987,85.98476775427324,2730.4471,2027.0211,0,,,0,8074464.210252867,0.0,0.0,0.0,8074464.210252867,0.0,-0.035158590954970426,807.4464210252867,231.20610963692178,
45764,2336.2054,2383.9711,2334.3638,2363.2559,2336.2054,2383.9711,2334.3638,2363.2559,49.60730000000012,82.52024701577103,2730.4471,2027.0211,0,,,0,8074464.210252867,0.0,0.0,0.0,8074464.210252867,0.0,-0.035158590954970426,807.4464210252867,232.50021742270084,
45765,2358.9992,2371.3253,2339.6073,2358.631,2358.9992,2371.3253,2339.6073,2358.631,31.717999999999847,77.68193777617377,2730.4471,2027.0211,0,,,0,8074464.210252867,0.0,0.0,0.0,8074464.210252867,0.0,-0.035158590954970426,807.4464210252867,232.0452136901138,
45768,2353.3539,2412.6639,2344.8061,2412.6639,2353.3539,2412.6639,2344.8061,2412.6639,67.85780000000022,76.74630560701439,2694.3814,2027.0211,0,,,0,8074464.210252867,0.0,0.0,0.0,8074464.210252867,0.0,-0.035158590954970426,807.4464210252867,237.36104131503546,
45769,2410.8223,2421.4355,2402.0343,2412.2985,2410.8223,2421.4355,2402.0343,2412.2985,19.401200000000244,71.28486697777494,2647.9257,2027.0211,0,,,0,8074464.210252867,0.0,0.0,0.0,8074464.210252867,0.0,-0.035158590954970426,807.4464210252867,237.3250927834159,
45770,2424.0542,2450.2685,2424.0542,2440.6076,2424.0542,2450.2685,2424.0542,2440.6076,37.970000000000255,68.11202250370116,2612.2322,2027.0211,0,,,0,8074464.210252867,0.0,0.0,0.0,8074464.210252867,0.0,-0.035158590954970426,807.4464210252867,240.1101791995932,
45771,2435.7768,2444.4331,2401.826,2415.5516,2435.7768,2444.4331,2401.826,2415.5516,42.60710000000017,65.68298226525344,2612.2322,2291.8097,0,,,0,8074464.210252867,0.0,0.0,0.0,8074464.210252867,0.0,-0.035158590954970426,807.4464210252867,237.645137031395,
45772,2416.8123,2439.9799,2405.7869,2422.4874,2416.8123,2439.9799,2405.7869,2422.4874,34.192999999999756,62.683936335229276,2612.2322,2298.9957,0,,,0,8074464.210252867,0.0,0.0,0.0,8074464.210252867,0.0,-0.035158590954970426,807.4464210252867,238.327490139241,
45775,2418.0339,2422.5668,2384.8741,2388.0251,2418.0339,2422.5668,2384.8741,2388.0251,37.69270000000006,60.30381858901697,2591.3719,2314.5295,0,,,0,8074464.210252867,0.0,0.0,0.0,8074464.210252867,0.0,-0.035158590954970426,807.4464210252867,234.93704383044883,
45776,2379.3456,2419.1044,2369.4422,2411.6782,2379.3456,2419.1044,2369.4422,2411.6782,49.66220000000021,59.29033110434871,2563.2534,2314.5295,0,,,0,8074464.210252867,0.0,0.0,0.0,8074464.210252867,0.0,-0.035158590954970426,807.4464210252867,237.26406685521772,
45777,2415.4954,2454.1677,2415.4954,2442.8915,2415.4954,2454.1677,2415.4954,2442.8915,42.489500000000135,57.690251951553606,2563.2534,2314.5295,0,,,0,8074464.210252867,0.0,0.0,0.0,8074464.210252867,0.0,-0.035158590954970426,807.4464210252867,240.3348722794124,
45783,2463.1419,2522.3095,2463.1419,2522.3095,2463.1419,2522.3095,2463.1419,2522.3095,79.41799999999967,59.759561289500844,2563.2534,2334.3638,0,,,0,8074464.210252867,0.0,0.0,0.0,8074464.210252867,0.0,-0.035158590954970426,807.4464210252867,248.14811936250481,
45784,2551.0582,2558.2591,2513.9309,2540.9823,2551.0582,2558.2591,2513.9309,2540.9823,44.32820000000038,58.289907833357944,2554.5196,2339.6073,1,2554.5196,2494.7600387104994,2700,1175881.8496688672,6860652.21,1379.440584,-37930.15058400016,8036534.059668867,-0.0046975439603580416,-0.03969097588873316,803.6534059668867,249.98517393619304,BUY
45785,2531.174,2570.4981,2528.1293,2568.667,2531.174,2570.4981,2528.1293,2568.667,42.36879999999974,56.77361184922859,2558.2591,2344.8061,1,,2494.7600387104994,2700,1175881.8496688672,6935400.899999999,0.0,74748.68999999948,8111282.749668866,0.009301110335004248,-0.030759035699774007,811.1282749668867,252.70883106079057,
45786,2565.1076,2565.4159,2518.0447,2530.3446,2565.1076,2565.4159,2518.0447,2530.3446,50.622299999999996,56.18777262549253,2570.4981,2369.4422,1,,2494.7600387104994,2700,1175881.8496688672,6831930.42,0.0,-103470.47999999952,8007812.269668867,-0.012756364584161961,-0.04312302681029234,800.7812269668866,248.9386230472785,
45789,2547.9906,2570.7345,2542.8698,2570.7334,2547.9906,2570.7345,2542.8698,2570.7334,40.389900000000125,54.683213327826586,2570.4981,2369.4422,1,,2494.7600387104994,2700,1175881.8496688672,6940980.180000001,0.0,109049.76000000071,8116862.029668868,0.013617921640477038,-0.03009235116981812,811.6862029668868,252.9121262051219,
45790,2594.0673,2596.1524,2558.8363,2562.9121,2594.0673,2596.1524,2558.8363,2562.9121,37.316100000000006,53.02920253470025,2570.7345,2369.4422,1,,2494.7600387104994,2700,1175881.8496688672,6919862.67,0.0,-21117.510000000708,8095744.519668867,-0.002601683991031445,-0.03261574437255865,809.5744519668867,252.14265644497945,
45791,2559.8469,2578.6284,2547.6354,2565.7075,2559.8469,2578.6284,2547.6354,2565.7075,30.992999999999938,50.93051657901451,2596.1524,2369.4422,1,,2494.7600387104994,2700,1175881.8496688672,6927410.25,0.0,7547.5800000000745,8103292.099668867,0.0009322897951711262,-0.03171386190302794,810.3292099668867,252.4176715661872,
45792,2560.3793,2560.3793,2530.2234,2531.9618,2560.3793,2560.3793,2530.2234,2531.9618,35.484100000000126,49.459429285775045,2596.1524,2369.4422,1,,2494.7600387104994,2700,1175881.8496688672,6836296.86,0.0,-91113.38999999966,8012178.709668867,-0.011243996745930351,-0.04260126808891973,801.2178709668868,249.0977253059954,
45793,2523.275,2567.1574,2522.0572,2554.778,2523.275,2567.1574,2522.0572,2554.778,45.10019999999986,49.0442645918917,2596.1524,2369.4422,1,,2494.7600387104994,2700,1175881.8496688672,6897900.6,0.0,61603.73999999929,8073782.449668867,0.007688762599074028,-0.035240056526600894,807.3782449668867,251.34241301025955,
45796,2559.386,2576.7256,2531.1306,2576.7256,2559.386,2576.7256,2531.1306,2576.7256,45.595000000000255,48.71576320218775,2596.1524,2415.4954,1,,2494.7600387104994,2700,1175881.8496688672,6957159.12,0.0,59258.520000000484,8133040.969668867,0.007339623078701063,-0.028159082180077233,813.3040969668867,253.5016467064101,
45797,2578.2092,2599.7004,2564.8975,2598.3569,2578.2092,2599.7004,2564.8975,2598.3569,34.802900000000136,47.390728611503214,2596.1524,2463.1419,1,,2494.7600387104994,2700,1175881.8496688672,7015563.630000001,0.0,58404.51000000071,8191445.479668868,0.007181140512855233,-0.021180155993070215,819.1445479668868,255.62976239338911,
45798,2591.1509,2591.4257,2566.1903,2577.5636,2591.1509,2591.4257,2566.1903,2577.5636,32.16660000000002,45.94081160088386,2599.7004,2513.9309,1,,2494.7600387104994,2700,1175881.8496688672,6959421.72,0.0,-56141.91000000108,8135303.569668867,-0.006853724429875641,-0.02788871747038757,813.5303569668868,253.58409024635858,
45799,2567.9977,2591.7052,2544.1211,2545.831,2567.9977,2591.7052,2544.1211,2545.831,47.584100000000035,46.09731525794255,2599.7004,2518.0447,1,,2494.7600387104994,2700,1175881.8496688672,6873743.7,0.0,-85678.01999999955,8049625.549668867,-0.010531631581571888,-0.03812663535427885,804.9625549668867,250.46219540653718,
45800,2540.527,2569.2286,2515.5765,2515.8813,2540.527,2569.2286,2515.5765,2515.8813,53.65209999999979,46.8168185667099,2599.7004,2518.0447,0,2518.0447,,0,7969843.435185866,0.0,4759.104482999999,-79782.11448300071,7969843.435185866,-0.009911282703862212,-0.04766003419659781,796.9843435185866,247.5157046089284,SELL
45803,2513.9443,2547.4564,2512.4006,2547.4564,2513.9443,2547.4564,2512.4006,2547.4564,35.05580000000009,45.696721560356586,2599.7004,2515.5765,0,,,0,7969843.435185866,0.0,0.0,0.0,7969843.435185866,0.0,-0.04766003419659781,796.9843435185866,250.62210439201723,
45804,2544.7108,2557.1493,2525.9436,2552.6575,2544.7108,2557.1493,2525.9436,2552.6575,31.20569999999998,44.31662426889405,2599.7004,2512.4006,0,,,0,7969843.435185866,0.0,0.0,0.0,7969843.435185866,0.0,-0.04766003419659781,796.9843435185866,251.13379543691727,
45805,2551.9076,2561.5018,2538.2359,2543.968,2551.9076,2561.5018,2538.2359,2543.968,23.265899999999874,42.31179338614223,2599.7004,2512.4006,0,,,0,7969843.435185866,0.0,0.0,0.0,7969843.435185866,0.0,-0.04766003419659781,796.9843435185866,250.2789110211862,
45806,2538.3322,2588.547,2538.3322,2588.547,2538.3322,2588.547,2538.3322,2588.547,50.214800000000196,43.06446068270013,2599.7004,2512.4006,0,,,0,7969843.435185866,0.0,0.0,0.0,7969843.435185866,0.0,-0.04766003419659781,796.9843435185866,254.66465155503468,
45807,2580.5569,2580.9872,2538.4907,2543.1976,2580.5569,2580.9872,2538.4907,2543.1976,50.05630000000019,43.73035014149061,2599.7004,2512.4006,0,,,0,7969843.435185866,0.0,0.0,0.0,7969843.435185866,0.0,-0.04766003419659781,796.9843435185866,250.2031180579686,
45811,2530.1544,2565.8611,2530.1544,2564.1167,2530.1544,2565.8611,2530.1544,2564.1167,35.70670000000018,42.966192985158195,2599.7004,2512.4006,0,,,0,7969843.435185866,0.0,0.0,0.0,7969843.435185866,0.0,-0.04766003419659781,796.9843435185866,252.26116657412265,
45812,2565.3612,2591.1784,2565.3612,2591.1784,2565.3612,2591.1784,2565.3612,2591.1784,27.061699999999746,41.45147936752405,2599.7004,2512.4006,0,,,0,7969843.435185866,0.0,0.0,0.0,7969843.435185866,0.0,-0.04766003419659781,796.9843435185866,254.92353214097804,
45813,2590.2067,2610.1068,2576.5923,2606.5146,2590.2067,2610.1068,2576.5923,2606.5146,33.514500000000226,40.69557657061702,2599.7004,2512.4006,1,2599.7004,2558.2489206324763,3000,169182.41494586624,7819543.8,1559.82024,18882.779759999365,7988726.214945866,0.002369278633082672,-0.04540367546418922,798.8726214945866,256.432327627086,BUY
45814,2601.5377,2606.2148,2591.559,2601.4941,2601.5377,2606.2148,2591.559,2601.4941,14.955599999999777,38.24415023055823,2610.1068,2512.4006,1,,2558.2489206324763,3000,169182.41494586624,7804482.3,0.0,-15061.5,7973664.714945866,-0.0018853443708988227,-0.0472034182711335,797.3664714945866,255.93840424723928,
45817,2606.3876,2638.8858,2606.3876,2638.8858,2606.3876,2638.8858,2606.3876,2638.8858,37.39170000000013,38.1629644943146,2610.1068,2512.4006,1,,2558.2489206324763,3000,169182.41494586624,7916657.4,0.0,112175.10000000056,8085839.814945866,0.014068198753045102,-0.0337992865881499,808.5839814945867,259.617048773126,
45818,2638.9769,2639.8531,2581.9406,2617.3296,2638.9769,2639.8531,2581.9406,2617.3296,57.91249999999991,40.0438726377132,2638.8858,2512.4006,1,,2558.2489206324763,3000,169182.41494586624,7851988.8,0.0,-64668.60000000056,8021171.214945866,-0.007997759228480783,-0.041526727260404184,802.1171214945866,257.4963215227223,
45819,2616.8585,2635.122,2612.3632,2628.8683,2616.8585,2635.122,2612.3632,2628.8683,22.758800000000065,38.39767524364528,2639.8531,2525.9436,1,,2558.2489206324763,3000,169182.41494586624,7886604.9,0.0,34616.10000000056,8055787.314945866,0.0043155917100361485,-0.03739034795027807,805.5787314945867,258.6315139742784,
45820,2620.2468,2637.4568,2612.4019,2635.583,2620.2468,2637.4568,2612.4019,2635.583,25.05490000000009,37.126934744250505,2639.8531,2530.1544,1,,2558.2489206324763,3000,169182.41494586624,7906749.0,0.0,20144.099999999627,8075931.414945866,0.0025005749546820333,-0.03498327036322724,807.5931414945867,259.2921149739112,
45821,2624.3373,2626.2206,2580.0682,2582.0367,2624.3373,2626.2206,2580.0682,2582.0367,55.51479999999992,38.87816000670283,2639.8531,2530.1544,1,,2558.2489206324763,3000,169182.41494586624,7746110.100000001,0.0,-160638.89999999944,7915292.514945867,-0.01989106788384931,-0.05417848364148248,791.5292514945867,254.02415969569478,
45824,2571.93,2609.6711,2571.93,2609.6711,2571.93,2609.6711,2571.93,2609.6711,37.74110000000019,38.76986857749306,2639.8531,2530.1544,1,,2558.2489206324763,3000,169182.41494586624,7829013.3,0.0,82903.19999999925,7998195.714945866,0.010473801169503139,-0.04427213713730549,799.8195714945866,256.7428682402692,
45825,2612.4901,2619.8507,2595.3922,2605.9732,2612.4901,2619.8507,2595.3922,2605.9732,24.458500000000186,37.40688109392231,2639.8531,2530.1544,1,,2558.2489206324763,3000,169182.41494586624,7817919.6,0.0,-11093.700000000186,7987102.014945866,-0.0013870253236326624,-0.045597755885597335,798.7102014945866,256.379063984451,
45826,2595.5394,2600.5489,2575.6143,2598.6865,2595.5394,2600.5489,2575.6143,2598.6865,30.35889999999972,36.735644799263014,2639.8531,2565.3612,1,,2558.2489206324763,3000,169182.41494586624,7796059.499999999,0.0,-21860.10000000056,7965241.914945865,-0.002736925102383214,-0.048209883345284865,796.5241914945865,255.662188874018,
45827,2590.3349,2602.1334,2542.6611,2547.9906,2590.3349,2602.1334,2542.6611,2547.9906,59.47230000000036,38.90104053266657,2639.8531,2571.93,0,2571.93,,0,7879571.361945865,0.0,5401.052999999999,-85670.5530000003,7879571.361945865,-0.010755549412661214,-0.05844690897544724,787.9571361945865,250.67465968920163,SELL
45828,2542.2199,2560.6286,2520.7839,2524.8062,2542.2199,2560.6286,2520.7839,2524.8062,39.8447000000001,38.99091286288881,2639.8531,2542.6611,0,,,0,7879571.361945865,0.0,0.0,0.0,7879571.361945865,0.0,-0.05844690897544724,787.9571361945865,248.39374798564262,
45831,2507.6384,2573.8411,2506.5869,2573.8394,2507.6384,2573.8411,2506.5869,2573.8394,67.25420000000031,41.682654494994665,2639.8531,2520.7839,0,,,0,7879571.361945865,0.0,0.0,0.0,7879571.361945865,0.0,-0.05844690897544724,787.9571361945865,253.21769856201936,
45832,2574.7233,2631.0436,2574.7233,2631.0436,2574.7233,2631.0436,2574.7233,2631.0436,57.20420000000013,43.1608969240428,2639.8531,2506.5869,0,,,0,7879571.361945865,0.0,0.0,0.0,7879571.361945865,0.0,-0.05844690897544724,787.9571361945865,258.8455228435505,
45833,2634.4342,2657.7672,2626.8881,2657.4055,2634.4342,2657.7672,2626.8881,2657.4055,30.879099999999653,41.99120197889584,2639.8531,2506.5869,1,2639.8531,2596.692203075957,2900,222466.25714786546,7706475.949999999,1531.1147979999998,49370.84520199988,7928942.207147865,0.006265676511343576,-0.05254744188883176,792.8942207147865,261.439041167857,BUY
45834,2653.0555,2677.9948,2647.2103,2652.534,2653.0555,2677.9948,2647.2103,2652.534,30.784499999999753,40.923897028524785,2657.7672,2506.5869,1,,2596.692203075957,2900,222466.25714786546,7692348.600000001,0.0,-14127.349999998696,7914814.857147866,-0.0017817446048810082,-0.054235560372627,791.4814857147866,260.95977660358585,
45835,2657.8247,2673.1379,2651.6202,2664.9703,2657.8247,2673.1379,2651.6202,2664.9703,21.517700000000332,39.07568778771293,2677.9948,2506.5869,1,,2596.692203075957,2900,222466.25714786546,7728413.87,0.0,36065.26999999955,7950880.1271478655,0.004556678918070878,-0.049926015489115905,795.0880127147865,262.18327612132066,
45838,2670.096,2705.9813,2670.096,2705.9813,2670.096,2705.9813,2670.096,2705.9813,41.01099999999997,39.26000323650217,2677.9948,2506.5869,1,,2596.692203075957,2900,222466.25714786546,7847345.77,0.0,118931.89999999944,8069812.027147865,0.014958331417161297,-0.0357144939579791,806.9812027147865,266.21799213185614,
45839,2707.2869,2714.13,2685.0366,2713.6682,2707.2869,2714.13,2685.0366,2713.6682,29.0934000000002,38.29175530921627,2705.9813,2506.5869,1,,2596.692203075957,2900,222466.25714786546,7869637.78,0.0,22292.010000000708,8092104.037147866,0.002762395198922629,-0.03305075630569798,809.2104037147866,266.9742394435868,
45840,2706.0368,2706.0709,2677.8206,2690.6791,2706.0368,2706.0709,2677.8206,2690.6791,35.84760000000006,38.058978613100436,2714.13,2506.5869,1,,2596.692203075957,2900,222466.25714786546,7802969.39,0.0,-66668.3900000006,8025435.647147865,-0.008238696597813178,-0.04101715774998027,802.5435647147866,264.7125416103761,
45841,2687.5574,2710.7597,2685.8972,2709.8858,2687.5574,2710.7597,2685.8972,2709.8858,24.862500000000182,36.80217112613851,2714.13,2506.5869,1,,2596.692203075957,2900,222466.25714786546,7858668.82,0.0,55699.43000000063,8081135.077147866,0.0069403621745811606,-0.03436146950555585,808.1135077147867,266.60212196685495,
45842,2708.3826,2709.7361,2678.61,2680.6835,2708.3826,2709.7361,2678.61,2680.6835,31.27579999999989,36.27585006650626,2714.13,2506.5869,1,,2596.692203075957,2900,222466.25714786546,7773982.15,0.0,-84686.66999999993,7996448.407147866,-0.010479551349101945,-0.04448092807054371,799.6448407147866,263.7291613622742,
45845,2676.139,2698.6939,2674.6534,2698.6939,2676.139,2698.6939,2674.6534,2698.6939,24.040500000000065,35.11057863160091,2714.13,2506.5869,1,,2596.692203075957,2900,222466.25714786546,7826212.3100000005,0.0,52230.16000000015,8048678.567147866,0.006531669728940148,-0.038239793072997075,804.8678567147865,265.5010481545043,
45846,2700.2559,2733.4372,2696.2571,2733.4372,2700.2559,2733.4372,2696.2571,2733.4372,37.18010000000004,35.30767590478178,2714.13,2574.7233,1,,2596.692203075957,2900,222466.25714786546,7926967.88,0.0,100755.56999999937,8149434.137147865,0.012518274790007222,-0.026200214520590515,814.9434137147866,268.9191396121336,
45847,2736.1334,2750.4114,2723.3106,2731.206,2736.1334,2750.4114,2723.3106,2731.206,27.100800000000163,34.52606867575496,2733.4372,2626.8881,1,,2596.692203075957,2900,222466.25714786546,7920497.4,0.0,-6470.479999999516,8142963.657147866,-0.0007939790531595881,-0.026973391152232518,814.2963657147865,268.6996312274879,
45848,2725.2449,2736.4932,2714.2802,2729.9444,2725.2449,2736.4932,2714.2802,2729.9444,22.212999999999738,33.35339546854018,2750.4114,2647.2103,1,,2596.692203075957,2900,222466.25714786546,7916838.76,0.0,-3658.640000000596,8139305.017147865,-0.0004493007894967871,-0.027410572775789288,813.9305017147866,268.5755133635272,
45849,2729.0977,2750.2601,2713.98,2742.9699,2729.0977,2750.2601,2713.98,2742.9699,36.28009999999995,33.632129233441105,2750.4114,2651.6202,1,,2596.692203075957,2900,222466.25714786546,7954612.71,0.0,37773.950000000186,8177078.967147865,0.004640930634792317,-0.02289685270790931,817.7078967147866,269.8569791506387,
45852,2741.4974,2762.0658,2735.9544,2760.4326,2741.4974,2762.0658,2735.9544,2760.4326,26.111399999999776,32.915869306446695,2750.4114,2670.096,1,,2596.692203075957,2900,222466.25714786546,8005254.54,0.0,50641.830000000075,8227720.797147865,0.006193144300484121,-0.016845511920272283,822.7720797147865,271.57498249796447,
45853,2752.9553,2754.7339,2711.5318,2741.4809,2752.9553,2754.7339,2711.5318,2741.4809,48.90079999999989,34.438243658213665,2762.0658,2674.6534,1,,2596.692203075957,2900,222466.25714786546,7950294.61,0.0,-54959.9299999997,8172760.867147866,-0.00667984869139604,-0.023412835140911747,817.2760867147865,269.71048937619554,
45854,2740.1706,2763.0444,2736.531,2759.0598,2740.1706,2763.0444,2736.531,2759.0598,26.513400000000274,33.68349664314572,2762.0658,2674.6534,1,,2596.692203075957,2900,222466.25714786546,8001273.42,0.0,50978.80999999959,8223739.677147865,0.006237648553369501,-0.01732122762478916,822.3739677147865,271.43992463204404,
45855,2756.9667,2789.0395,2751.7507,2789.0395,2756.9667,2789.0395,2751.7507,2789.0395,37.28879999999981,34.02685886760802,2763.0444,2674.6534,1,,2596.692203075957,2900,222466.25714786546,8088214.55,0.0,86941.12999999989,8310680.807147865,0.010571970102797978,-0.006932377022584313,831.0680807147864,274.3893668690304,
45856,2791.7303,2795.5037,2774.9074,2790.7649,2791.7303,2795.5037,2774.9074,2790.7649,20.596300000000156,32.747758023073935,2789.0395,2674.6534,1,,2596.692203075957,2900,222466.25714786546,8093218.21,0.0,5003.660000000149,8315684.467147865,0.0006020758246059188,-0.006334475014590835,831.5684467147864,274.55911398576933,
45859,2793.1602,2826.3705,2792.5236,2826.2895,2793.1602,2826.3705,2792.5236,2826.2895,35.60559999999987,33.019933449447834,2795.5037,2674.6534,1,,2596.692203075957,2900,222466.25714786546,8196239.55,0.0,103021.34000000078,8418705.807147866,0.012388798589821448,0.0,841.8705807147866,278.05407076292346,
45860,2828.1202,2832.4101,2813.0446,2826.4909,2828.1202,2832.4101,2813.0446,2826.4909,19.365499999999884,31.719511216167074,2826.3705,2696.2571,1,,2596.692203075957,2900,222466.25714786546,8196823.609999999,0.0,584.0599999986589,8419289.867147865,6.937645920612745e-05,0.0,841.9289867147866,278.0738847592786,
45861,2823.6619,2826.033,2797.6037,2801.4877,2823.6619,2826.033,2797.6037,2801.4877,28.887199999999666,31.449767290817796,2832.4101,2711.5318,1,,2596.692203075957,2900,222466.25714786546,8124314.33,0.0,-72509.27999999933,8346780.587147865,-0.008612279793683175,-0.008612279793683175,834.6780587147865,275.61403712438505,
45862,2799.488,2832.8678,2799.488,2832.8678,2799.488,2832.8678,2799.488,2832.8678,33.37980000000016,31.633579929787544,2832.4101,2711.5318,1,,2596.692203075957,2900,222466.25714786546,8215316.62,0.0,91002.29000000097,8437782.877147866,0.010902681465009945,0.0,843.7782877147865,278.70125255151936,
45863,2834.224,2842.6668,2824.8245,2841.2916,2834.224,2842.6668,2824.8245,2841.2916,17.842299999999796,30.32012469837919,2832.8678,2711.5318,1,,2596.692203075957,2900,222466.25714786546,8239745.64,0.0,24429.019999999553,8462211.897147866,0.0028951941944561632,0.0,846.2211897147865,279.52999705249584,
45866,2844.1019,2861.5064,2839.9474,2861.5064,2844.1019,2861.5064,2839.9474,2861.5064,21.559000000000196,29.485731869962144,2842.6668,2711.5318,1,,2596.692203075957,2900,222466.25714786546,8298368.5600000005,0.0,58622.919999999925,8520834.817147866,0.006927611919025356,0.0,852.0834817147867,281.5187556101944,
45867,2857.9469,2872.0657,2842.0069,2872.0657,2857.9469,2872.0657,2842.0069,2872.0657,30.058800000000247,29.54030978710863,2861.5064,2711.5318,1,,2596.692203075957,2900,222466.25714786546,8328990.53,0.0,30621.97000000067,8551456.787147867,0.0035937758044992663,0.0,855.1456787147866,282.557593404202,
45868,2864.8616,2864.913,2821.3098,2846.3288,2864.8616,2864.913,2821.3098,2846.3288,50.75590000000011,31.56084218833639,2872.0657,2736.531,1,,2596.692203075957,2900,222466.25714786546,8254353.52,0.0,-74637.01000000164,8476819.777147865,-0.00872798774030814,-0.00872798774030814,847.6819777147865,280.02556340026274,
45869,2838.9942,2863.6951,2819.21,2827.9729,2838.9942,2863.6951,2819.21,2827.9729,44.485099999999875,32.7917238846853,2872.0657,2751.7507,1,,2596.692203075957,2900,222466.25714786546,8201121.41,0.0,-53232.109999999404,8423587.667147866,-0.006279726524740403,-0.014952904888928087,842.3587667147865,278.21968586453363,
45870,2826.9439,2844.3298,2821.7788,2840.9412,2826.9439,2844.3298,2821.7788,2840.9412,22.55099999999993,31.816416848048597,2872.0657,2774.9074,1,,2596.692203075957,2900,222466.25714786546,8238729.48,0.0,37608.0700000003,8461195.737147866,0.004464614305217385,-0.010555049536782546,846.1195737147866,279.49552424056515,
45873,2825.1991,2885.3139,2818.4978,2885.3139,2825.1991,2885.3139,2818.4978,2885.3139,66.8161,35.149720005377304,2872.0657,2792.5236,1,,2596.692203075957,2900,222466.25714786546,8367410.3100000005,0.0,128680.83000000007,8589876.567147866,0.01520835045040303,0.0,858.9876567147867,283.8609687096268,
45874,2891.0471,2911.2842,2889.0867,2911.2842,2891.0471,2911.2842,2889.0867,2911.2842,25.970299999999952,34.2754895286747,2885.3139,2797.6037,1,,2596.692203075957,2900,222466.25714786546,8442724.18,0.0,75313.86999999918,8665190.437147865,0.008767747640057832,0.0,866.5190437147866,286.41596091192395,
45875,2909.1754,2946.0201,2906.4026,2946.0201,2909.1754,2946.0201,2906.4026,2946.0201,39.61750000000029,34.784252430705706,2911.2842,2797.6037,1,,2596.692203075957,2900,222466.25714786546,8543458.290000001,0.0,100734.11000000127,8765924.547147866,0.011625146698236666,0.0,876.5924547147866,289.8333243478401,
45876,2947.0449,2955.501,2930.8198,2948.1274,2947.0449,2955.501,2930.8198,2948.1274,24.68119999999999,33.82205696111468,2946.0201,2799.488,1,,2596.692203075957,2900,222466.25714786546,8549569.459999999,0.0,6111.169999998063,8772035.717147864,0.000697150650468048,0.0,877.2035717147863,290.0406432878562,
45877,2940.3877,2949.0813,2925.6974,2941.4675,2940.3877,2949.0813,2925.6974,2941.4675,23.383899999999812,32.82794677434184,2955.501,2818.4978,1,,2596.692203075957,2900,222466.25714786546,8530255.75,0.0,-19313.70999999903,8752722.007147865,-0.0022017363611782637,-0.0022017363611782637,875.2722007147864,289.3854335841532,
45880,2945.4974,2991.5948,2945.4974,2991.5948,2945.4974,2991.5948,2945.4974,2991.5948,50.12729999999965,34.47550422440449,2955.501,2818.4978,1,,2596.692203075957,2900,222466.25714786546,8675624.92,0.0,145369.16999999993,8898091.177147865,0.016608452762613135,0.0,889.8091177147866,294.3170231546322,
45881,2991.4536,2995.4605,2965.8486,2993.3164,2991.4536,2995.4605,2965.8486,2993.3164,29.611900000000333,34.012303822080284,2991.5948,2818.4978,1,,2596.692203075957,2900,222466.25714786546,8680617.56,0.0,4992.640000000596,8903083.817147866,0.0005610911262432516,0.0,890.3083817147866,294.4863964223833,
45882,2995.8504,3026.0511,2993.2,3024.426,2995.8504,3026.0511,2993.2,3024.426,32.851100000000315,33.90171298188219,2995.4605,2818.4978,1,,2596.692203075957,2900,222466.25714786546,8770835.4,0.0,90217.83999999985,8993301.657147866,0.010133324795419174,0.0,899.3301657147865,297.5469997044625,
45883,3026.1941,3027.6139,2966.668,2967.9281,3026.1941,3027.6139,2966.668,2967.9281,60.94589999999971,36.47734984075053,3026.0511,2818.4978,1,,2596.692203075957,2900,222466.25714786546,8606991.49,0.0,-163843.91000000015,8829457.747147866,-0.018218438149439464,-0.018218438149439464,882.9457747147865,291.98866214401215,
45884,2964.3028,3028.2287,2964.3028,3028.2287,2964.3028,3028.2287,2964.3028,3028.2287,63.92590000000018,39.091497474964775,3027.6139,2818.4978,1,,2596.692203075957,2900,222466.25714786546,8781863.23,0.0,174871.74000000022,9004329.487147866,0.01980549032657053,0.0,900.4329487147866,297.9211143218399,
45887,3045.9644,3097.3109,3045.9644,3093.1144,3045.9644,3097.3109,3045.9644,3093.1144,69.08219999999983,41.947754858301444,3028.2287,2818.4978,1,,2596.692203075957,2900,222466.25714786546,8970031.76,0.0,188168.52999999933,9192498.017147865,0.02089756158618772,0.0,919.2498017147866,304.30465465601367,
45888,3094.949,3129.4723,3081.3885,3114.6111,3094.949,3129.4723,3081.3885,3114.6111,48.08379999999988,42.53214010989177,3097.3109,2889.0867,1,,2596.692203075957,2900,222466.25714786546,9032372.19,0.0,62340.4299999997,9254838.447147865,0.006781663687466466,0.0,925.4838447147865,306.41952821831836,
45889,3098.51,3127.8015,3080.8108,3127.8015,3098.51,3127.8015,3080.8108,3127.8015,46.99069999999983,42.95676486133063,3129.4723,2906.4026,1,,2596.692203075957,2900,222466.25714786546,9070624.35,0.0,38252.16000000015,9293090.607147865,0.004133206670051459,0.0,929.3090607147866,307.71721708387554,
45890,3130.555,3137.27,3087.2617,3104.5337,3130.555,3137.27,3087.2617,3104.5337,50.00829999999996,43.628339636442,3129.4723,2925.6974,1,,2596.692203075957,2900,222466.25714786546,9003147.73,0.0,-67476.61999999918,9225613.987147866,-0.00726094502383301,-0.00726094502383301,922.5613987147867,305.42810037884675,
45891,3102.2366,3126.0277,3096.4005,3126.0277,3102.2366,3126.0277,3096.4005,3126.0277,29.627199999999903,42.29489776630466,3137.27,2925.6974,1,,2596.692203075957,2900,222466.25714786546,9065480.33,0.0,62332.59999999963,9287946.587147865,0.006756471719588042,-0.0005535316739559981,928.7946587147866,307.54270831160744,
45894,3140.2877,3170.6394,3129.5538,3162.6244,3140.2877,3170.6394,3129.5538,3162.6244,44.61169999999993,42.51554559808516,3137.27,2945.4974,1,,2596.692203075957,2900,222466.25714786546,9171610.76,0.0,106130.4299999997,9394077.017147865,0.01142668392891677,0.0,939.4077017147865,311.1431396939869,
45895,3154.7912,3180.962,3142.2733,3163.1485,3154.7912,3180.962,3142.2733,3163.1485,38.68870000000015,42.15108411255326,3170.6394,2964.3028,1,,2596.692203075957,2900,222466.25714786546,9173130.649999999,0.0,1519.8899999987334,9395596.907147864,0.00016179237164282156,0.0,939.5596907147864,311.19470133991405,
45896,3164.426,3181.6931,3089.8463,3089.8463,3164.426,3181.6931,3089.8463,3089.8463,91.8467999999998,46.884009435167215,3180.962,2964.3028,1,,2596.692203075957,2900,222466.25714786546,8960554.27,0.0,-212576.37999999896,9183020.527147865,-0.022625106430255393,-0.022625106430255393,918.3020527147866,303.98313468834573,
45897,3083.8322,3115.5447,3007.0534,3112.2762,3083.8322,3115.5447,3007.0534,3112.2762,108.49130000000014,52.75137044134178,3181.6931,2964.3028,1,,2596.692203075957,2900,222466.25714786546,9025600.979999999,0.0,65046.70999999903,9248067.237147864,0.007083367592144674,-0.0157020007837676,924.8067237147865,306.1898176915572,
45898,3111.2623,3124.5263,3085.5487,3101.5438,3111.2623,3124.5263,3085.5487,3101.5438,38.977600000000166,51.439582780261624,3181.6931,2964.3028,1,,2596.692203075957,2900,222466.25714786546,8994477.02,0.0,-31123.95999999903,9216943.277147865,-0.0033654556354196785,-0.019014612032162148,921.6943277147865,305.1339500923407,
45901,3108.8405,3142.3384,3104.4814,3134.7334,3108.8405,3142.3384,3104.4814,3134.7334,40.79460000000017,50.4257748964272,3181.6931,3007.0534,1,,2596.692203075957,2900,222466.25714786546,9090726.86,0.0,96249.83999999985,9313193.117147865,0.010442707208434099,-0.008770468849861879,931.3193117147865,308.3991865046025,
45902,3134.4638,3135.0272,3034.3686,3072.4003,3134.4638,3135.0272,3034.3686,3072.4003,100.6586000000002,55.20985347771986,3181.6931,3007.0534,1,,2596.692203075957,2900,222466.25714786546,8909960.87,0.0,-180765.99000000022,9132427.127147865,-0.019409668384000933,-0.02800990534191483,913.2427127147865,302.2667743089401,
45903,3078.5648,3086.6903,3000.8825,3010.1112,3078.5648,3086.6903,3000.8825,3010.1112,85.80780000000004,58.123943622698924,3181.6931,3007.0534,0,3007.0534,,0,8936816.798745865,0.0,6104.318402,-195610.32840199955,8936816.798745865,-0.021419314458093086,-0.048829266829548024,893.6816798745864,296.1386908910316,SELL
45904,3014.9635,3035.0001,2919.2586,2966.6048,3014.9635,3035.0001,2919.2586,2966.6048,115.74150000000009,63.61132994434666,3181.6931,3000.8825,0,,,0,8936816.798745865,0.0,0.0,0.0,8936816.798745865,0.0,-0.048829266829548024,893.6816798745864,291.85847415306483,
45905,2971.6192,3048.0796,2950.3387,3048.0796,2971.6192,3048.0796,2950.3387,3048.0796,97.74090000000024,66.86176518774224,3181.6931,2919.2586,0,,,0,8936816.798745865,0.0,0.0,0.0,8936816.798745865,0.0,-0.048829266829548024,893.6816798745864,299.8740719198877,
45908,3050.9278,3086.5084,3046.8469,3085.2103,3050.9278,3086.5084,3046.8469,3085.2103,39.66150000000016,64.27126374129061,3181.6931,2919.2586,0,,,0,8936816.798745865,0.0,0.0,0.0,8936816.798745865,0.0,-0.048829266829548024,893.6816798745864,303.527038923189,
45909,3076.6119,3082.5138,3031.3323,3045.3593,3076.6119,3082.5138,3031.3323,3045.3593,53.878000000000156,63.28142909926295,3181.6931,2919.2586,0,,,0,8936816.798745865,0.0,0.0,0.0,8936816.798745865,0.0,-0.048829266829548024,893.6816798745864,299.6064452352553,
45910,3042.7383,3073.8877,3033.2715,3055.1137,3042.7383,3073.8877,3033.2715,3055.1137,40.61620000000039,61.122835851714136,3181.6931,2919.2586,0,,,0,8936816.798745865,0.0,0.0,0.0,8936816.798745865,0.0,-0.048829266829548024,893.6816798745864,300.566095910761,
45911,3050.2816,3113.6487,3022.3915,3113.6487,3050.2816,3113.6487,3022.3915,3113.6487,91.25720000000001,63.99277529440803,3181.6931,2919.2586,0,,,0,8936816.798745865,0.0,0.0,0.0,8936816.798745865,0.0,-0.048829266829548024,893.6816798745864,306.32484604308394,
45912,3114.6987,3132.5776,3097.8876,3113.9337,3114.6987,3132.5776,3097.8876,3113.9337,34.690000000000055,61.20203479017869,3181.6931,2919.2586,0,,,0,8936816.798745865,0.0,0.0,0.0,8936816.798745865,0.0,-0.048829266829548024,893.6816798745864,306.35288471717143,
45915,3114.1207,3121.5083,3098.1745,3110.6046,3114.1207,3121.5083,3098.1745,3110.6046,23.333799999999883,57.59553623873309,3181.6931,2919.2586,0,,,0,8936816.798745865,0.0,0.0,0.0,8936816.798745865,0.0,-0.048829266829548024,893.6816798745864,306.0253634894356,
45916,3112.7465,3160.7777,3105.887,3160.7777,3112.7465,3160.7777,3105.887,3160.7777,54.890699999999924,57.33793278742517,3181.6931,2919.2586,0,,,0,8936816.798745865,0.0,0.0,0.0,8936816.798745865,0.0,-0.048829266829548024,893.6816798745864,310.96145892403115,
45917,3159.5354,3184.8078,3150.8982,3174.1685,3159.5354,3184.8078,3150.8982,3174.1685,33.909599999999955,55.106662998146575,3181.6931,2919.2586,1,3181.6931,3124.355167212575,2800,26294.370609865302,8887671.8,1781.748136,-22850.628135999665,8913966.170609865,-0.002556909093090809,-0.05126132392627336,891.3966170609866,312.27886340463095,BUY
45918,3171.7671,3213.825,3106.8664,3139.755,3171.7671,3213.825,3106.8664,3139.755,106.95859999999993,60.0449427126088,3184.8078,2919.2586,0,3124.355167212575,,0,8768365.102677338,0.0,6123.736127736646,-145601.0679325275,8768365.102677338,-0.016334038647419002,-0.06675805812756275,876.8365102677338,308.89321810389305,SELL
45919,3138.0149,3151.6999,3096.9251,3113.4021,3138.0149,3151.6999,3096.9251,3113.4021,54.77480000000014,59.54302435902703,3213.825,2950.3387,0,,,0,8768365.102677338,0.0,0.0,0.0,8768365.102677338,0.0,-0.06675805812756275,876.8365102677338,306.3005852113998,
45922,3114.6593,3126.7278,3095.3246,3126.7278,3114.6593,3126.7278,3095.3246,3126.7278,31.403200000000197,56.86304108673876,3213.825,3022.3915,0,,,0,8768365.102677338,0.0,0.0,0.0,8768365.102677338,0.0,-0.06675805812756275,876.8365102677338,307.61158506855014,
45923,3125.9943,3127.3577,3020.8608,3082.0908,3125.9943,3127.3577,3020.8608,3082.0908,106.4969000000001,61.59007526895412,3213.825,3022.3915,0,,,0,8768365.102677338,0.0,0.0,0.0,8768365.102677338,0.0,-0.06675805812756275,876.8365102677338,303.22013841857154,
45924,3063.6971,3124.8833,3045.6667,3124.8833,3063.6971,3124.8833,3045.6667,3124.8833,79.21659999999974,63.26879191000609,3213.825,3020.8608,0,,,0,8768365.102677338,0.0,0.0,0.0,8768365.102677338,0.0,-0.06675805812756275,876.8365102677338,307.43012073748207,
45925,3119.0604,3141.4137,3099.5153,3105.76,3119.0604,3141.4137,3099.5153,3105.76,41.89840000000004,61.23351649000551,3213.825,3020.8608,0,,,0,8768365.102677338,0.0,0.0,0.0,8768365.102677338,0.0,-0.06675805812756275,876.8365102677338,305.5487453824731,
45926,3092.3093,3104.6577,3057.6976,3057.6976,3092.3093,3104.6577,3057.6976,3057.6976,48.06240000000025,59.97912444333835,3213.825,3020.8608,0,,,0,8768365.102677338,0.0,0.0,0.0,8768365.102677338,0.0,-0.06675805812756275,876.8365102677338,300.82030338435646,
45929,3057.6181,3085.7916,3031.8768,3083.337,3057.6181,3085.7916,3031.8768,3083.337,53.914800000000014,59.401569734448984,3213.825,3020.8608,0,,,0,8768365.102677338,0.0,0.0,0.0,8768365.102677338,0.0,-0.06675805812756275,876.8365102677338,303.34274121031837,
45930,3092.7389,3108.4439,3088.6367,3093.3127,3092.7389,3108.4439,3088.6367,3093.3127,25.106900000000223,56.13541071212053,3213.825,3020.8608,0,,,0,8768365.102677338,0.0,0.0,0.0,8768365.102677338,0.0,-0.06675805812756275,876.8365102677338,304.3241636702998,
45939,3106.7664,3122.0696,3094.4518,3113.0059,3106.7664,3122.0696,3094.4518,3113.0059,28.75689999999986,53.52793350144238,3213.825,3020.8608,0,,,0,8768365.102677338,0.0,0.0,0.0,8768365.102677338,0.0,-0.06675805812756275,876.8365102677338,306.26160653535254,
45940,3104.0211,3118.94,3084.2233,3091.4807,3104.0211,3118.94,3084.2233,3091.4807,34.716699999999946,51.73638745368596,3213.825,3020.8608,0,,,0,8768365.102677338,0.0,0.0,0.0,8768365.102677338,0.0,-0.06675805812756275,876.8365102677338,304.1439291056391,
45943,2967.3863,3089.329,2961.5763,3085.5392,2967.3863,3089.329,2961.5763,3085.5392,129.9043999999999,59.18096007714443,3213.825,3020.8608,0,,,0,8768365.102677338,0.0,0.0,0.0,8768365.102677338,0.0,-0.06675805812756275,876.8365102677338,303.5593965368991,
45944,3106.296,3122.6154,3026.3946,3036.9306,3106.296,3122.6154,3026.3946,3036.9306,96.22080000000005,62.708563879321154,3213.825,2961.5763,0,,,0,8768365.102677338,0.0,0.0,0.0,8768365.102677338,0.0,-0.06675805812756275,876.8365102677338,298.7772186658471,
45945,3039.5601,3088.795,3015.587,3088.4591,3039.5601,3088.795,3015.587,3088.4591,73.20800000000008,63.70851017652867,3213.825,2961.5763,0,,,0,8768365.102677338,0.0,0.0,0.0,8768365.102677338,0.0,-0.06675805812756275,876.8365102677338,303.846660131524,
45946,3083.6088,3085.9688,3040.363,3050.4203,3083.6088,3085.9688,3040.363,3050.4203,48.096100000000206,62.221613969240245,3213.825,2961.5763,0,,,0,8768365.102677338,0.0,0.0,0.0,8768365.102677338,0.0,-0.06675805812756275,876.8365102677338,300.1043530582618,
45947,3047.068,3053.3591,2961.605,2963.3308,3047.068,3053.3591,2961.605,2963.3308,91.75410000000011,65.03423168645547,3213.825,2961.5763,0,,,0,8768365.102677338,0.0,0.0,0.0,8768365.102677338,0.0,-0.06675805812756275,876.8365102677338,291.5363737356526,
45950,2996.5865,3019.9261,2983.3759,3005.7514,2996.5865,3019.9261,2983.3759,3005.7514,56.59529999999995,64.23052390679304,3213.825,2961.5763,0,,,0,8768365.102677338,0.0,0.0,0.0,8768365.102677338,0.0,-0.06675805812756275,876.8365102677338,295.70976804441165,
45951,3011.743,3063.8456,2997.8741,3063.8456,3011.743,3063.8456,2997.8741,3063.8456,65.9715000000001,64.39633115376515,3213.825,2961.5763,0,,,0,8768365.102677338,0.0,0.0,0.0,8768365.102677338,0.0,-0.06675805812756275,876.8365102677338,301.4251516941459,
45952,3051.3814,3073.3799,3042.5013,3052.4469,3051.3814,3073.3799,3042.5013,3052.4469,30.878600000000006,61.20416628197799,3213.825,2961.5763,0,,,0,8768365.102677338,0.0,0.0,0.0,8768365.102677338,0.0,-0.06675805812756275,876.8365102677338,300.3037326263521,
45953,3044.1549,3049.2378,3002.7467,3045.8366,3044.1549,3049.2378,3002.7467,3045.8366,49.70019999999977,60.108550445599114,3213.825,2961.5763,0,,,0,8768365.102677338,0.0,0.0,0.0,8768365.102677338,0.0,-0.06675805812756275,876.8365102677338,299.6534026357534,
45954,3055.0955,3076.1466,3051.1847,3074.4913,3055.0955,3076.1466,3051.1847,3074.4913,30.309999999999945,57.270593260303954,3213.825,2961.5763,0,,,0,8768365.102677338,0.0,0.0,0.0,8768365.102677338,0.0,-0.06675805812756275,876.8365102677338,302.4724896335611,
45957,3093.0268,3106.7326,3077.1616,3103.5237,3093.0268,3106.7326,3077.1616,3103.5237,32.24129999999968,54.886851045036884,3151.6999,2961.5763,0,,,0,8768365.102677338,0.0,0.0,0.0,8768365.102677338,0.0,-0.06675805812756275,876.8365102677338,305.3287352531332,
45958,3094.6208,3124.2136,3083.4592,3108.8665,3094.6208,3124.2136,3083.4592,3108.8665,40.75440000000026,53.54090332646197,3141.4137,2961.605,0,,,0,8768365.102677338,0.0,0.0,0.0,8768365.102677338,0.0,-0.06675805812756275,876.8365102677338,305.85436693002686,
45959,3104.0183,3118.3317,3087.0311,3118.328,3104.0183,3118.3317,3087.0311,3118.328,31.30060000000003,51.42277920013226,3141.4137,2961.605,0,,,0,8768365.102677338,0.0,0.0,0.0,8768365.102677338,0.0,-0.06675805812756275,876.8365102677338,306.7852017190757,
45960,3110.0764,3110.0764,3067.9235,3071.3842,3110.0764,3110.0764,3067.9235,3071.3842,50.4045000000001,51.32580022869111,3141.4137,2961.605,0,,,0,8768365.102677338,0.0,0.0,0.0,8768365.102677338,0.0,-0.06675805812756275,876.8365102677338,302.1668090572197,
45961,3070.8478,3113.6315,3070.8478,3103.7385,3070.8478,3113.6315,3070.8478,3103.7385,42.78369999999995,50.512266873577666,3141.4137,2961.605,0,,,0,8768365.102677338,0.0,0.0,0.0,8768365.102677338,0.0,-0.06675805812756275,876.8365102677338,305.349867559077,
45964,3109.7018,3127.8194,3089.1693,3127.7601,3109.7018,3127.8194,3089.1693,3127.7601,38.65009999999984,49.38253669514168,3124.2136,2983.3759,1,3124.2136,3073.7013331264225,2800,18817.463061337752,8757728.28,1749.559616,8180.640383999795,8776545.743061338,0.0009329721434045979,-0.06588736939273887,877.6545743061338,307.71314409753444,BUY
45965,3122.7682,3122.7682,3079.2864,3100.9496,3122.7682,3122.7682,3079.2864,3100.9496,48.47370000000001,49.295980819413906,3127.8194,2997.8741,1,,3073.7013331264225,2800,18817.463061337752,8682658.879999999,0.0,-75069.40000000037,8701476.343061337,-0.008553410669493666,-0.07387721833388383,870.1476343061337,305.07549191640106,
45966,3065.2032,3132.9338,3063.9439,3124.9333,3065.2032,3132.9338,3063.9439,3124.9333,68.98989999999958,51.171592169945875,3127.8194,3002.7467,0,3065.2032,,0,8595378.624789337,0.0,6007.798271999999,-106097.71827200055,8595378.624789337,-0.012193070932911776,-0.08516949910332439,859.5378624789337,307.43503980311147,SELL
45967,3128.5835,3145.4888,3112.9067,3143.7167,3128.5835,3145.4888,3112.9067,3143.7167,32.58210000000008,49.401164344236754,3132.9338,3002.7467,1,3132.9338,3081.7622078300537,2700,134765.5805373369,8488035.09,1691.784252,27422.045748000965,8622800.670537338,0.0031903243527766634,-0.08225089307765088,862.2800670537338,309.2829753499718,BUY
45968,3132.9786,3148.3012,3125.6041,3131.1258,3132.9786,3148.3012,3125.6041,3131.1258,22.697099999999864,46.8579201209761,3145.4888,3051.1847,1,,3081.7622078300537,2700,134765.5805373369,8454039.66,0.0,-33995.4299999997,8588805.240537338,-0.003942504448253836,-0.08586912301407323,858.8805240537338,308.0442660813109,
45971,3138.3659,3151.851,3130.8144,3150.3517,3138.3659,3151.851,3130.8144,3150.3517,21.036599999999908,44.39874677612122,3148.3012,3063.9439,1,,3081.7622078300537,2700,134765.5805373369,8505949.59,0.0,51909.9299999997,8640715.170537338,0.0060439058223134,-0.08034420208430149,864.0715170537337,309.93573535899145,
45972,3157.6631,3171.0026,3154.5203,3162.9626,3157.6631,3171.0026,3154.5203,3162.9626,20.650899999999638,42.137047083157256,3151.851,3063.9439,1,,3081.7622078300537,2700,134765.5805373369,8539999.02,0.0,34049.4299999997,8674764.600537337,0.003940580070975974,-0.07672022477487739,867.4764600537337,311.176412253904,
45973,3155.4608,3155.8793,3115.2401,3141.3218,3155.4608,3155.8793,3115.2401,3141.3218,47.722499999999854,42.66899497999941,3171.0026,3063.9439,1,,3081.7622078300537,2700,134765.5805373369,8481568.860000001,0.0,-58430.15999999829,8616334.44053734,-0.006735647904080211,-0.08293911225775208,861.6334440537338,309.0473619444555,
45974,3139.0597,3183.6496,3129.0696,3179.871,3139.0597,3183.6496,3129.0696,3179.871,54.58000000000038,43.8033764104757,3171.0026,3063.9439,1,,3081.7622078300537,2700,134765.5805373369,8585651.700000001,0.0,104082.83999999985,8720417.280537339,0.012079712169750678,-0.07186128069168973,872.0417280537339,312.83988283966244,
45975,3156.5401,3189.7204,3154.8836,3158.8906,3156.5401,3189.7204,3154.8836,3158.8906,34.83680000000004,42.94941675233516,3183.6496,3063.9439,1,,3081.7622078300537,2700,134765.5805373369,8529004.620000001,0.0,-56647.080000000075,8663770.200537339,-0.006495913919902452,-0.07789038991804498,866.3770200537339,310.7758035490468,
45978,3163.7986,3180.8071,3156.087,3178.7502,3163.7986,3180.8071,3156.087,3178.7502,24.720100000000002,41.21329134735086,3189.7204,3063.9439,1,,3081.7622078300537,2700,134765.5805373369,8582625.54,0.0,53620.91999999806,8717391.120537337,0.006189097674436539,-0.07218336347471122,871.7391120537337,312.7296170645141,
45979,3171.7393,3171.7571,3122.3184,3136.8281,3171.7393,3171.7571,3122.3184,3136.8281,56.43179999999984,42.66267312379362,3189.7204,3063.9439,1,,3081.7622078300537,2700,134765.5805373369,8469435.870000001,0.0,-113189.66999999806,8604201.450537339,-0.012984351445851083,-0.08423046076066298,860.4201450537339,308.60526584008,
45980,3132.0937,3140.537,3079.2266,3092.4723,3132.0937,3140.537,3079.2266,3092.4723,61.310399999999845,44.438647112003736,3189.7204,3063.9439,0,3081.7622078300537,,0,8449699.011105685,0.0,5824.530572798802,-154502.4394316543,8449699.011105685,-0.01795662738951853,-0.10067459315145488,844.9699011105685,304.2414840152011,SELL
45981,3105.3309,3111.4343,3061.8474,3066.7756,3105.3309,3111.4343,3061.8474,3066.7756,49.58689999999979,44.9289569108605,3189.7204,3079.2266,0,,,0,8449699.011105685,0.0,0.0,0.0,8449699.011105685,0.0,-0.10067459315145488,844.9699011105685,301.71340894002793,
45982,3026.4627,3049.4223,2944.5572,2944.5633,3026.4627,3049.4223,2944.5572,2944.5633,122.21839999999975,52.289856252683286,3189.7204,3061.8474,0,,,0,8449699.011105685,0.0,0.0,0.0,8449699.011105685,0.0,-0.10067459315145488,844.9699011105685,289.6900024516623,
45985,2963.5558,3012.613,2948.3271,2999.2626,2963.5558,3012.613,2948.3271,2999.2626,68.04970000000003,53.79079375242773,3189.7204,2944.5572,0,,,0,8449699.011105685,0.0,0.0,0.0,8449699.011105685,0.0,-0.10067459315145488,844.9699011105685,295.0713913832924,
45986,3012.959,3071.9933,3012.1889,3051.7084,3012.959,3071.9933,3012.1889,3051.7084,72.73070000000007,55.59459434743462,3189.7204,2944.5572,0,,,0,8449699.011105685,0.0,0.0,0.0,8449699.011105685,0.0,-0.10067459315145488,844.9699011105685,300.23107802700605,
45987,3046.9031,3075.6426,3035.4257,3041.4159,3046.9031,3075.6426,3035.4257,3041.4159,40.21690000000035,54.13005202863136,3189.7204,2944.5572,0,,,0,8449699.011105685,0.0,0.0,0.0,8449699.011105685,0.0,-0.10067459315145488,844.9699011105685,299.21848836719687,
45988,3039.6054,3073.1312,3038.8088,3050.924,3039.6054,3073.1312,3038.8088,3050.924,34.322400000000016,52.243608978285515,3189.7204,2944.5572,0,,,0,8449699.011105685,0.0,0.0,0.0,8449699.011105685,0.0,-0.10067459315145488,844.9699011105685,300.15390772541224,
45989,3048.6667,3091.3782,3040.7371,3091.3782,3048.6667,3091.3782,3040.7371,3091.3782,50.64110000000028,52.090989075591686,3189.7204,2944.5572,0,,,0,8449699.011105685,0.0,0.0,0.0,8449699.011105685,0.0,-0.10067459315145488,844.9699011105685,304.13384502109886,
45992,3095.5327,3116.5192,3094.5625,3112.9618,3095.5327,3116.5192,3094.5625,3112.9618,25.141000000000076,49.52432344934486,3189.7204,2944.5572,0,,,0,8449699.011105685,0.0,0.0,0.0,8449699.011105685,0.0,-0.10067459315145488,844.9699011105685,306.25726791946744,
45993,3107.129,3107.291,3081.1688,3098.2434,3107.129,3107.291,3081.1688,3098.2434,31.79300000000012,47.835625977978694,3189.7204,2944.5572,0,,,0,8449699.011105685,0.0,0.0,0.0,8449699.011105685,0.0,-0.10067459315145488,844.9699011105685,304.8092524082761,
45994,3099.4969,3104.2671,3056.2174,3066.4164,3099.4969,3104.2671,3056.2174,3066.4164,48.04970000000003,47.85601398007596,3189.7204,2944.5572,0,,,0,8449699.011105685,0.0,0.0,0.0,8449699.011105685,0.0,-0.10067459315145488,844.9699011105685,301.6780703725464,
45995,3064.0451,3069.3366,3026.4525,3043.529,3064.0451,3069.3366,3026.4525,3043.529,42.88410000000022,47.38249836292589,3189.7204,2944.5572,0,,,0,8449699.011105685,0.0,0.0,0.0,8449699.011105685,0.0,-0.10067459315145488,844.9699011105685,299.426377918826,
45996,3042.1533,3100.3133,3028.0467,3100.3133,3042.1533,3100.3133,3028.0467,3100.3133,72.26659999999993,49.75241280455199,3189.7204,2944.5572,0,,,0,8449699.011105685,0.0,0.0,0.0,8449699.011105685,0.0,-0.10067459315145488,844.9699011105685,305.0128918872015,
45999,3110.8949,3153.714,3110.8949,3145.7298,3110.8949,3153.714,3110.8949,3145.7298,53.40070000000014,50.099868727928005,3189.7204,2948.3271,0,,,0,8449699.011105685,0.0,0.0,0.0,8449699.011105685,0.0,-0.10067459315145488,844.9699011105685,309.48102677034217,
46000,3136.758,3153.4814,3127.1274,3128.9699,3136.758,3153.4814,3127.1274,3128.9699,26.35400000000027,47.83835742050631,3189.7204,3012.1889,0,,,0,8449699.011105685,0.0,0.0,0.0,8449699.011105685,0.0,-0.10067459315145488,844.9699011105685,307.83216580950307,
46001,3122.0205,3139.1139,3106.0681,3134.4949,3122.0205,3139.1139,3106.0681,3134.4949,33.04579999999987,46.42954242807713,3189.7204,3026.4525,0,,,0,8449699.011105685,0.0,0.0,0.0,8449699.011105685,0.0,-0.10067459315145488,844.9699011105685,308.3757225615503,
46002,3139.213,3140.5679,3081.3346,3081.3346,3139.213,3140.5679,3081.3346,3081.3346,59.23329999999987,47.64894791111739,3189.7204,3026.4525,0,,,0,8449699.011105685,0.0,0.0,0.0,8449699.011105685,0.0,-0.10067459315145488,844.9699011105685,303.14574246999274,
46003,3077.7387,3116.3684,3070.8408,3101.7655,3077.7387,3116.3684,3070.8408,3101.7655,45.52759999999989,47.44691477672525,3189.7204,3026.4525,0,,,0,8449699.011105685,0.0,0.0,0.0,8449699.011105685,0.0,-0.10067459315145488,844.9699011105685,305.1557612293414,
46006,3090.1194,3120.111,3080.4496,3094.4264,3090.1194,3120.111,3080.4496,3094.4264,39.66139999999996,46.70543717894189,3180.8071,3026.4525,0,,,0,8449699.011105685,0.0,0.0,0.0,8449699.011105685,0.0,-0.10067459315145488,844.9699011105685,304.43373093812875,
46007,3089.0905,3089.6953,3027.1743,3041.0041,3089.0905,3089.6953,3027.1743,3041.0041,67.2520999999997,48.66226220951883,3171.7571,3026.4525,0,,,0,8449699.011105685,0.0,0.0,0.0,8449699.011105685,0.0,-0.10067459315145488,844.9699011105685,299.1779749426732,
46008,3035.5666,3067.4483,3006.9562,3063.8605,3035.5666,3067.4483,3006.9562,3063.8605,60.49209999999994,49.788913427659885,3153.714,3026.4525,0,,,0,8449699.011105685,0.0,0.0,0.0,8449699.011105685,0.0,-0.10067459315145488,844.9699011105685,301.4266175757034,
46009,3045.4057,3098.2345,3043.282,3066.0946,3045.4057,3098.2345,3043.282,3066.0946,54.95249999999987,50.28068357740655,3153.714,3006.9562,0,,,0,8449699.011105685,0.0,0.0,0.0,8449699.011105685,0.0,-0.10067459315145488,844.9699011105685,301.64641126615567,
46010,3074.3563,3115.9223,3074.3563,3111.1622,3074.3563,3115.9223,3074.3563,3111.1622,49.82770000000028,50.23754228432024,3153.714,3006.9562,0,,,0,8449699.011105685,0.0,0.0,0.0,8449699.011105685,0.0,-0.10067459315145488,844.9699011105685,306.08022090933457,
46013,3121.0064,3146.1265,3117.0078,3137.9195,3121.0064,3146.1265,3117.0078,3137.9195,34.96429999999964,48.78294778105162,3153.714,3006.9562,0,,,0,8449699.011105685,0.0,0.0,0.0,8449699.011105685,0.0,-0.10067459315145488,844.9699011105685,308.71263920463826,
46014,3135.1428,3136.0222,3106.0437,3118.2996,3135.1428,3136.0222,3106.0437,3118.2996,31.8757999999998,47.172743230475255,3153.714,3006.9562,0,,,0,8449699.011105685,0.0,0.0,0.0,8449699.011105685,0.0,-0.10067459315145488,844.9699011105685,306.78240768979816,
46015,3113.8314,3167.7297,3112.2724,3166.7413,3113.8314,3167.7297,3112.2724,3166.7413,55.45730000000003,47.96174863709666,3153.714,3006.9562,1,3153.714,3106.541256769525,2600,248402.67982568513,8233527.380000001,1639.93128,32231.048720002174,8481930.059825687,0.0038144611633668113,-0.09724415131380204,848.1930059825686,311.5481657197793,BUY
46016,3169.0424,3211.4961,3166.8569,3208.14,3169.0424,3211.4961,3166.8569,3208.14,44.754799999999705,47.65632495737314,3167.7297,3006.9562,1,,3106.541256769525,2600,248402.67982568513,8341164.0,0.0,107636.61999999918,8589566.679825686,0.012690109354923207,-0.08578808087317757,858.9566679825685,315.62102416520503,
46017,3209.5591,3224.2871,3184.337,3206.5109,3209.5591,3224.2871,3184.337,3206.5109,39.95010000000002,46.92239877095665,3211.4961,3006.9562,1,,3106.541256769525,2600,248402.67982568513,8336928.340000001,0.0,-4235.660000000149,8585331.019825686,-0.0004931168425467147,-0.086238894168156,858.5331019825686,315.4607511688684,
46020,3205.0709,3216.4139,3189.2653,3205.927,3205.0709,3216.4139,3189.2653,3205.927,27.148599999999988,45.039179840389345,3224.2871,3006.9562,1,,3106.541256769525,2600,248402.67982568513,8335410.2,0.0,-1518.140000000596,8583812.879825685,-0.00017682952427744425,-0.08640047410980345,858.3812879825684,315.4033063204484,
46021,3190.1136,3219.6321,3183.0277,3200.1755,3190.1136,3219.6321,3183.0277,3200.1755,36.604399999999714,44.23586747463795,3224.2871,3006.9562,1,,3106.541256769525,2600,248402.67982568513,8320456.3,0.0,-14953.900000000373,8568858.979825685,-0.001742104611244022,-0.08799206005668714,856.8858979825684,314.8374662011,
46022,3205.8711,3214.6103,3177.5001,3203.2319,3205.8711,3214.6103,3177.5001,3203.2319,37.11019999999962,43.55723247705335,3224.2871,3006.9562,1,,3106.541256769525,2600,248402.67982568513,8328402.94,0.0,7946.640000000596,8576805.619825685,0.0009273860170542214,-0.08714627664574126,857.6805619825686,315.1381588448932,
46027,3214.4087,3257.0905,3205.953,3257.0905,3214.4087,3257.0905,3205.953,3257.0905,53.85859999999957,44.538315098286326,3224.2871,3043.282,1,,3106.541256769525,2600,248402.67982568513,8468435.299999999,0.0,140032.3599999994,8716837.979825685,0.016326866459035472,-0.0722422358079029,871.6837979825685,320.4368386070308,
46028,3259.9684,3296.7971,3259.3061,3296.7971,3259.9684,3296.7971,3259.3061,3296.7971,39.70659999999998,44.07815175559239,3257.0905,3074.3563,1,,3106.541256769525,2600,248402.67982568513,8571672.459999999,0.0,103237.16000000015,8820075.139825685,0.011843418478000078,-0.06125441236036222,882.0075139825684,324.3432260334268,
46029,3295.0004,3323.0713,3287.1784,3313.9154,3295.0004,3323.0713,3287.1784,3313.9154,35.89290000000028,43.29860396934552,3296.7971,3106.0437,1,,3106.541256769525,2600,248402.67982568513,8616180.04,0.0,44507.580000000075,8864582.719825685,0.0050461678947646416,-0.05651734451466306,886.4582719825686,326.02734685669736,
46030,3306.8,3363.3045,3305.2348,3356.8917,3306.8,3363.3045,3305.2348,3356.8917,58.06970000000001,44.705375019884045,3323.0713,3106.0437,1,,3106.541256769525,2600,248402.67982568513,8727918.42,0.0,111738.38000000082,8976321.099825686,0.01260503551397818,-0.04462471213544794,897.6321099825686,330.2554116608615,
46031,3358.9862,3412.8377,3358.9862,3412.8377,3358.9862,3412.8377,3358.9862,3412.8377,55.94599999999991,45.77591073227603,3363.3045,3112.2724,1,,3106.541256769525,2600,248402.67982568513,8873378.02,0.0,145459.59999999963,9121780.699825685,0.016204812459619466,-0.029143034767047937,912.1780699825684,335.75945257489474,
46034,3436.1502,3508.0483,3430.9324,3507.1141,3436.1502,3508.0483,3430.9324,3507.1141,95.21059999999989,50.48397637682116,3412.8377,3166.8569,1,,3106.541256769525,2600,248402.67982568513,9118496.66,0.0,245118.6400000006,9366899.339825686,0.026871797082852922,-0.0030543634008336484,936.6899339825686,345.0344885529407,
46035,3515.2348,3515.3762,3436.1546,3444.3116,3515.2348,3515.3762,3436.1546,3444.3116,79.22160000000031,53.22089291236203,3508.0483,3177.5001,1,,3106.541256769525,2600,248402.67982568513,8955210.16,0.0,-163286.5,9203612.839825686,-0.017432289392258826,-0.02043340824638007,920.3612839825686,338.85589616914973,
46036,3440.2968,3530.3962,3428.023,3477.3626,3440.2968,3530.3962,3428.023,3477.3626,102.3732,57.902065015946604,3515.3762,3177.5001,1,,3106.541256769525,2600,248402.67982568513,9041142.76,0.0,85932.59999999963,9289545.439825686,0.009336833425690694,-0.011287358149804971,928.9545439825686,342.1074969314868,
46037,3442.8349,3462.7322,3413.4427,3443.4653,3442.8349,3462.7322,3413.4427,3443.4653,63.91989999999987,58.47519215728501,3530.3962,3177.5001,1,,3106.541256769525,2600,248402.67982568513,8953009.78,0.0,-88132.98000000045,9201412.459825685,-0.00948732966224175,-0.020667600924263785,920.1412459825684,338.7726360643067,
46038,3451.5186,3463.3123,3422.0883,3445.0691,3451.5186,3463.3123,3422.0883,3445.0691,41.22400000000016,56.83222147563883,3530.3962,3177.5001,1,,3106.541256769525,2600,248402.67982568513,8957179.66,0.0,4169.88000000082,9205582.339825686,0.00045317825042689996,-0.020223788781064123,920.5582339825686,338.93042001343497,
46041,3433.7781,3488.8,3433.7781,3484.432,3433.7781,3488.8,3433.7781,3484.432,55.02190000000019,56.659809906530384,3530.3962,3205.953,1,,3106.541256769525,2600,248402.67982568513,9059523.2,0.0,102343.5399999991,9307925.879825685,0.011117551961621785,-0.00933107584207682,930.7925879825685,342.80299378269456,
46042,3485.4065,3496.3883,3425.6769,3449.8185,3485.4065,3496.3883,3425.6769,3449.8185,70.71140000000014,57.99805658209893,3530.3962,3259.3061,1,,3106.541256769525,2600,248402.67982568513,8969528.1,0.0,-89995.09999999963,9217930.779825686,-0.009668652411065959,-0.01890950932420432,921.7930779825685,339.3976722194391,
46043,3429.8051,3486.9015,3416.8902,3484.1848,3429.8051,3486.9015,3416.8902,3484.1848,70.01130000000012,59.14217500285143,3530.3962,3287.1784,1,,3106.541256769525,2600,248402.67982568513,9058880.48,0.0,89352.38000000082,9307283.159825686,0.00969332295221359,-0.009399482352738131,930.7283159825687,342.7786739222229,
46044,3492.9219,3519.0616,3485.8755,3519.0616,3492.9219,3519.0616,3485.8755,3519.0616,34.8768,56.831186907341774,3530.3962,3305.2348,1,,3106.541256769525,2600,248402.67982568513,9149560.16,0.0,90679.6799999997,9397962.839825686,0.009742873236242788,0.0,939.7962839825686,346.20989928508266,
46045,3529.6532,3584.3964,3523.1881,3584.3964,3529.6532,3584.3964,3523.1881,3584.3964,65.33480000000009,57.641054820928275,3530.3962,3358.9862,1,,3106.541256769525,2600,248402.67982568513,9319430.64,0.0,169870.48000000045,9567833.319825687,0.018075244911603727,0.0,956.7833319825686,352.6376226667396,
46048,3590.8828,3593.1909,3499.9076,3527.6287,3590.8828,3593.1909,3499.9076,3527.6287,93.28330000000005,61.03555436179225,3584.3964,3413.4427,1,,3106.541256769525,2600,248402.67982568513,9171834.620000001,0.0,-147596.01999999955,9420237.299825687,-0.015426274169530463,-0.015426274169530463,942.0237299825686,347.05274182815305,
46049,3509.7107,3538.5678,3439.435,3537.2076,3509.7107,3538.5678,3439.435,3537.2076,99.13279999999986,64.66386347019298,3593.1909,3413.4427,1,,3106.541256769525,2600,248402.67982568513,9196739.76,0.0,24905.139999998733,9445142.439825686,0.0026437911495562627,-0.01282326686709423,944.5142439825686,347.9951265832997,
46050,3534.7845,3548.3391,3502.0387,3511.3732,3534.7845,3548.3391,3502.0387,3511.3732,46.30040000000008,62.91496218731747,3593.1909,3413.4427,1,,3106.541256769525,2600,248402.67982568513,9129570.32,0.0,-67169.43999999948,9377972.999825686,-0.007111532772314577,-0.019843606556835258,937.7972999825687,345.45350440138316,
46051,3499.4614,3535.6053,3460.6468,3468.8146,3499.4614,3535.6053,3460.6468,3468.8146,74.95850000000019,64.06196578852534,3593.1909,3413.4427,1,,3106.541256769525,2600,248402.67982568513,9018917.96,0.0,-110652.3599999994,9267320.639825687,-0.011799176645321596,-0.031408644983112466,926.7320639825688,341.2665334714869,
46052,3443.6376,3480.8888,3394.8606,3464.6869,3443.6376,3480.8888,3394.8606,3464.6869,86.0282000000002,66.1539880943801,3593.1909,3416.8902,0,3416.8902,,0,9126098.459661685,0.0,6218.740164,-141222.18016400188,9126098.459661685,-0.015238728177495942,-0.04616874535728732,912.6098459661686,340.86044492751853,SELL
46055,3435.6974,3469.5937,3381.3605,3381.3605,3435.6974,3469.5937,3381.3605,3381.3605,88.23320000000012,68.25677018062962,3593.1909,3394.8606,0,,,0,9126098.459661685,0.0,0.0,0.0,9126098.459661685,0.0,-0.04616874535728732,912.6098459661686,332.66268432230817,
46056,3414.7033,3476.9308,3407.5815,3476.9308,3414.7033,3476.9308,3407.5815,3476.9308,95.57030000000032,70.8580587348554,3593.1909,3381.3605,0,,,0,9126098.459661685,0.0,0.0,0.0,9126098.459661685,0.0,-0.04616874535728732,912.6098459661686,342.0650158807115,
46057,3468.6901,3484.4252,3444.3001,3480.8289,3468.6901,3484.4252,3444.3001,3480.8289,40.1251000000002,67.93111028391681,3593.1909,3381.3605,0,,,0,9126098.459661685,0.0,0.0,0.0,9126098.459661685,0.0,-0.04616874535728732,912.6098459661686,342.44851607530967,
46058,3451.0574,3468.0537,3425.8412,3438.212,3451.0574,3468.0537,3425.8412,3438.212,54.98770000000013,66.6984045425914,3593.1909,3381.3605,0,,,0,9126098.459661685,0.0,0.0,0.0,9126098.459661685,0.0,-0.04616874535728732,912.6098459661686,338.25580951488956,
46059,3413.6622,3487.8811,3404.1239,3452.7846,3413.6622,3487.8811,3404.1239,3452.7846,83.75720000000001,68.32305172901127,3593.1909,3381.3605,0,,,0,9126098.459661685,0.0,0.0,0.0,9126098.459661685,0.0,-0.04616874535728732,912.6098459661686,339.68948103070556,
46062,3495.4988,3525.8354,3489.4726,3525.8316,3495.4988,3525.8354,3489.4726,3525.8316,73.05079999999998,68.77331346910543,3593.1909,3381.3605,0,,,0,9126098.459661685,0.0,0.0,0.0,9126098.459661685,0.0,-0.04616874535728732,912.6098459661686,346.8759407713016,
46063,3526.0486,3533.652,3505.2855,3522.2271,3526.0486,3533.652,3505.2855,3522.2271,28.366500000000087,64.92504551966682,3593.1909,3381.3605,0,,,0,9126098.459661685,0.0,0.0,0.0,9126098.459661685,0.0,-0.04616874535728732,912.6098459661686,346.52132533007915,
46064,3515.9096,3530.5107,3506.7889,3506.9743,3515.9096,3530.5107,3506.7889,3506.9743,23.721799999999803,61.00092689874615,3593.1909,3381.3605,0,,,0,9126098.459661685,0.0,0.0,0.0,9126098.459661685,0.0,-0.04616874535728732,912.6098459661686,345.020734845441,
46065,3510.9073,3534.7694,3489.4082,3516.2864,3510.9073,3534.7694,3489.4082,3516.2864,45.36120000000028,59.51142909886559,3593.1909,3381.3605,0,,,0,9126098.459661685,0.0,0.0,0.0,9126098.459661685,0.0,-0.04616874535728732,912.6098459661686,345.9368714663892,
46066,3505.5631,3536.3813,3491.1651,3493.1845,3505.5631,3536.3813,3491.1651,3493.1845,45.216199999999844,58.14997870849743,3593.1909,3381.3605,0,,,0,9126098.459661685,0.0,0.0,0.0,9126098.459661685,0.0,-0.04616874535728732,912.6098459661686,343.66407622111865,
46077,3530.8216,3547.885,3500.6706,3536.6924,3530.8216,3547.885,3500.6706,3536.6924,54.700500000000375,57.821456926735806,3593.1909,3381.3605,0,,,0,9126098.459661685,0.0,0.0,0.0,9126098.459661685,0.0,-0.04616874535728732,912.6098459661686,347.9444405310544,
46078,3541.4079,3577.6478,3530.6541,3573.6295,3541.4079,3577.6478,3530.6541,3573.6295,46.99369999999999,56.79024198133239,3593.1909,3404.1239,0,,,0,9126098.459661685,0.0,0.0,0.0,9126098.459661685,0.0,-0.04616874535728732,912.6098459661686,351.57836091223874,
46079,3577.0768,3602.7188,3567.7181,3601.8886,3577.0768,3602.7188,3567.7181,3601.8886,35.00070000000005,54.71504750691979,3593.1909,3404.1239,1,3593.1909,3536.400658018668,2500,141324.61421168494,9004721.5,1796.59545,19947.654549999163,9146046.114211684,0.002185781211781812,-0.04408387892167909,914.6046114211683,354.3585282627867,BUY
46080,3579.9451,3630.8267,3576.6743,3630.8267,3579.9451,3630.8267,3576.6743,3630.8267,54.15239999999994,54.66146203007028,3602.7188,3404.1239,1,,3536.400658018668,2500,141324.61421168494,9077066.75,0.0,72345.25,9218391.364211684,0.007910002759289103,-0.03652257976630058,921.8391364211684,357.20549652458175,
46083,3581.4837,3612.857,3544.67,3570.2415,3581.4837,3612.857,3544.67,3570.2415,86.1567,57.66100850339692,3630.8267,3404.1239,1,,3536.400658018668,2500,141324.61421168494,8925603.75,0.0,-151463.0,9066928.364211684,-0.016430523940220265,-0.05235301858531205,906.6928364211684,351.24504502519153,
46084,3578.0339,3583.1306,3418.8198,3421.7463,3578.0339,3583.1306,3418.8198,3421.7463,164.31079999999974,67.81813150307337,3630.8267,3489.4082,0,3536.400658018668,,0,8976137.558106821,0.0,6188.7011515326685,-90790.80610486306,8976137.558106821,-0.01001340282594776,-0.06184218954701082,897.613755810682,336.6358923362138,SELL
46085,3372.5109,3458.6599,3372.5109,3419.5692,3372.5109,3458.6599,3372.5109,3419.5692,86.14899999999989,69.56392850278067,3630.8267,3418.8198,0,,,0,8976137.558106821,0.0,0.0,0.0,8976137.558106821,0.0,-0.06184218954701082,897.613755810682,336.42170638057905,
46086,3477.9789,3496.7396,3456.0761,3475.276,3477.9789,3496.7396,3456.0761,3475.276,77.17039999999997,70.2883543596587,3630.8267,3372.5109,0,,,0,8976137.558106821,0.0,0.0,0.0,8976137.558106821,0.0,-0.06184218954701082,897.613755810682,341.90221448464126,
46087,3458.5347,3527.107,3457.2692,3521.9498,3458.5347,3527.107,3457.2692,3521.9498,69.83779999999979,70.24544442064357,3630.8267,3372.5109,0,,,0,8976137.558106821,0.0,0.0,0.0,8976137.558106821,0.0,-0.06184218954701082,897.613755810682,346.49404419209856,
46090,3466.949,3499.3364,3411.2957,3492.6216,3466.949,3499.3364,3411.2957,3492.6216,110.65409999999974,74.09388780915367,3630.8267,3372.5109,0,,,0,8976137.558106821,0.0,0.0,0.0,8976137.558106821,0.0,-0.06184218954701082,897.613755810682,343.60869738026304,
46091,3517.9777,3569.1454,3517.9777,3568.9584,3517.9777,3569.1454,3517.9777,3568.9584,76.52379999999994,74.3253080178057,3630.8267,3372.5109,0,,,0,8976137.558106821,0.0,0.0,0.0,8976137.558106821,0.0,-0.06184218954701082,897.613755810682,351.1188119630102,
46092,3575.7573,3590.5432,3545.106,3559.2449,3575.7573,3590.5432,3545.106,3559.2449,45.43719999999985,71.57405963515751,3630.8267,3372.5109,0,,,0,8976137.558106821,0.0,0.0,0.0,8976137.558106821,0.0,-0.06184218954701082,897.613755810682,350.16318508318926,
46093,3554.8666,3556.2927,3497.5971,3517.9944,3554.8666,3556.2927,3497.5971,3517.9944,61.64780000000019,70.62870157466634,3630.8267,3372.5109,0,,,0,8976137.558106821,0.0,0.0,0.0,8976137.558106821,0.0,-0.06184218954701082,897.613755810682,346.10490674828907,
46094,3503.3635,3527.2938,3463.6534,3471.4975,3503.3635,3527.2938,3463.6534,3471.4975,63.64039999999977,69.96314904374572,3630.8267,3372.5109,0,,,0,8976137.558106821,0.0,0.0,0.0,8976137.558106821,0.0,-0.06184218954701082,897.613755810682,341.5304806950286,
46097,3468.6098,3482.1787,3433.3381,3482.1787,3468.6098,3482.1787,3433.3381,3482.1787,48.840599999999995,67.95147770624612,3630.8267,3372.5109,0,,,0,8976137.558106821,0.0,0.0,0.0,8976137.558106821,0.0,-0.06184218954701082,897.613755810682,342.5813111710406,
46098,3488.4577,3489.5937,3394.7405,3395.1872,3488.4577,3489.5937,3394.7405,3395.1872,94.85320000000002,70.51354649612745,3630.8267,3372.5109,0,,,0,8976137.558106821,0.0,0.0,0.0,8976137.558106821,0.0,-0.06184218954701082,897.613755810682,334.022973217065,
46099,3405.7738,3448.3654,3387.3933,3448.3654,3405.7738,3448.3654,3387.3933,3448.3654,60.972099999999955,69.60483730602006,3630.8267,3372.5109,0,,,0,8976137.558106821,0.0,0.0,0.0,8976137.558106821,0.0,-0.06184218954701082,897.613755810682,339.25471433411786,
46100,3406.4458,3412.5922,3346.9789,3360.3286,3406.4458,3412.5922,3346.9789,3360.3286,101.38650000000007,72.63166232449434,3630.8267,3387.3933,0,,,0,8976137.558106821,0.0,0.0,0.0,8976137.558106821,0.0,-0.06184218954701082,897.613755810682,330.59353839409425,
46101,3375.3851,3387.085,3273.5389,3273.5389,3375.3851,3387.085,3273.5389,3273.5389,113.54610000000002,76.52827543644727,3630.8267,3346.9789,0,,,0,8976137.558106821,0.0,0.0,0.0,8976137.558106821,0.0,-0.06184218954701082,897.613755810682,322.05505378899886,
46104,3206.7676,3239.4876,3078.0531,3097.1313,3206.7676,3239.4876,3078.0531,3097.1313,195.48579999999993,87.85756349011896,3630.8267,3273.5389,0,,,0,8976137.558106821,0.0,0.0,0.0,8976137.558106821,0.0,-0.06184218954701082,897.613755810682,304.6998425505473,
46105,3162.1174,3213.0021,3106.1123,3213.0021,3162.1174,3213.0021,3106.1123,3213.0021,115.87080000000014,90.5254907767743,3630.8267,3078.0531,0,,,0,8976137.558106821,0.0,0.0,0.0,8976137.558106821,0.0,-0.06184218954701082,897.613755810682,316.09936394513784,
46106,3231.7727,3290.7536,3231.7727,3286.4031,3231.7727,3290.7536,3231.7727,3286.4031,77.75149999999985,89.30892022660531,3630.8267,3078.0531,0,,,0,8976137.558106821,0.0,0.0,0.0,8976137.558106821,0.0,-0.06184218954701082,897.613755810682,323.3206506703899,
46107,3284.3085,3301.7759,3223.3057,3234.4746,3284.3085,3301.7759,3223.3057,3234.4746,78.4702000000002,88.27666115740483,3630.8267,3078.0531,0,,,0,8976137.558106821,0.0,0.0,0.0,8976137.558106821,0.0,-0.06184218954701082,897.613755810682,318.2118566796779,
46108,3191.3386,3294.2821,3189.5118,3285.1181,3191.3386,3294.2821,3189.5118,3285.1181,104.77029999999968,89.84748390431862,3630.8267,3078.0531,0,,,0,8976137.558106821,0.0,0.0,0.0,8976137.558106821,0.0,-0.06184218954701082,897.613755810682,323.1942306837147,
46111,3247.7058,3297.1653,3231.6592,3297.1653,3247.7058,3297.1653,3231.6592,3297.1653,65.50610000000006,87.5292568658121,3612.857,3078.0531,0,,,0,8976137.558106821,0.0,0.0,0.0,8976137.558106821,0.0,-0.06184218954701082,897.613755810682,324.37945003272165,
46112,3290.5674,3318.6812,3242.2089,3242.2182,3290.5674,3318.6812,3242.2089,3242.2182,76.4722999999999,86.47621335478237,3590.5432,3078.0531,0,,,0,8976137.558106821,0.0,0.0,0.0,8976137.558106821,0.0,-0.06184218954701082,897.613755810682,318.9736822118323,
46113,3299.768,3309.6848,3273.4846,3309.0422,3299.768,3309.6848,3273.4846,3309.0422,67.4666000000002,84.66577398766027,3590.5432,3078.0531,0,,,0,8976137.558106821,0.0,0.0,0.0,8976137.558106821,0.0,-0.06184218954701082,897.613755810682,325.54791504419484,
46114,3297.1079,3309.9499,3231.196,3251.0498,3297.1079,3309.9499,3231.196,3251.0498,78.75390000000016,84.10273836978789,3590.5432,3078.0531,0,,,0,8976137.558106821,0.0,0.0,0.0,8976137.558106821,0.0,-0.06184218954701082,897.613755810682,319.84254661208206,
46115,3258.3118,3261.1275,3179.4942,3183.9575,3258.3118,3261.1275,3179.4942,3183.9575,81.63329999999996,83.86755376314142,3590.5432,3078.0531,0,,,0,8976137.558106821,0.0,0.0,0.0,8976137.558106821,0.0,-0.06184218954701082,897.613755810682,313.2419180735522,
46119,3189.5952,3238.4525,3185.6592,3227.6057,3189.5952,3238.4525,3185.6592,3227.6057,54.49499999999989,81.07016769046126,3590.5432,3078.0531,0,,,0,8976137.558106821,0.0,0.0,0.0,8976137.558106821,0.0,-0.06184218954701082,897.613755810682,317.53608528164403,
46120,3288.8648,3369.8474,3288.8648,3369.8474,3288.8648,3369.8474,3288.8648,3369.8474,142.24170000000004,86.89602791041733,3590.5432,3106.1123,0,,,0,8976137.558106821,0.0,0.0,0.0,8976137.558106821,0.0,-0.06184218954701082,897.613755810682,331.53001043235435,
46121,3343.5134,3361.9782,3328.8139,3344.6689,3343.5134,3361.9782,3328.8139,3344.6689,41.033500000000004,82.52816810942521,3590.5432,3179.4942,0,,,0,8976137.558106821,0.0,0.0,0.0,8976137.558106821,0.0,-0.06184218954701082,897.613755810682,329.0529165533642,
46122,3365.4623,3398.7999,3363.4161,3368.1968,3365.4623,3398.7999,3363.4161,3368.1968,54.13099999999986,79.82367590852755,3556.2927,3179.4942,0,,,0,8976137.558106821,0.0,0.0,0.0,8976137.558106821,0.0,-0.06184218954701082,897.613755810682,331.3676222377971,
46125,3350.4497,3378.9603,3348.3247,3378.44,3350.4497,3378.9603,3348.3247,3378.44,30.635600000000068,75.13909725057255,3527.2938,3179.4942,0,,,0,8976137.558106821,0.0,0.0,0.0,8976137.558106821,0.0,-0.06184218954701082,897.613755810682,332.37536169889574,
46126,3401.1848,3421.6055,3381.6953,3421.6042,3401.1848,3421.6055,3381.6953,3421.6042,43.165500000000065,72.09399275051803,3489.5937,3179.4942,0,,,0,8976137.558106821,0.0,0.0,0.0,8976137.558106821,0.0,-0.06184218954701082,897.613755810682,336.6219123516951,
46127,3435.7514,3442.8113,3396.8349,3405.5198,3435.7514,3442.8113,3396.8349,3405.5198,45.97640000000001,69.6066029647544,3489.5937,3179.4942,0,,,0,8976137.558106821,0.0,0.0,0.0,8976137.558106821,0.0,-0.06184218954701082,897.613755810682,335.039507967509,
46128,3409.7888,3471.737,3398.8869,3469.3604,3409.7888,3471.737,3398.8869,3469.3604,72.85010000000011,69.91550744430161,3448.3654,3179.4942,1,3448.3654,3378.7587970352456,2500,353499.875406821,8673401.0,1724.1827,50763.3172999993,9026900.87540682,0.00565536311931325,-0.05653656646567928,902.690087540682,341.3202299918973,BUY
46129,3462.2065,3494.21,3452.4289,3486.9088,3462.2065,3494.21,3452.4289,3486.9088,41.78110000000015,67.23604006865385,3471.737,3179.4942,1,,3378.7587970352456,2500,353499.875406821,8717272.0,0.0,43871.0,9070771.87540682,0.004860028996166665,-0.05195130682187954,907.077187540682,343.0466646177118,
46132,3489.5477,3520.3246,3483.882,3519.78,3489.5477,3520.3246,3483.882,3519.78,36.44259999999986,64.3033314906868,3494.21,3179.4942,1,,3378.7587970352456,2500,353499.875406821,8799450.0,0.0,82178.0,9152949.87540682,0.009059647969188234,-0.043362319404036676,915.2949875406821,346.2805764200457,
46133,3507.5478,3514.3917,3481.418,3513.4243,3507.5478,3514.3917,3481.418,3513.4243,38.36200000000008,61.83272849157378,3520.3246,3185.6592,1,,3378.7587970352456,2500,353499.875406821,8783560.75,0.0,-15889.25,9137060.62540682,-0.0017359703938391036,-0.04502301409518228,913.706062540682,345.65529431163185,
46134,3496.6538,3542.3913,3492.0233,3541.8714,3496.6538,3542.3913,3492.0233,3541.8714,50.36799999999994,60.74084958761437,3520.3246,3288.8648,1,,3378.7587970352456,2500,353499.875406821,8854678.5,0.0,71117.75,9208178.37540682,0.007783438560344802,-0.03759000939884882,920.817837540682,348.4539573489463,
46135,3538.7113,3540.8537,3460.698,3485.3865,3538.7113,3540.8537,3460.698,3485.3865,81.17340000000013,62.68680676974635,3542.3913,3328.8139,1,,3378.7587970352456,2500,353499.875406821,8713466.25,0.0,-141212.25,9066966.12540682,-0.015335525034696262,-0.05234907190335458,906.6966125406819,342.89689874555955,
46136,3466.9065,3481.9159,3431.5592,3458.9175,3466.9065,3481.9159,3431.5592,3458.9175,53.82729999999992,61.84304422024668,3542.3913,3348.3247,1,,3378.7587970352456,2500,353499.875406821,8647293.75,0.0,-66172.5,9000793.62540682,-0.007298196451244743,-0.059265214543808176,900.0793625406819,340.2928437826749,
46139,3450.7593,3495.072,3426.2655,3493.789,3450.7593,3495.072,3426.2655,3493.789,68.80650000000014,62.5062304849851,3542.3913,3348.3247,1,,3378.7587970352456,2500,353499.875406821,8734472.5,0.0,87178.75,9087972.37540682,0.009685673689253216,-0.05015356438374996,908.7972375406821,343.72354772457794,
46140,3480.9288,3482.7708,3439.5871,3453.1333,3480.9288,3482.7708,3439.5871,3453.1333,54.20190000000002,61.71534186736748,3542.3913,3381.6953,1,,3378.7587970352456,2500,353499.875406821,8632833.25,0.0,-101639.25,8986333.12540682,-0.011183930342377413,-0.06077658075563763,898.6333125406821,339.72378659440494,
46141,3430.3893,3505.0898,3430.2924,3494.3908,3430.3893,3505.0898,3430.2924,3494.3908,74.79740000000038,62.96125216571347,3542.3913,3396.8349,1,,3378.7587970352456,2500,353499.875406821,8735977.0,0.0,103143.75,9089476.87540682,0.011477846253928004,-0.049996318751462265,908.9476875406821,343.7827535984933,
46142,3495.8377,3518.6716,3493.8491,3512.5554,3495.8377,3518.6716,3493.8491,3512.5554,24.82250000000022,59.32899005469316,3542.3913,3398.8869,1,,3378.7587970352456,2500,353499.875406821,8781388.5,0.0,45411.5,9134888.37540682,0.004996052096558845,-0.04525005086802181,913.4888375406821,345.5698107891244,
46148,3540.0901,3589.9724,3540.0901,3583.9252,3540.0901,3589.9724,3540.0901,3583.9252,77.41699999999992,61.051657668531895,3542.3913,3426.2655,1,,3378.7587970352456,2500,353499.875406821,8959813.0,0.0,178424.5,9313312.87540682,0.019532203642505186,-0.02660168043390443,931.3312875406821,352.59126539224826,
46149,3593.2716,3653.1161,3587.3988,3653.1161,3593.2716,3653.1161,3587.3988,3653.1161,69.19090000000006,61.8268236048622,3589.9724,3426.2655,1,,3378.7587970352456,2500,353499.875406821,9132790.25,0.0,172977.25,9486290.12540682,0.01857311703301323,-0.008522639524864983,948.629012540682,359.39835695337473,
46150,3636.7594,3693.3422,3630.9799,3689.5483,3636.7594,3693.3422,3630.9799,3689.5483,62.36230000000023,61.87782135678011,3653.1161,3426.2655,1,,3378.7587970352456,2500,353499.875406821,9223870.75,0.0,91080.5,9577370.62540682,0.009601277084712256,0.0,957.737062540682,362.98260460983346,
46153,3716.6162,3734.5482,3695.9718,3731.607,3716.6162,3734.5482,3695.9718,3731.607,44.99990000000025,60.27040027518203,3693.3422,3426.2655,1,,3378.7587970352456,2500,353499.875406821,9329017.5,0.0,105146.75,9682517.37540682,0.010978665660183129,0.0,968.2517375406821,367.1203947215671,
46154,3733.248,3733.248,3671.3897,3698.8677,3733.248,3733.248,3671.3897,3698.8677,61.85829999999987,60.42162882040277,3734.5482,3426.2655,1,,3378.7587970352456,2500,353499.875406821,9247169.25,0.0,-81848.25,9600669.12540682,-0.008453199392948307,-0.008453199392948307,960.0669125406821,363.89945941436355,
46155,3682.3414,3753.8331,3679.5614,3753.2471,3682.3414,3753.8331,3679.5614,3753.2471,74.27169999999978,61.74068321845964,3734.5482,3426.2655,1,,3378.7587970352456,2500,353499.875406821,9383117.75,0.0,135948.5,9736617.62540682,0.014160315101395593,0.0,973.661762540682,369.2493761640969,
46156,3766.3001,3768.0829,3679.3023,3679.3023,3766.3001,3768.0829,3679.3023,3679.3023,88.78060000000005,64.31591338813016,3753.8331,3426.2655,1,,3378.7587970352456,2500,353499.875406821,9198255.75,0.0,-184862.0,9551755.62540682,-0.0189862647494361,-0.0189862647494361,955.175562540682,361.97458968105957,
46157,3680.3399,3720.2242,3634.4992,3663.8329,3680.3399,3720.2242,3634.4992,3663.8329,85.72499999999991,66.35487401783205,3768.0829,3430.2924,1,,3378.7587970352456,2500,353499.875406821,9159582.25,0.0,-38673.5,9513082.12540682,-0.00404883683342272,-0.022958229294812282,951.308212540682,360.45268980411487,
46160,3649.401,3688.4651,3630.3867,3674.7006,3649.401,3688.4651,3630.3867,3674.7006,58.078399999999874,65.56663839708612,3768.0829,3430.2924,1,,3378.7587970352456,2500,353499.875406821,9186751.5,0.0,27169.25,9540251.37540682,0.0028559881689067534,-0.020167809557150584,954.025137540682,361.52186839492464,
46161,3667.9238,3714.6643,3643.5724,3714.6643,3667.9238,3714.6643,3643.5724,3714.6643,71.0918999999999,66.09285378783981,3768.0829,3493.8491,1,,3378.7587970352456,2500,353499.875406821,9286660.75,0.0,99909.25,9640160.62540682,0.010472391771305878,-0.009906622988696268,964.0160625406819,365.4535496567869,
46162,3697.3226,3704.1392,3664.631,3700.6371,3697.3226,3704.1392,3664.631,3700.6371,50.033300000000054,64.56337247471222,3768.0829,3540.0901,1,,3378.7587970352456,2500,353499.875406821,9251592.75,0.0,-35068.0,9605092.62540682,-0.0036376987233571745,-0.0135082844022546,960.509262540682,364.0735353088563,
46163,3712.9904,3734.2271,3563.8679,3570.5252,3712.9904,3734.2271,3563.8679,3570.5252,170.35919999999987,74.63916557235866,3768.0829,3587.3988,0,3587.3988,,0,9315718.927506821,0.0,6277.9479,-289373.6978999991,9315718.927506821,-0.030127111646436888,-0.04322843045635294,931.5718927506822,351.27295580357264,SELL
46164,3595.0746,3672.4874,3575.1588,3664.5212,3595.0746,3672.4874,3575.1588,3664.5212,101.96219999999994,77.24135932737211,3768.0829,3563.8679,0,,,0,9315718.927506821,0.0,0.0,0.0,9315718.927506821,0.0,-0.04322843045635294,931.5718927506822,360.5204056615691,
46167,3683.7782,3694.5521,3634.5465,3674.8203,3683.7782,3694.5521,3634.5465,3674.8203,60.00559999999996,75.59985843905095,3768.0829,3563.8679,0,,,0,9315718.927506821,0.0,0.0,0.0,9315718.927506821,0.0,-0.04322843045635294,931.5718927506822,361.5336446380414,
46168,3654.5968,3654.5968,3558.7285,3609.1698,3654.5968,3654.5968,3558.7285,3609.1698,116.0917999999997,79.45623382580797,3768.0829,3563.8679,0,,,0,9315718.927506821,0.0,0.0,0.0,9315718.927506821,0.0,-0.04322843045635294,931.5718927506822,355.0748622760005,
46169,3602.5287,3615.0443,3509.6213,3534.2034,3602.5287,3615.0443,3509.6213,3534.2034,105.42300000000023,81.92925917573103,3768.0829,3558.7285,0,,,0,9315718.927506821,0.0,0.0,0.0,9315718.927506821,0.0,-0.04322843045635294,931.5718927506822,347.69956944402355,
46170,3523.2241,3600.0374,3515.5846,3589.6986,3523.2241,3600.0374,3515.5846,3589.6986,84.45280000000002,82.16959639708998,3768.0829,3509.6213,0,,,0,9315718.927506821,0.0,0.0,0.0,9315718.927506821,0.0,-0.04322843045635294,931.5718927506822,353.1592600623423,
46171,3598.2801,3603.2863,3452.7536,3470.6919,3598.2801,3603.2863,3452.7536,3470.6919,150.5327000000002,88.68036816879571,3768.0829,3509.6213,0,,,0,9315718.927506821,0.0,0.0,0.0,9315718.927506821,0.0,-0.04322843045635294,931.5718927506822,341.45122470960786,
46174,3461.4289,3523.3102,3454.8225,3468.8676,3461.4289,3523.3102,3454.8225,3468.8676,68.48769999999968,86.75725691462466,3768.0829,3452.7536,0,,,0,9315718.927506821,0.0,0.0,0.0,9315718.927506821,0.0,-0.04322843045635294,931.5718927506822,341.2717476810541,
46175,3467.3825,3476.2402,3379.3727,3460.3172,3467.3825,3476.2402,3379.3727,3460.3172,96.86750000000029,87.72013720846996,3768.0829,3452.7536,0,,,0,9315718.927506821,0.0,0.0,0.0,9315718.927506821,0.0,-0.04322843045635294,931.5718927506822,340.43054810590394,
46176,3457.193,3500.9899,3428.1409,3467.0201,3457.193,3500.9899,3428.1409,3467.0201,72.84900000000016,86.30383842671094,3768.0829,3379.3727,0,,,0,9315718.927506821,0.0,0.0,0.0,9315718.927506821,0.0,-0.04322843045635294,931.5718927506822,341.08998820604825,
46177,3435.6415,3468.8502,3430.9792,3462.2428,3435.6415,3468.8502,3430.9792,3462.2428,37.87099999999964,81.69118714797652,3768.0829,3379.3727,0,,,0,9315718.927506821,0.0,0.0,0.0,9315718.927506821,0.0,-0.04322843045635294,931.5718927506822,340.61999116142283,
46178,3454.0529,3517.6702,3413.8972,3466.5158,3454.0529,3517.6702,3413.8972,3466.5158,103.77300000000014,83.79421694340735,3768.0829,3379.3727,0,,,0,9315718.927506821,0.0,0.0,0.0,9315718.927506821,0.0,-0.04322843045635294,931.5718927506822,341.04037451011027,
46181,3350.601,3446.9247,3313.1396,3354.7062,3350.601,3446.9247,3313.1396,3354.7062,153.37620000000015,90.42107247260665,3768.0829,3379.3727,0,,,0,9315718.927506821,0.0,0.0,0.0,9315718.927506821,0.0,-0.04322843045635294,931.5718927506822,330.040399302201,
46182,3397.2962,3429.466,3350.1692,3429.466,3397.2962,3429.466,3350.1692,3429.466,79.29680000000008,89.36161795140603,3768.0829,3313.1396,0,,,0,9315718.927506821,0.0,0.0,0.0,9315718.927506821,0.0,-0.04322843045635294,931.5718927506822,337.39536655499734,
46183,3395.2187,3414.1954,3326.3957,3368.0292,3395.2187,3414.1954,3326.3957,3368.0292,103.07029999999986,90.66720671793877,3768.0829,3313.1396,0,,,0,9315718.927506821,0.0,0.0,0.0,9315718.927506821,0.0,-0.04322843045635294,931.5718927506822,331.3511335298073,
46184,3343.2002,3369.4725,3313.7852,3346.8774,3343.2002,3369.4725,3313.7852,3346.8774,55.68730000000005,87.33578703051603,3768.0829,3313.1396,0,,,0,9315718.927506821,0.0,0.0,0.0,9315718.927506821,0.0,-0.04322843045635294,931.5718927506822,329.2701916822142,
46185,3394.0889,3419.9669,3346.7012,3363.5154,3394.0889,3419.9669,3346.7012,3363.5154,73.26569999999992,85.99577874189545,3734.2271,3313.1396,0,,,0,9315718.927506821,0.0,0.0,0.0,9315718.927506821,0.0,-0.04322843045635294,931.5718927506822,330.9070599610489,
46188,3387.6042,3480.167,3387.6042,3480.167,3387.6042,3480.167,3387.6042,3480.167,116.65159999999969,88.91538076647682,3734.2271,3313.1396,0,,,0,9315718.927506821,0.0,0.0,0.0,9315718.927506821,0.0,-0.04322843045635294,931.5718927506822,342.38339748450784,
46189,3482.2114,3545.5448,3466.8221,3537.9445,3482.2114,3545.5448,3466.8221,3537.9445,78.72270000000026,87.94464926490762,3734.2271,3313.1396,0,,,0,9315718.927506821,0.0,0.0,0.0,9315718.927506821,0.0,-0.04322843045635294,931.5718927506822,348.0676237725456,
46190,3516.6065,3556.4609,3514.7629,3547.9501,3516.6065,3556.4609,3514.7629,3547.9501,41.697999999999865,83.54020647777355,3734.2271,3313.1396,0,,,0,9315718.927506821,0.0,0.0,0.0,9315718.927506821,0.0,-0.04322843045635294,931.5718927506822,349.05198783377335,
46191,3534.8231,3577.8072,3519.3568,3561.7105,3534.8231,3577.8072,3519.3568,3561.7105,58.45040000000017,81.15070109893799,3734.2271,3313.1396,0,,,0,9315718.927506821,0.0,0.0,0.0,9315718.927506821,0.0,-0.04322843045635294,931.5718927506822,350.4057540475056,
